Timestamp,consent,age_group,gender,education_level,primary_device,shopping_motivation,decision_speed,price_sensitivity,review_importance,brand_loyalty,social_proof_influence,primary_persona,check1,trait_introversion,trait_trust,trait_low_conscientiousness,trait_emotional_stability,check2,trait_low_openness,trait_extraversion,trait_agreeableness_reverse,trait_conscientiousness,trait_neuroticism,trait_openness,current_mood,font_style_pref,font_size_pref,color_theme_pref,accent_color_pref,background_pref,whitespace_pref,button_style_pref,hero_banner_size,recommendation_type,social_proof_display,urgency_pref,check3,checkout_style,form_field_style,product_desc_length,check4,desktop_grid_pref,desktop_info_density,desktop_image_text_ratio,desktop_whitespace,desktop_navigation,desktop_search_visibility,desktop_category_display,check5,desktop_product_card,desktop_price_display,desktop_filter_location,desktop_persistent_filters,desktop_quick_view,desktop_review_display,mobile_grid_pref,mobile_info_density,mobile_image_text_ratio,mobile_whitespace,mobile_navigation,mobile_search_visibility,mobile_category_display,mobile_product_card,mobile_price_display,mobile_filter_location,mobile_quick_view,mobile_review_display,mobile_sticky_header,mobile_touch_size,expects_device_adaptation,adaptation_comfort,delight_factors,frustration_points
20/01/2026 17:24:30,Yes,18-24,Male,Graduate,Smartphone,Research (I like exploring products and learning about them),Quick (5-15 minutes - I know what I want),Moderately important (I balance price and quality),Sometimes read reviews (For certain product types),Balanced (I mix familiar and new brands),Moderate influence (They help me decide),"The Impulsive Buyer (I make quick decisions based on intuition and emotion. If I like it, I buy it)",3,3,3,3,3,3,3,3,3,3,3,3,Neutral,2. Classic Serif (Traditional fonts with decorative strokes like Times New Roman),"2. Medium (14-16px - Standard size, balanced)","Warm Earthy (Browns, beiges, warm oranges - natural and cozy)","Green (Natural, positive, go-ahead)","Pure White (Clean, bright, maximum contrast)",Balanced (Moderate spacing - comfortable middle ground),"Pill-shaped (Fully rounded ends, very smooth)",Medium Split (Takes up half the screen),Trending (What's popular right now),"Bestseller Badges (""Most Popular"" or ""Bestseller"" tags)","Countdown Timers (Show ""Sale ends in 2 hours"")",Rounded Corners,Progress Bar (Multi step with visual progress indicator),Underlined (Line underneath only),Moderate (Key details with option to expand),3,"4 Columns (Compact view, many items visible at once)","Moderate (Balanced - some details visible, click for more)","Balanced (50% images, 50% text - equal emphasis)",Balanced,Mega Menu (Dropdown with images and subcategories),Collapsible (Search bar that expands when clicked),Visual Grid (Category tiles with images),3,"Info Rich (Lots of details, ratings, specs visible)",With Comparison (Shows similar products' prices),Top Bar (Filters displayed across the top),No (Prefer filters in a different location),Sidebar Slide (Details slide in from the right),Recent 3- 5 (Show a few recent reviews),Compact stacked cards (more products per screen),"Moderate (Balanced - some details visible, click for more)","Balanced (50% images, 50% text - equal emphasis)",Balanced,Bottom Nav (Navigation bar at the bottom - mobile style),"Always Visible Top (Large, prominent search bar always shown)",Mega Menu with Images (Large dropdown with category images and subcategories),"Info Rich (Lots of details, ratings, specs visible)",Strike-through Original (Shows original price crossed out with sale price),Drawer Overlay (Slides in from the side when clicked),Slide-Up Panel (Preview product details in a slide-up panel without leaving the product lis),Collapsible Sections (Reviews can be expanded or collapsed within the product details),No (Header scrolls away with content),"Large (Easier to tap, less content visible)",Somewhat Different (Adapted but recognizable),3,nan,nan
20/01/2026 17:27:08,Yes,25-34,Female,Graduate,Smartphone,Deal-hunting (I look for sales and discounts),Moderate (15-30 minutes - I compare a few options),Moderately important (I balance price and quality),Often read reviews (For most purchases),Balanced (I mix familiar and new brands),Strong influence (They significantly affect my choices),The Loyal Customer (I stick with brands and stores I trust. I value consistency and reliability),3,3,5,3,3,3,5,4,2,4,2,4,Happy,"3. Rounded Friendly (Soft, approachable fonts with rounded edges)",4. Extra Large (18+px - Maximum readability),"Minimalist Black & White (Clean, high contrast, professional)","Green (Natural, positive, go-ahead)","Light Gray (Soft, reduces eye strain)",Balanced (Moderate spacing - comfortable middle ground),"Rounded Corners (Soft, modern rounded edges)",Medium Split (Takes up half the screen),Category based (Similar items from the same category),Customer Reviews (Written reviews with ratings),"Countdown Timers (Show ""Sale ends in 2 hours"")",Rounded Corners,Progress Bar (Multi step with visual progress indicator),"Filled Background (Shaded background, no border)",Expandable Sections (Organized into collapsible sections),3,"2 Columns (Large product images, fewer items per row)","Detailed (All information visible - specs, reviews, descriptions)","Balanced (50% images, 50% text - equal emphasis)",Spacious (clean and uncluttered),Top Bar (Categories always visible across the top),"Always Visible Top (Large, prominent search bar always shown)",Visual Grid (Category tiles with images),3,"Info Rich (Lots of details, ratings, specs visible)",With Savings Highlighted (Shows discount amount prominently),Sidebar Left (Permanent filter panel on the left side),Yes (Always visible sidebar with filters),Sidebar Slide (Details slide in from the right),Recent 3- 5 (Show a few recent reviews),Single-column large cards (easy to scroll and tap),"Detailed (All information visible - specs, reviews, descriptions)","Balanced (50% images, 50% text - equal emphasis)",Balanced,Bottom Nav (Navigation bar at the bottom - mobile style),"Always Visible Top (Large, prominent search bar always shown)",Visual Grid (Category tiles with images),"Minimal Clean (Simple image, name, price - no clutter)",Strike-through Original (Shows original price crossed out with sale price),Drawer Overlay (Slides in from the side when clicked),Slide-Up Panel (Preview product details in a slide-up panel without leaving the product lis),Collapsible Sections (Reviews can be expanded or collapsed within the product details),Yes (Header stays at top while scrolling),"Standard (Normal size, more content visible)",Somewhat Different (Adapted but recognizable),5,the website or the application should be user-friendly,when the description or the photo of the product is unclear
20/01/2026 17:38:38,Yes,18-24,Male,Graduate,Smartphone,Entertainment (I browse for fun and enjoyment),Impulsive (Less than 5 minutes - I decide quickly),Somewhat unimportant (Price matters but isn't a dealbreaker),Sometimes read reviews (For certain product types),Often try new brands (I'm open to switching),Slight influence (I notice but don't rely on them),"The Minimalist (I want simple, efficient shopping. Show me what I need with minimal fuss)",3,3,4,2,2,3,3,5,4,2,3,3,Happy,"3. Rounded Friendly (Soft, approachable fonts with rounded edges)","1. Small (12-14px - Compact, more content visible)","Minimalist Black & White (Clean, high contrast, professional)","Blue (Trustworthy, professional, calm)","Cream/Off-white (Warm, comfortable, paper-like)",Compact (Minimal spacing - more content visible at once),"Sharp Square (Clean, professional 90-degree corners)",Medium Split (Takes up half the screen),Category based (Similar items from the same category),Ratings Only (Star ratings without detailed reviews),Both (Show both stock and time based urgency),Rounded Corners,Progress Bar (Multi step with visual progress indicator),Outlined (Border around the field),Brief Summary (Just the essential information),3,"2 Columns (Large product images, fewer items per row)","Minimal (Only key information - product name, price, image)","Image-focused (80% images, 20% text - highly visual)",Spacious (clean and uncluttered),Top Bar (Categories always visible across the top),Collapsible (Search bar that expands when clicked),Dropdown Menu (Text-based dropdown list),3,"Minimal Clean (Simple image, name, price - no clutter)",With Comparison (Shows similar products' prices),Top Bar (Filters displayed across the top),Yes (Always visible sidebar with filters),Modal Popup (Product details appear in a centered overlay),Summary Only (Average rating and total count),Compact stacked cards (more products per screen),"Moderate (Balanced - some details visible, click for more)","Balanced (50% images, 50% text - equal emphasis)",Balanced,Full-screen category menu,"Icon Only (Magnifying glass icon, opens search when clicked)",Visual Grid (Category tiles with images),"Minimal Clean (Simple image, name, price - no clutter)",Simple Display (Price is visible but not emphasized),Drawer Overlay (Slides in from the side when clicked),Slide-Up Panel (Preview product details in a slide-up panel without leaving the product lis),Summary Only (Average rating and total count),Yes (Header stays at top while scrolling),"Large (Easier to tap, less content visible)",Somewhat Different (Adapted but recognizable),4,It allows me to buy items new to me and it saves a lot of time.,Lack of stock or high prices for low quality
20/01/2026 17:41:19,Yes,25-34,Female,Postgraduate,Smartphone,Need-based (I shop when I need something specific),Research-heavy (30+ minutes - I thoroughly research before buying),Moderately important (I balance price and quality),Often read reviews (For most purchases),Prefer familiar brands (I stick with what works),Strong influence (They significantly affect my choices),"The Researcher (I thoroughly research products, read reviews, compare options, and take my time making informed decisions)",3,5,5,2,3,3,3,4,1,4,1,2,Bored,"3. Rounded Friendly (Soft, approachable fonts with rounded edges)",4. Extra Large (18+px - Maximum readability),"Vibrant Bold (Bright, energetic colors - exciting and dynamic)","Blue (Trustworthy, professional, calm)","Cream/Off-white (Warm, comfortable, paper-like)",Balanced (Moderate spacing - comfortable middle ground),"Rounded Corners (Soft, modern rounded edges)",Large Full screen (Takes up entire first screen),Category based (Similar items from the same category),Customer Reviews (Written reviews with ratings),"Countdown Timers (Show ""Sale ends in 2 hours"")",Rounded Corners,One Page (All checkout steps on a single scrolling page),"Minimal (Very subtle, clean design)",Moderate (Key details with option to expand),3,"4 Columns (Compact view, many items visible at once)","Moderate (Balanced - some details visible, click for more)","Image-focused (80% images, 20% text - highly visual)",Balanced,Mega Menu (Dropdown with images and subcategories),"Always Visible Top (Large, prominent search bar always shown)",Visual Grid (Category tiles with images),3,"Info Rich (Lots of details, ratings, specs visible)",Bold Large (Price is the most prominent element),Sidebar Left (Permanent filter panel on the left side),Yes (Always visible sidebar with filters),Sidebar Slide (Details slide in from the right),Recent 3- 5 (Show a few recent reviews),Compact stacked cards (more products per screen),"Moderate (Balanced - some details visible, click for more)","Balanced (50% images, 50% text - equal emphasis)",Compact (more content visible),Full-screen category menu,Collapsible (Search bar that expands when clicked),Visual Grid (Category tiles with images),"Info Rich (Lots of details, ratings, specs visible)",Simple Display (Price is visible but not emphasized),Drawer Overlay (Slides in from the side when clicked),No Quick View (I prefer to go to the full product page),Collapsible Sections (Reviews can be expanded or collapsed within the product details),Yes (Header stays at top while scrolling),"Large (Easier to tap, less content visible)","Yes, Very Different (Completely different design for each device)",5,Search bar - filters - colors of the pages,If I can’t sea the prices clearly or no filters or check out takes alot of steps
20/01/2026 17:46:10,Yes,25-34,Female,Graduate,Smartphone,Research (I like exploring products and learning about them),Moderate (15-30 minutes - I compare a few options),Somewhat unimportant (Price matters but isn't a dealbreaker),Always read reviews (I won't buy without checking reviews),Balanced (I mix familiar and new brands),No influence (I ignore these indicators),"The Impulsive Buyer (I make quick decisions based on intuition and emotion. If I like it, I buy it)",3,3,5,4,5,3,3,5,1,3,1,5,Neutral,"4. Bold Impact (Strong, attention-grabbing fonts)","1. Small (12-14px - Compact, more content visible)","Minimalist Black & White (Clean, high contrast, professional)","Red (Bold, urgent, attention-grabbing)","Pure White (Clean, bright, maximum contrast)",Balanced (Moderate spacing - comfortable middle ground),"Rounded Corners (Soft, modern rounded edges)",Small Strip (Thin banner across the top),Trending (What's popular right now),User Photos (Photos uploaded by customers),"Countdown Timers (Show ""Sale ends in 2 hours"")",Rounded Corners,Express Checkout (One click purchase with saved info),"Filled Background (Shaded background, no border)",Expandable Sections (Organized into collapsible sections),3,List View (One product per row with details on the side),"Detailed (All information visible - specs, reviews, descriptions)","Balanced (50% images, 50% text - equal emphasis)",Balanced,Sidebar (Permanent navigation panel on the left),"Icon Only (Magnifying glass icon, opens search when clicked)",Text List (Simple text links),3,"Badge Heavy (Shows bestseller, new, sale badges prominently)",Strike-through Original (Shows original price crossed out with sale price),Modal (Pops up in the center when clicked),Yes (Always visible sidebar with filters),Sidebar Slide (Details slide in from the right),Recent 3- 5 (Show a few recent reviews),Compact stacked cards (more products per screen),"Moderate (Balanced - some details visible, click for more)","Balanced (50% images, 50% text - equal emphasis)",Balanced,Full-screen category menu,"Icon Only (Magnifying glass icon, opens search when clicked)",Dropdown Menu (Text-based dropdown list),"Badge Heavy (Shows bestseller, new, sale badges prominently)",Strike-through Original (Shows original price crossed out with sale price),Full-Screen Overlay (Displayed across screen),Slide-Up Panel (Preview product details in a slide-up panel without leaving the product lis),Summary Only (Average rating and total count),Yes (Header stays at top while scrolling),"Large (Easier to tap, less content visible)","Yes, Very Different (Completely different design for each device)",5,Very easy,Complicated websites
20/01/2026 17:54:33,Yes,25-34,Female,Postgraduate,Smartphone,Research (I like exploring products and learning about them),Impulsive (Less than 5 minutes - I decide quickly),Somewhat unimportant (Price matters but isn't a dealbreaker),Often read reviews (For most purchases),Balanced (I mix familiar and new brands),Strong influence (They significantly affect my choices),"The Impulsive Buyer (I make quick decisions based on intuition and emotion. If I like it, I buy it)",3,5,5,3,1,3,5,5,1,4,4,5,Excited,"3. Rounded Friendly (Soft, approachable fonts with rounded edges)","2. Medium (14-16px - Standard size, balanced)","Warm Earthy (Browns, beiges, warm oranges - natural and cozy)","Pink (Playful, modern, soft)","Light Gray (Soft, reduces eye strain)",Balanced (Moderate spacing - comfortable middle ground),"Pill-shaped (Fully rounded ends, very smooth)",Medium Split (Takes up half the screen),Deals (Products on sale or special offers),User Photos (Photos uploaded by customers),Both (Show both stock and time based urgency),Rounded Corners,Progress Bar (Multi step with visual progress indicator),"Filled Background (Shaded background, no border)",Detailed Full (All specifications and information visible),3,"2 Columns (Large product images, fewer items per row)","Minimal (Only key information - product name, price, image)","Balanced (50% images, 50% text - equal emphasis)",Compact (more content visible),Sidebar (Permanent navigation panel on the left),"Always Visible Top (Large, prominent search bar always shown)",Visual Grid (Category tiles with images),3,"Minimal Clean (Simple image, name, price - no clutter)",Bold Large (Price is the most prominent element),Top Bar (Filters displayed across the top),Yes (Always visible sidebar with filters),New Tab (Opens product in a new browser tab),All Paginated (Show all reviews with pagination),Single-column large cards (easy to scroll and tap),"Moderate (Balanced - some details visible, click for more)","Balanced (50% images, 50% text - equal emphasis)",Spacious (clean and uncluttered),Swipe-based navigation,Collapsible (Search bar that expands when clicked),Mega Menu with Images (Large dropdown with category images and subcategories),"Minimal Clean (Simple image, name, price - no clutter)",Simple Display (Price is visible but not emphasized),Drawer Overlay (Slides in from the side when clicked),Direct navigation (Each product card includes a button that takes you directly to the product page when tapped),Ratings Bar Only (Visual breakdown of star ratings),Yes (Header stays at top while scrolling),"Large (Easier to tap, less content visible)","Yes, Very Different (Completely different design for each device)",5,"A great online shopping experience for me includes a clean, easy-to-use website, detailed product images, and honest reviews. Fast checkout, multiple payment options, and clear delivery timelines make me want to return to the website.","My main frustration is hidden costs like high shipping fees that appear at the last step of checkout. Slow websites, complicated checkout processes, or unclear return policies also make me abandon the purchase and switch to another site."
20/01/2026 17:58:02,Yes,18-24,Female,Undergraduate,Smartphone,Need-based (I shop when I need something specific),Research-heavy (30+ minutes - I thoroughly research before buying),Somewhat unimportant (Price matters but isn't a dealbreaker),Sometimes read reviews (For certain product types),Balanced (I mix familiar and new brands),Moderate influence (They help me decide),"The Browser (I enjoy browsing and discovering products, often without immediate purchase intent)",3,4,5,3,2,3,3,3,2,3,3,2,Neutral,"4. Bold Impact (Strong, attention-grabbing fonts)","3. Large (16-18px - Easy to read, comfortable)","Minimalist Black & White (Clean, high contrast, professional)","Blue (Trustworthy, professional, calm)","Cream/Off-white (Warm, comfortable, paper-like)","Spacious (Lots of spacing - clean, uncluttered, breathing room)","Rounded Corners (Soft, modern rounded edges)",Medium Split (Takes up half the screen),New Arrivals (Latest products added),Customer Reviews (Written reviews with ratings),Only on Request (Show only if I ask),Rounded Corners,"Multi step (Separate pages for shipping, payment, review)","Filled Background (Shaded background, no border)",Detailed Full (All specifications and information visible),3,"2 Columns (Large product images, fewer items per row)","Moderate (Balanced - some details visible, click for more)","Image-focused (80% images, 20% text - highly visual)",Spacious (clean and uncluttered),Mega Menu (Dropdown with images and subcategories),Collapsible (Search bar that expands when clicked),Visual Grid (Category tiles with images),3,"Badge Heavy (Shows bestseller, new, sale badges prominently)",Strike-through Original (Shows original price crossed out with sale price),Sidebar Left (Permanent filter panel on the left side),Yes (Always visible sidebar with filters),Modal Popup (Product details appear in a centered overlay),All Paginated (Show all reviews with pagination),Compact stacked cards (more products per screen),"Detailed (All information visible - specs, reviews, descriptions)","Balanced (50% images, 50% text - equal emphasis)",Balanced,Full-screen category menu,Collapsible (Search bar that expands when clicked),Visual Grid (Category tiles with images),"Minimal Clean (Simple image, name, price - no clutter)",Strike-through Original (Shows original price crossed out with sale price),Bottom Sheet (Slides up from bottom mobile style),Slide-Up Panel (Preview product details in a slide-up panel without leaving the product lis),Collapsible Sections (Reviews can be expanded or collapsed within the product details),Yes (Header stays at top while scrolling),"Large (Easier to tap, less content visible)",Somewhat Different (Adapted but recognizable),3,nan,nan
20/01/2026 18:09:34,Yes,18-24,Male,Undergraduate,Smartphone,Need-based (I shop when I need something specific),Moderate (15-30 minutes - I compare a few options),Important (Price is a major factor in my decisions),Sometimes read reviews (For certain product types),Prefer familiar brands (I stick with what works),Moderate influence (They help me decide),"The Impulsive Buyer (I make quick decisions based on intuition and emotion. If I like it, I buy it)",3,3,2,4,5,3,3,3,2,4,1,4,Neutral,"3. Rounded Friendly (Soft, approachable fonts with rounded edges)",4. Extra Large (18+px - Maximum readability),"Minimalist Black & White (Clean, high contrast, professional)","Blue (Trustworthy, professional, calm)","Pure White (Clean, bright, maximum contrast)",Balanced (Moderate spacing - comfortable middle ground),"Rounded Corners (Soft, modern rounded edges)",Large Full screen (Takes up entire first screen),Deals (Products on sale or special offers),User Photos (Photos uploaded by customers),Both (Show both stock and time based urgency),Rounded Corners,One Page (All checkout steps on a single scrolling page),Outlined (Border around the field),Detailed Full (All specifications and information visible),3,"4 Columns (Compact view, many items visible at once)","Minimal (Only key information - product name, price, image)","Image-focused (80% images, 20% text - highly visual)",Spacious (clean and uncluttered),Top Bar (Categories always visible across the top),"Icon Only (Magnifying glass icon, opens search when clicked)",Visual Grid (Category tiles with images),3,Card with Shadow (Raised card effect with drop shadow),Bold Large (Price is the most prominent element),Top Bar (Filters displayed across the top),Yes (Always visible sidebar with filters),Modal Popup (Product details appear in a centered overlay),All Paginated (Show all reviews with pagination),List view with expandable details,"Detailed (All information visible - specs, reviews, descriptions)","Image-focused (80% images, 20% text - highly visual)",Spacious (clean and uncluttered),Full-screen category menu,"Always Visible Top (Large, prominent search bar always shown)",Visual Grid (Category tiles with images),"Image Heavy (Large, prominent product photos)",Bold Large (Price is the most prominent element),Full-Screen Overlay (Displayed across screen),Direct navigation (Each product card includes a button that takes you directly to the product page when tapped),Collapsible Sections (Reviews can be expanded or collapsed within the product details),Yes (Header stays at top while scrolling),"Large (Easier to tap, less content visible)",Somewhat Different (Adapted but recognizable),5,"I like the features to be modern and smart, also the design must be simple to make the user feel comfortable.",Unorganized dashboard
20/01/2026 18:17:25,Yes,18-24,Female,Graduate,Smartphone,Entertainment (I browse for fun and enjoyment),Moderate (15-30 minutes - I compare a few options),Moderately important (I balance price and quality),Often read reviews (For most purchases),Always try new brands (I love discovering new products),Slight influence (I notice but don't rely on them),"The Minimalist (I want simple, efficient shopping. Show me what I need with minimal fuss)",3,5,4,5,1,3,1,4,4,5,5,5,Stressed,2. Classic Serif (Traditional fonts with decorative strokes like Times New Roman),4. Extra Large (18+px - Maximum readability),"Warm Earthy (Browns, beiges, warm oranges - natural and cozy)","Orange (Energetic, friendly, warm)","Cream/Off-white (Warm, comfortable, paper-like)",Balanced (Moderate spacing - comfortable middle ground),"Pill-shaped (Fully rounded ends, very smooth)",Small Strip (Thin banner across the top),Deals (Products on sale or special offers),Ratings Only (Star ratings without detailed reviews),"Stock Numbers (Show ""Only 3 left in stock"")",Rounded Corners,Progress Bar (Multi step with visual progress indicator),"Filled Background (Shaded background, no border)",Moderate (Key details with option to expand),3,"4 Columns (Compact view, many items visible at once)","Moderate (Balanced - some details visible, click for more)","Image-focused (80% images, 20% text - highly visual)",Balanced,Combination of top bar and dropdowns,"Always Visible Top (Large, prominent search bar always shown)",Visual Grid (Category tiles with images),3,"Badge Heavy (Shows bestseller, new, sale badges prominently)",With Savings Highlighted (Shows discount amount prominently),Modal (Pops up in the center when clicked),No (Prefer filters in a different location),Modal Popup (Product details appear in a centered overlay),All Paginated (Show all reviews with pagination),List view with expandable details,"Detailed (All information visible - specs, reviews, descriptions)","Balanced (50% images, 50% text - equal emphasis)",Balanced,Hamburger Menu (Three-line icon that opens a side menu),"Always Visible Top (Large, prominent search bar always shown)",Visual Grid (Category tiles with images),"Badge Heavy (Shows bestseller, new, sale badges prominently)",Strike-through Original (Shows original price crossed out with sale price),Drawer Overlay (Slides in from the side when clicked),Direct navigation (Each product card includes a button that takes you directly to the product page when tapped),Collapsible Sections (Reviews can be expanded or collapsed within the product details),No (Header scrolls away with content),"Standard (Normal size, more content visible)",Similar (Mostly the same with minor adjustments),5,"Animation, having dark mode option, clickabilty and easy navigation.","Glitches, too many steps, when it's harder to go back and forth while navigating the website."
20/01/2026 18:25:57,Yes,18-24,Male,Graduate,Smartphone,Need-based (I shop when I need something specific),Research-heavy (30+ minutes - I thoroughly research before buying),Moderately important (I balance price and quality),Often read reviews (For most purchases),Prefer familiar brands (I stick with what works),Strong influence (They significantly affect my choices),"The Browser (I enjoy browsing and discovering products, often without immediate purchase intent)",3,3,4,2,4,3,3,4,2,4,5,5,Happy,"1. Modern Sans-serif (Clean, contemporary fonts like Arial or Helvetica)","1. Small (12-14px - Compact, more content visible)","Minimalist Black & White (Clean, high contrast, professional)","Blue (Trustworthy, professional, calm)","Pure White (Clean, bright, maximum contrast)",Compact (Minimal spacing - more content visible at once),"Rounded Corners (Soft, modern rounded edges)",Medium Split (Takes up half the screen),Trending (What's popular right now),User Photos (Photos uploaded by customers),"Stock Numbers (Show ""Only 3 left in stock"")",Rounded Corners,Progress Bar (Multi step with visual progress indicator),"Minimal (Very subtle, clean design)",Expandable Sections (Organized into collapsible sections),3,"2 Columns (Large product images, fewer items per row)","Minimal (Only key information - product name, price, image)","Image-focused (80% images, 20% text - highly visual)",Spacious (clean and uncluttered),Combination of top bar and dropdowns,Collapsible (Search bar that expands when clicked),Dropdown Menu (Text-based dropdown list),3,"Badge Heavy (Shows bestseller, new, sale badges prominently)",Bold Large (Price is the most prominent element),Top Bar (Filters displayed across the top),No (Prefer filters in a different location),Sidebar Slide (Details slide in from the right),All Paginated (Show all reviews with pagination),Compact stacked cards (more products per screen),"Moderate (Balanced - some details visible, click for more)","Balanced (50% images, 50% text - equal emphasis)",Balanced,Bottom Nav (Navigation bar at the bottom - mobile style),Collapsible (Search bar that expands when clicked),Dropdown Menu (Text-based dropdown list),"Badge Heavy (Shows bestseller, new, sale badges prominently)",Bold Large (Price is the most prominent element),Bottom Sheet (Slides up from bottom mobile style),Slide-Up Panel (Preview product details in a slide-up panel without leaving the product lis),Collapsible Sections (Reviews can be expanded or collapsed within the product details),Yes (Header stays at top while scrolling),"Standard (Normal size, more content visible)","Yes, Very Different (Completely different design for each device)",5,nan,nan
20/01/2026 18:29:42,Yes,18-24,Female,Graduate,Laptop/Desktop,Entertainment (I browse for fun and enjoyment),Research-heavy (30+ minutes - I thoroughly research before buying),Very important (I always look for the best price),Sometimes read reviews (For certain product types),Balanced (I mix familiar and new brands),Slight influence (I notice but don't rely on them),"The Researcher (I thoroughly research products, read reviews, compare options, and take my time making informed decisions)",3,3,3,3,1,3,1,5,5,3,5,5,Neutral,2. Classic Serif (Traditional fonts with decorative strokes like Times New Roman),4. Extra Large (18+px - Maximum readability),"Vibrant Bold (Bright, energetic colors - exciting and dynamic)","Blue (Trustworthy, professional, calm)","Cream/Off-white (Warm, comfortable, paper-like)",Balanced (Moderate spacing - comfortable middle ground),"Pill-shaped (Fully rounded ends, very smooth)","None (No promotional banner, go straight to products)",Category based (Similar items from the same category),None (I don't need social proof indicators),"Stock Numbers (Show ""Only 3 left in stock"")",Rounded Corners,Progress Bar (Multi step with visual progress indicator),"Minimal (Very subtle, clean design)",Brief Summary (Just the essential information),3,"4 Columns (Compact view, many items visible at once)","Moderate (Balanced - some details visible, click for more)","Balanced (50% images, 50% text - equal emphasis)",Balanced,Mega Menu (Dropdown with images and subcategories),Collapsible (Search bar that expands when clicked),Text List (Simple text links),3,"Info Rich (Lots of details, ratings, specs visible)",With Comparison (Shows similar products' prices),Top Bar (Filters displayed across the top),Yes (Always visible sidebar with filters),No Quick View (I prefer to go to the full product page),All Paginated (Show all reviews with pagination),Swipeable horizontal cards (carousel style),"Detailed (All information visible - specs, reviews, descriptions)","Text-focused (20% images, 80% text - detailed descriptions)",Balanced,Full-screen category menu,Collapsible (Search bar that expands when clicked),Visual Grid (Category tiles with images),"Badge Heavy (Shows bestseller, new, sale badges prominently)",Simple Display (Price is visible but not emphasized),Drawer Overlay (Slides in from the side when clicked),Slide-Up Panel (Preview product details in a slide-up panel without leaving the product lis),Collapsible Sections (Reviews can be expanded or collapsed within the product details),No (Header scrolls away with content),"Large (Easier to tap, less content visible)",Similar (Mostly the same with minor adjustments),3,"When it didn't be as sma as in website, Or when I see thatis not original as store","Too slow,not organizes, with no reviews"
20/01/2026 18:30:54,Yes,25-34,Female,Postgraduate,Smartphone,Gift-buying (I mainly shop for others),Research-heavy (30+ minutes - I thoroughly research before buying),Very important (I always look for the best price),Always read reviews (I won't buy without checking reviews),Prefer familiar brands (I stick with what works),Moderate influence (They help me decide),"The Browser (I enjoy browsing and discovering products, often without immediate purchase intent)",3,5,4,5,1,3,1,3,2,5,5,5,Stressed,"3. Rounded Friendly (Soft, approachable fonts with rounded edges)","2. Medium (14-16px - Standard size, balanced)","Warm Earthy (Browns, beiges, warm oranges - natural and cozy)","Blue (Trustworthy, professional, calm)","Pure White (Clean, bright, maximum contrast)","Spacious (Lots of spacing - clean, uncluttered, breathing room)","Rounded Corners (Soft, modern rounded edges)",Large Full screen (Takes up entire first screen),Deals (Products on sale or special offers),User Photos (Photos uploaded by customers),"Stock Numbers (Show ""Only 3 left in stock"")",Rounded Corners,One Page (All checkout steps on a single scrolling page),Outlined (Border around the field),Expandable Sections (Organized into collapsible sections),3,List View (One product per row with details on the side),"Moderate (Balanced - some details visible, click for more)","Image-focused (80% images, 20% text - highly visual)",Spacious (clean and uncluttered),Sidebar (Permanent navigation panel on the left),"Always Visible Top (Large, prominent search bar always shown)",Dropdown Menu (Text-based dropdown list),3,"Badge Heavy (Shows bestseller, new, sale badges prominently)",Strike-through Original (Shows original price crossed out with sale price),Sidebar Left (Permanent filter panel on the left side),Yes (Always visible sidebar with filters),New Tab (Opens product in a new browser tab),All Paginated (Show all reviews with pagination),Compact stacked cards (more products per screen),"Detailed (All information visible - specs, reviews, descriptions)","Balanced (50% images, 50% text - equal emphasis)",Balanced,Full-screen category menu,"Always Visible Top (Large, prominent search bar always shown)",Dropdown Menu (Text-based dropdown list),"Minimal Clean (Simple image, name, price - no clutter)",Strike-through Original (Shows original price crossed out with sale price),Bottom Sheet (Slides up from bottom mobile style),Direct navigation (Each product card includes a button that takes you directly to the product page when tapped),Collapsible Sections (Reviews can be expanded or collapsed within the product details),Yes (Header stays at top while scrolling),"Standard (Normal size, more content visible)","Yes, Very Different (Completely different design for each device)",4,nan,nan
20/01/2026 18:37:40,Yes,18-24,Female,Postgraduate,Smartphone,Research (I like exploring products and learning about them),Moderate (15-30 minutes - I compare a few options),Moderately important (I balance price and quality),Sometimes read reviews (For certain product types),Often try new brands (I'm open to switching),No influence (I ignore these indicators),"The Browser (I enjoy browsing and discovering products, often without immediate purchase intent)",3,5,4,5,5,3,2,1,2,4,3,5,Bored,2. Classic Serif (Traditional fonts with decorative strokes like Times New Roman),4. Extra Large (18+px - Maximum readability),"Vibrant Bold (Bright, energetic colors - exciting and dynamic)","Blue (Trustworthy, professional, calm)","Cream/Off-white (Warm, comfortable, paper-like)",Balanced (Moderate spacing - comfortable middle ground),"Pill-shaped (Fully rounded ends, very smooth)",Medium Split (Takes up half the screen),Deals (Products on sale or special offers),User Photos (Photos uploaded by customers),None (I find these annoying and manipulative),Rounded Corners,One Page (All checkout steps on a single scrolling page),"Filled Background (Shaded background, no border)",Detailed Full (All specifications and information visible),3,"3 Columns (Balanced view, moderate item size)","Detailed (All information visible - specs, reviews, descriptions)","Image-focused (80% images, 20% text - highly visual)",Spacious (clean and uncluttered),Sidebar (Permanent navigation panel on the left),"Always Visible Top (Large, prominent search bar always shown)",Visual Grid (Category tiles with images),3,"Minimal Clean (Simple image, name, price - no clutter)",Bold Large (Price is the most prominent element),Top Bar (Filters displayed across the top),Yes (Always visible sidebar with filters),Modal Popup (Product details appear in a centered overlay),Ratings Bar Only (Visual breakdown of star ratings),Compact stacked cards (more products per screen),"Minimal (Only key information - product name, price, image)","Balanced (50% images, 50% text - equal emphasis)",Balanced,Full-screen category menu,Collapsible (Search bar that expands when clicked),Dropdown Menu (Text-based dropdown list),"Info Rich (Lots of details, ratings, specs visible)",Bold Large (Price is the most prominent element),Bottom Sheet (Slides up from bottom mobile style),No Quick View (I prefer to go to the full product page),Summary Only (Average rating and total count),No (Header scrolls away with content),"Standard (Normal size, more content visible)",Identical (Exactly the same on all devices),3,"Designs, prices, offers, fast delivery",Unbelievable prices
20/01/2026 18:43:30,Yes,18-24,Male,Graduate,Smartphone,Need-based (I shop when I need something specific),Moderate (15-30 minutes - I compare a few options),Very important (I always look for the best price),Always read reviews (I won't buy without checking reviews),Prefer familiar brands (I stick with what works),Very strong influence (I primarily buy popular items),The Loyal Customer (I stick with brands and stores I trust. I value consistency and reliability),3,4,4,4,4,3,5,2,4,3,5,5,Sad,2. Classic Serif (Traditional fonts with decorative strokes like Times New Roman),4. Extra Large (18+px - Maximum readability),Cool Blues (Blues and grays - calm and trustworthy),"Blue (Trustworthy, professional, calm)",Dark (Dark gray or black background),"Spacious (Lots of spacing - clean, uncluttered, breathing room)","Flat (Solid color, no shadow or depth)",Medium Split (Takes up half the screen),Deals (Products on sale or special offers),"Bestseller Badges (""Most Popular"" or ""Bestseller"" tags)","Stock Numbers (Show ""Only 3 left in stock"")",Rounded Corners,One Page (All checkout steps on a single scrolling page),"Filled Background (Shaded background, no border)",Detailed Full (All specifications and information visible),3,"4 Columns (Compact view, many items visible at once)","Moderate (Balanced - some details visible, click for more)","Balanced (50% images, 50% text - equal emphasis)",Spacious (clean and uncluttered),Top Bar (Categories always visible across the top),"Always Visible Top (Large, prominent search bar always shown)",Mega Menu with Images (Large dropdown with category images and subcategories),3,"Image Heavy (Large, prominent product photos)",With Savings Highlighted (Shows discount amount prominently),Modal (Pops up in the center when clicked),Yes (Always visible sidebar with filters),Modal Popup (Product details appear in a centered overlay),Recent 3- 5 (Show a few recent reviews),Compact stacked cards (more products per screen),"Moderate (Balanced - some details visible, click for more)","Balanced (50% images, 50% text - equal emphasis)",Balanced,Bottom Nav (Navigation bar at the bottom - mobile style),Collapsible (Search bar that expands when clicked),Mega Menu with Images (Large dropdown with category images and subcategories),"Minimal Clean (Simple image, name, price - no clutter)",Strike-through Original (Shows original price crossed out with sale price),Drawer Overlay (Slides in from the side when clicked),Slide-Up Panel (Preview product details in a slide-up panel without leaving the product lis),Collapsible Sections (Reviews can be expanded or collapsed within the product details),Yes (Header stays at top while scrolling),"Large (Easier to tap, less content visible)","Yes, Very Different (Completely different design for each device)",4,Easy Only see available stuff See exactly what I need (using filters),"Lots of unavailable stuff Don’t find what am searching for Site doesn’t understand what I need exactly, when I get different answers to my needs"
20/01/2026 18:51:07,Yes,25-34,Female,Graduate,Smartphone,Need-based (I shop when I need something specific),Research-heavy (30+ minutes - I thoroughly research before buying),Moderately important (I balance price and quality),Always read reviews (I won't buy without checking reviews),Prefer familiar brands (I stick with what works),Strong influence (They significantly affect my choices),"The Researcher (I thoroughly research products, read reviews, compare options, and take my time making informed decisions)",3,2,5,1,4,3,4,5,2,5,2,3,Neutral,2. Classic Serif (Traditional fonts with decorative strokes like Times New Roman),"2. Medium (14-16px - Standard size, balanced)","Warm Earthy (Browns, beiges, warm oranges - natural and cozy)","Yellow (Cheerful, optimistic, bright)","Pure White (Clean, bright, maximum contrast)","Spacious (Lots of spacing - clean, uncluttered, breathing room)","Sharp Square (Clean, professional 90-degree corners)","None (No promotional banner, go straight to products)",Trending (What's popular right now),"Bestseller Badges (""Most Popular"" or ""Bestseller"" tags)","Stock Numbers (Show ""Only 3 left in stock"")",Rounded Corners,"Multi step (Separate pages for shipping, payment, review)","Filled Background (Shaded background, no border)",Detailed Full (All specifications and information visible),3,List View (One product per row with details on the side),"Detailed (All information visible - specs, reviews, descriptions)","Text-focused (20% images, 80% text - detailed descriptions)",Balanced,Combination of top bar and dropdowns,"Always Visible Top (Large, prominent search bar always shown)",Visual Grid (Category tiles with images),3,"Info Rich (Lots of details, ratings, specs visible)",With Comparison (Shows similar products' prices),Sidebar Left (Permanent filter panel on the left side),Yes (Always visible sidebar with filters),Sidebar Slide (Details slide in from the right),Ratings Bar Only (Visual breakdown of star ratings),Compact stacked cards (more products per screen),"Detailed (All information visible - specs, reviews, descriptions)","Text-focused (20% images, 80% text - detailed descriptions)",Balanced,Full-screen category menu,"Icon Only (Magnifying glass icon, opens search when clicked)",Mega Menu with Images (Large dropdown with category images and subcategories),"Info Rich (Lots of details, ratings, specs visible)",Strike-through Original (Shows original price crossed out with sale price),Bottom Sheet (Slides up from bottom mobile style),No Quick View (I prefer to go to the full product page),Summary Only (Average rating and total count),Yes (Header stays at top while scrolling),"Standard (Normal size, more content visible)",Identical (Exactly the same on all devices),5,nan,Delay in response.
20/01/2026 18:57:06,Yes,18-24,Female,Graduate,Laptop/Desktop,Gift-buying (I mainly shop for others),Research-heavy (30+ minutes - I thoroughly research before buying),Moderately important (I balance price and quality),Often read reviews (For most purchases),Very loyal (I rarely switch from my favorite brands),Moderate influence (They help me decide),"The Deal Hunter (I'm motivated by sales, discounts, and getting the best value. I wait for promotions)",3,3,3,4,1,3,4,2,3,3,4,4,Neutral,"3. Rounded Friendly (Soft, approachable fonts with rounded edges)","3. Large (16-18px - Easy to read, comfortable)","Vibrant Bold (Bright, energetic colors - exciting and dynamic)","Blue (Trustworthy, professional, calm)","Cream/Off-white (Warm, comfortable, paper-like)",Compact (Minimal spacing - more content visible at once),"Rounded Corners (Soft, modern rounded edges)",Medium Split (Takes up half the screen),Deals (Products on sale or special offers),User Photos (Photos uploaded by customers),Both (Show both stock and time based urgency),Rounded Corners,One Page (All checkout steps on a single scrolling page),"Filled Background (Shaded background, no border)",Expandable Sections (Organized into collapsible sections),3,"4 Columns (Compact view, many items visible at once)","Minimal (Only key information - product name, price, image)","Image-focused (80% images, 20% text - highly visual)",Balanced,Top Bar (Categories always visible across the top),"Always Visible Top (Large, prominent search bar always shown)",Mega Menu with Images (Large dropdown with category images and subcategories),3,"Info Rich (Lots of details, ratings, specs visible)",With Savings Highlighted (Shows discount amount prominently),Sidebar Left (Permanent filter panel on the left side),Yes (Always visible sidebar with filters),Sidebar Slide (Details slide in from the right),All Paginated (Show all reviews with pagination),List view with expandable details,"Detailed (All information visible - specs, reviews, descriptions)","Balanced (50% images, 50% text - equal emphasis)",Balanced,Bottom Nav (Navigation bar at the bottom - mobile style),"Always Visible Top (Large, prominent search bar always shown)",Dropdown Menu (Text-based dropdown list),"Minimal Clean (Simple image, name, price - no clutter)",Simple Display (Price is visible but not emphasized),Drawer Overlay (Slides in from the side when clicked),No Quick View (I prefer to go to the full product page),Collapsible Sections (Reviews can be expanded or collapsed within the product details),Yes (Header stays at top while scrolling),"Standard (Normal size, more content visible)",Similar (Mostly the same with minor adjustments),4,Deals,When website look ay kalam w Gen Z created I trust decathlon
20/01/2026 19:35:48,Yes,18-24,Female,Undergraduate,Smartphone,Entertainment (I browse for fun and enjoyment),Moderate (15-30 minutes - I compare a few options),Moderately important (I balance price and quality),Often read reviews (For most purchases),Balanced (I mix familiar and new brands),Moderate influence (They help me decide),"The Deal Hunter (I'm motivated by sales, discounts, and getting the best value. I wait for promotions)",3,3,4,4,3,3,5,4,3,4,2,4,Neutral,"1. Modern Sans-serif (Clean, contemporary fonts like Arial or Helvetica)","2. Medium (14-16px - Standard size, balanced)",Cool Blues (Blues and grays - calm and trustworthy),"Blue (Trustworthy, professional, calm)","Soft Color (Subtle tint - light blue, pink, etc.)",Balanced (Moderate spacing - comfortable middle ground),"Rounded Corners (Soft, modern rounded edges)",Medium Split (Takes up half the screen),New Arrivals (Latest products added),Customer Reviews (Written reviews with ratings),"Stock Numbers (Show ""Only 3 left in stock"")",Rounded Corners,Express Checkout (One click purchase with saved info),Outlined (Border around the field),Brief Summary (Just the essential information),3,"2 Columns (Large product images, fewer items per row)","Minimal (Only key information - product name, price, image)","Image-focused (80% images, 20% text - highly visual)",Spacious (clean and uncluttered),Mega Menu (Dropdown with images and subcategories),"Always Visible Top (Large, prominent search bar always shown)",Visual Grid (Category tiles with images),3,"Minimal Clean (Simple image, name, price - no clutter)",With Comparison (Shows similar products' prices),Sidebar Left (Permanent filter panel on the left side),Yes (Always visible sidebar with filters),Sidebar Slide (Details slide in from the right),Recent 3- 5 (Show a few recent reviews),Compact stacked cards (more products per screen),"Moderate (Balanced - some details visible, click for more)","Balanced (50% images, 50% text - equal emphasis)",Balanced,Bottom Nav (Navigation bar at the bottom - mobile style),Collapsible (Search bar that expands when clicked),Mega Menu with Images (Large dropdown with category images and subcategories),"Minimal Clean (Simple image, name, price - no clutter)",Strike-through Original (Shows original price crossed out with sale price),Drawer Overlay (Slides in from the side when clicked),Slide-Up Panel (Preview product details in a slide-up panel without leaving the product lis),Collapsible Sections (Reviews can be expanded or collapsed within the product details),Yes (Header stays at top while scrolling),"Standard (Normal size, more content visible)",Somewhat Different (Adapted but recognizable),5,nan,nan
20/01/2026 19:43:37,Yes,18-24,Female,Graduate,Laptop/Desktop,Need-based (I shop when I need something specific),Moderate (15-30 minutes - I compare a few options),Moderately important (I balance price and quality),Often read reviews (For most purchases),Balanced (I mix familiar and new brands),Slight influence (I notice but don't rely on them),"The Impulsive Buyer (I make quick decisions based on intuition and emotion. If I like it, I buy it)",3,2,2,1,3,3,2,4,1,5,1,5,Neutral,2. Classic Serif (Traditional fonts with decorative strokes like Times New Roman),"3. Large (16-18px - Easy to read, comfortable)","Vibrant Bold (Bright, energetic colors - exciting and dynamic)","Blue (Trustworthy, professional, calm)","Cream/Off-white (Warm, comfortable, paper-like)",Balanced (Moderate spacing - comfortable middle ground),"Pill-shaped (Fully rounded ends, very smooth)",Medium Split (Takes up half the screen),Deals (Products on sale or special offers),Customer Reviews (Written reviews with ratings),Both (Show both stock and time based urgency),Rounded Corners,One Page (All checkout steps on a single scrolling page),"Minimal (Very subtle, clean design)",Expandable Sections (Organized into collapsible sections),3,"3 Columns (Balanced view, moderate item size)","Moderate (Balanced - some details visible, click for more)","Image-focused (80% images, 20% text - highly visual)",Balanced,Combination of top bar and dropdowns,Collapsible (Search bar that expands when clicked),Dropdown Menu (Text-based dropdown list),3,"Badge Heavy (Shows bestseller, new, sale badges prominently)",Strike-through Original (Shows original price crossed out with sale price),Top Bar (Filters displayed across the top),Yes (Always visible sidebar with filters),Modal Popup (Product details appear in a centered overlay),Ratings Bar Only (Visual breakdown of star ratings),List view with expandable details,"Moderate (Balanced - some details visible, click for more)","Balanced (50% images, 50% text - equal emphasis)",Balanced,Hamburger Menu (Three-line icon that opens a side menu),"Icon Only (Magnifying glass icon, opens search when clicked)",Visual Grid (Category tiles with images),"Minimal Clean (Simple image, name, price - no clutter)",Strike-through Original (Shows original price crossed out with sale price),Drawer Overlay (Slides in from the side when clicked),Slide-Up Panel (Preview product details in a slide-up panel without leaving the product lis),Summary Only (Average rating and total count),No (Header scrolls away with content),"Standard (Normal size, more content visible)",Somewhat Different (Adapted but recognizable),2,Easy to grasp interface and nice user experience. Not having unfamiliar features through familiar actions,Out of stock not updated instantlyyyyy or low stock alarm
20/01/2026 19:45:15,Yes,18-24,Female,Undergraduate,Smartphone,Need-based (I shop when I need something specific),Moderate (15-30 minutes - I compare a few options),Important (Price is a major factor in my decisions),Often read reviews (For most purchases),Balanced (I mix familiar and new brands),Strong influence (They significantly affect my choices),"The Minimalist (I want simple, efficient shopping. Show me what I need with minimal fuss)",3,3,4,3,2,3,2,3,2,4,3,4,Neutral,2. Classic Serif (Traditional fonts with decorative strokes like Times New Roman),"3. Large (16-18px - Easy to read, comfortable)",Cool Blues (Blues and grays - calm and trustworthy),"Blue (Trustworthy, professional, calm)","Cream/Off-white (Warm, comfortable, paper-like)",Balanced (Moderate spacing - comfortable middle ground),"Rounded Corners (Soft, modern rounded edges)",Medium Split (Takes up half the screen),New Arrivals (Latest products added),"Bestseller Badges (""Most Popular"" or ""Bestseller"" tags)",Both (Show both stock and time based urgency),Rounded Corners,One Page (All checkout steps on a single scrolling page),"Minimal (Very subtle, clean design)",Detailed Full (All specifications and information visible),3,"3 Columns (Balanced view, moderate item size)","Moderate (Balanced - some details visible, click for more)","Balanced (50% images, 50% text - equal emphasis)",Balanced,Sidebar (Permanent navigation panel on the left),Collapsible (Search bar that expands when clicked),Mega Menu with Images (Large dropdown with category images and subcategories),3,"Info Rich (Lots of details, ratings, specs visible)",With Comparison (Shows similar products' prices),Top Bar (Filters displayed across the top),Yes (Always visible sidebar with filters),Sidebar Slide (Details slide in from the right),Recent 3- 5 (Show a few recent reviews),Compact stacked cards (more products per screen),"Moderate (Balanced - some details visible, click for more)","Balanced (50% images, 50% text - equal emphasis)",Spacious (clean and uncluttered),Full-screen category menu,"Icon Only (Magnifying glass icon, opens search when clicked)",Mega Menu with Images (Large dropdown with category images and subcategories),"Info Rich (Lots of details, ratings, specs visible)",Simple Display (Price is visible but not emphasized),Full-Screen Overlay (Displayed across screen),Slide-Up Panel (Preview product details in a slide-up panel without leaving the product lis),Collapsible Sections (Reviews can be expanded or collapsed within the product details),No (Header scrolls away with content),"Large (Easier to tap, less content visible)",Somewhat Different (Adapted but recognizable),3,nan,nan
20/01/2026 19:52:36,Yes,25-34,Female,Graduate,Smartphone,Research (I like exploring products and learning about them),Impulsive (Less than 5 minutes - I decide quickly),Moderately important (I balance price and quality),Sometimes read reviews (For certain product types),Balanced (I mix familiar and new brands),Slight influence (I notice but don't rely on them),"The Minimalist (I want simple, efficient shopping. Show me what I need with minimal fuss)",3,2,3,3,4,3,4,3,4,4,2,3,Relaxed,"1. Modern Sans-serif (Clean, contemporary fonts like Arial or Helvetica)","3. Large (16-18px - Easy to read, comfortable)","Minimalist Black & White (Clean, high contrast, professional)","Blue (Trustworthy, professional, calm)","Pure White (Clean, bright, maximum contrast)",Compact (Minimal spacing - more content visible at once),"Pill-shaped (Fully rounded ends, very smooth)",Small Strip (Thin banner across the top),Category based (Similar items from the same category),User Photos (Photos uploaded by customers),"Stock Numbers (Show ""Only 3 left in stock"")",Rounded Corners,Express Checkout (One click purchase with saved info),Floating Labels (Label moves up when you type),Expandable Sections (Organized into collapsible sections),3,"4 Columns (Compact view, many items visible at once)","Moderate (Balanced - some details visible, click for more)","Balanced (50% images, 50% text - equal emphasis)",Balanced,Mega Menu (Dropdown with images and subcategories),"Icon Only (Magnifying glass icon, opens search when clicked)",Dropdown Menu (Text-based dropdown list),3,"Minimal Clean (Simple image, name, price - no clutter)",With Savings Highlighted (Shows discount amount prominently),Sidebar Left (Permanent filter panel on the left side),Yes (Always visible sidebar with filters),New Tab (Opens product in a new browser tab),Recent 3- 5 (Show a few recent reviews),List view with expandable details,"Detailed (All information visible - specs, reviews, descriptions)","Balanced (50% images, 50% text - equal emphasis)",Spacious (clean and uncluttered),Bottom Nav (Navigation bar at the bottom - mobile style),"Icon Only (Magnifying glass icon, opens search when clicked)",Dropdown Menu (Text-based dropdown list),"Info Rich (Lots of details, ratings, specs visible)",Bold Large (Price is the most prominent element),Drawer Overlay (Slides in from the side when clicked),Slide-Up Panel (Preview product details in a slide-up panel without leaving the product lis),Summary Only (Average rating and total count),No (Header scrolls away with content),"Standard (Normal size, more content visible)","Yes, Very Different (Completely different design for each device)",5,nan,nan
20/01/2026 19:54:59,Yes,18-24,Female,Graduate,Smartphone,Entertainment (I browse for fun and enjoyment),Impulsive (Less than 5 minutes - I decide quickly),Important (Price is a major factor in my decisions),Always read reviews (I won't buy without checking reviews),Prefer familiar brands (I stick with what works),Strong influence (They significantly affect my choices),"The Impulsive Buyer (I make quick decisions based on intuition and emotion. If I like it, I buy it)",3,4,4,2,1,3,3,2,4,3,5,5,Bored,2. Classic Serif (Traditional fonts with decorative strokes like Times New Roman),"3. Large (16-18px - Easy to read, comfortable)",Cool Blues (Blues and grays - calm and trustworthy),"Green (Natural, positive, go-ahead)","Cream/Off-white (Warm, comfortable, paper-like)",Compact (Minimal spacing - more content visible at once),"Rounded Corners (Soft, modern rounded edges)",Small Strip (Thin banner across the top),Trending (What's popular right now),Ratings Only (Star ratings without detailed reviews),"Stock Numbers (Show ""Only 3 left in stock"")",Rounded Corners,One Page (All checkout steps on a single scrolling page),"Minimal (Very subtle, clean design)",Brief Summary (Just the essential information),3,"4 Columns (Compact view, many items visible at once)","Moderate (Balanced - some details visible, click for more)","Image-focused (80% images, 20% text - highly visual)",Balanced,Top Bar (Categories always visible across the top),Collapsible (Search bar that expands when clicked),Text List (Simple text links),3,"Info Rich (Lots of details, ratings, specs visible)",Strike-through Original (Shows original price crossed out with sale price),Sidebar Left (Permanent filter panel on the left side),No (Prefer filters in a different location),Sidebar Slide (Details slide in from the right),Recent 3- 5 (Show a few recent reviews),Single-column large cards (easy to scroll and tap),"Detailed (All information visible - specs, reviews, descriptions)","Balanced (50% images, 50% text - equal emphasis)",Balanced,Hamburger Menu (Three-line icon that opens a side menu),Collapsible (Search bar that expands when clicked),Dropdown Menu (Text-based dropdown list),Card with Shadow (Raised card effect with drop shadow),Strike-through Original (Shows original price crossed out with sale price),Drawer Overlay (Slides in from the side when clicked),Slide-Up Panel (Preview product details in a slide-up panel without leaving the product lis),Ratings Bar Only (Visual breakdown of star ratings),Yes (Header stays at top while scrolling),"Standard (Normal size, more content visible)",Similar (Mostly the same with minor adjustments),5,User friendly and simple,the margins
20/01/2026 21:35:19,Yes,18-24,Female,Undergraduate,Smartphone,Need-based (I shop when I need something specific),Research-heavy (30+ minutes - I thoroughly research before buying),Important (Price is a major factor in my decisions),Always read reviews (I won't buy without checking reviews),Balanced (I mix familiar and new brands),Strong influence (They significantly affect my choices),"The Browser (I enjoy browsing and discovering products, often without immediate purchase intent)",3,3,2,3,2,3,2,3,2,4,4,4,Neutral,"4. Bold Impact (Strong, attention-grabbing fonts)","2. Medium (14-16px - Standard size, balanced)","Vibrant Bold (Bright, energetic colors - exciting and dynamic)","Blue (Trustworthy, professional, calm)","Light Gray (Soft, reduces eye strain)",Balanced (Moderate spacing - comfortable middle ground),"Outlined (Border only, no fill color)",Medium Split (Takes up half the screen),Deals (Products on sale or special offers),User Photos (Photos uploaded by customers),Both (Show both stock and time based urgency),Rounded Corners,Progress Bar (Multi step with visual progress indicator),Floating Labels (Label moves up when you type),Expandable Sections (Organized into collapsible sections),3,"3 Columns (Balanced view, moderate item size)","Moderate (Balanced - some details visible, click for more)","Balanced (50% images, 50% text - equal emphasis)",Balanced,Mega Menu (Dropdown with images and subcategories),"Always Visible Top (Large, prominent search bar always shown)",Mega Menu with Images (Large dropdown with category images and subcategories),3,"Badge Heavy (Shows bestseller, new, sale badges prominently)",Strike-through Original (Shows original price crossed out with sale price),Sidebar Left (Permanent filter panel on the left side),Yes (Always visible sidebar with filters),New Tab (Opens product in a new browser tab),Ratings Bar Only (Visual breakdown of star ratings),Compact stacked cards (more products per screen),"Detailed (All information visible - specs, reviews, descriptions)","Balanced (50% images, 50% text - equal emphasis)",Balanced,Bottom Nav (Navigation bar at the bottom - mobile style),"Always Visible Top (Large, prominent search bar always shown)",Visual Grid (Category tiles with images),"Badge Heavy (Shows bestseller, new, sale badges prominently)",Strike-through Original (Shows original price crossed out with sale price),Bottom Sheet (Slides up from bottom mobile style),Slide-Up Panel (Preview product details in a slide-up panel without leaving the product lis),Ratings Bar Only (Visual breakdown of star ratings),Yes (Header stays at top while scrolling),"Large (Easier to tap, less content visible)",Somewhat Different (Adapted but recognizable),3,Smart filter options,Showing sold out items before available items
20/01/2026 21:51:30,Yes,18-24,Male,Undergraduate,Smartphone,Need-based (I shop when I need something specific),Moderate (15-30 minutes - I compare a few options),Moderately important (I balance price and quality),Often read reviews (For most purchases),Prefer familiar brands (I stick with what works),Very strong influence (I primarily buy popular items),"The Minimalist (I want simple, efficient shopping. Show me what I need with minimal fuss)",3,4,3,2,5,3,4,5,1,5,2,5,Relaxed,2. Classic Serif (Traditional fonts with decorative strokes like Times New Roman),"2. Medium (14-16px - Standard size, balanced)",Dark Mode (Dark backgrounds with light text - modern and easy on eyes),"Blue (Trustworthy, professional, calm)",Dark (Dark gray or black background),Compact (Minimal spacing - more content visible at once),"Pill-shaped (Fully rounded ends, very smooth)",Medium Split (Takes up half the screen),Deals (Products on sale or special offers),Customer Reviews (Written reviews with ratings),Both (Show both stock and time based urgency),Rounded Corners,Express Checkout (One click purchase with saved info),"Minimal (Very subtle, clean design)",Expandable Sections (Organized into collapsible sections),3,"3 Columns (Balanced view, moderate item size)","Moderate (Balanced - some details visible, click for more)","Image-focused (80% images, 20% text - highly visual)",Balanced,Sidebar (Permanent navigation panel on the left),Collapsible (Search bar that expands when clicked),Visual Grid (Category tiles with images),3,"Badge Heavy (Shows bestseller, new, sale badges prominently)",Strike-through Original (Shows original price crossed out with sale price),Top Bar (Filters displayed across the top),Yes (Always visible sidebar with filters),Modal Popup (Product details appear in a centered overlay),All Paginated (Show all reviews with pagination),Compact stacked cards (more products per screen),"Detailed (All information visible - specs, reviews, descriptions)","Balanced (50% images, 50% text - equal emphasis)",Balanced,Hamburger Menu (Three-line icon that opens a side menu),"Icon Only (Magnifying glass icon, opens search when clicked)",Dropdown Menu (Text-based dropdown list),"Badge Heavy (Shows bestseller, new, sale badges prominently)",Strike-through Original (Shows original price crossed out with sale price),Drawer Overlay (Slides in from the side when clicked),Slide-Up Panel (Preview product details in a slide-up panel without leaving the product lis),Collapsible Sections (Reviews can be expanded or collapsed within the product details),No (Header scrolls away with content),"Standard (Normal size, more content visible)",Somewhat Different (Adapted but recognizable),4,"Organized website, easy to navigate and a more premium looking website",When it is hard to see details of a product or when it doesn't let me sort
20/01/2026 22:06:10,Yes,18-24,Female,Postgraduate,Laptop/Desktop,Need-based (I shop when I need something specific),Research-heavy (30+ minutes - I thoroughly research before buying),Moderately important (I balance price and quality),Often read reviews (For most purchases),Prefer familiar brands (I stick with what works),Moderate influence (They help me decide),"The Researcher (I thoroughly research products, read reviews, compare options, and take my time making informed decisions)",3,3,5,2,2,3,5,5,2,4,3,5,Happy,"3. Rounded Friendly (Soft, approachable fonts with rounded edges)","3. Large (16-18px - Easy to read, comfortable)","Minimalist Black & White (Clean, high contrast, professional)","Yellow (Cheerful, optimistic, bright)","Pure White (Clean, bright, maximum contrast)",Balanced (Moderate spacing - comfortable middle ground),"Pill-shaped (Fully rounded ends, very smooth)",Medium Split (Takes up half the screen),Trending (What's popular right now),User Photos (Photos uploaded by customers),"Countdown Timers (Show ""Sale ends in 2 hours"")",Rounded Corners,One Page (All checkout steps on a single scrolling page),Underlined (Line underneath only),Moderate (Key details with option to expand),3,"3 Columns (Balanced view, moderate item size)","Moderate (Balanced - some details visible, click for more)","Image-focused (80% images, 20% text - highly visual)",Balanced,Mega Menu (Dropdown with images and subcategories),Collapsible (Search bar that expands when clicked),Visual Grid (Category tiles with images),3,"Badge Heavy (Shows bestseller, new, sale badges prominently)",With Comparison (Shows similar products' prices),Sidebar Left (Permanent filter panel on the left side),Yes (Always visible sidebar with filters),Sidebar Slide (Details slide in from the right),Recent 3- 5 (Show a few recent reviews),Single-column large cards (easy to scroll and tap),"Moderate (Balanced - some details visible, click for more)","Balanced (50% images, 50% text - equal emphasis)",Balanced,Bottom Nav (Navigation bar at the bottom - mobile style),Collapsible (Search bar that expands when clicked),Mega Menu with Images (Large dropdown with category images and subcategories),"Info Rich (Lots of details, ratings, specs visible)",Strike-through Original (Shows original price crossed out with sale price),Bottom Sheet (Slides up from bottom mobile style),Slide-Up Panel (Preview product details in a slide-up panel without leaving the product lis),Collapsible Sections (Reviews can be expanded or collapsed within the product details),Yes (Header stays at top while scrolling),"Large (Easier to tap, less content visible)","Yes, Very Different (Completely different design for each device)",5,nan,nan
20/01/2026 23:01:07,Yes,18-24,Male,Graduate,Laptop/Desktop,Need-based (I shop when I need something specific),Research-heavy (30+ minutes - I thoroughly research before buying),Important (Price is a major factor in my decisions),Sometimes read reviews (For certain product types),Prefer familiar brands (I stick with what works),Very strong influence (I primarily buy popular items),"The Browser (I enjoy browsing and discovering products, often without immediate purchase intent)",3,5,4,4,5,3,4,3,4,5,1,3,Relaxed,"3. Rounded Friendly (Soft, approachable fonts with rounded edges)","3. Large (16-18px - Easy to read, comfortable)","Vibrant Bold (Bright, energetic colors - exciting and dynamic)","Blue (Trustworthy, professional, calm)","Pure White (Clean, bright, maximum contrast)",Balanced (Moderate spacing - comfortable middle ground),"Rounded Corners (Soft, modern rounded edges)",Small Strip (Thin banner across the top),Deals (Products on sale or special offers),User Photos (Photos uploaded by customers),Both (Show both stock and time based urgency),Rounded Corners,Express Checkout (One click purchase with saved info),"Minimal (Very subtle, clean design)",Moderate (Key details with option to expand),3,"3 Columns (Balanced view, moderate item size)","Minimal (Only key information - product name, price, image)","Image-focused (80% images, 20% text - highly visual)",Balanced,Sidebar (Permanent navigation panel on the left),"Icon Only (Magnifying glass icon, opens search when clicked)",Text List (Simple text links),3,"Badge Heavy (Shows bestseller, new, sale badges prominently)",Strike-through Original (Shows original price crossed out with sale price),Top Bar (Filters displayed across the top),No (Prefer filters in a different location),Sidebar Slide (Details slide in from the right),Recent 3- 5 (Show a few recent reviews),Compact stacked cards (more products per screen),"Minimal (Only key information - product name, price, image)","Image-focused (80% images, 20% text - highly visual)",Balanced,Bottom Nav (Navigation bar at the bottom - mobile style),"Icon Only (Magnifying glass icon, opens search when clicked)",Dropdown Menu (Text-based dropdown list),"Badge Heavy (Shows bestseller, new, sale badges prominently)",Strike-through Original (Shows original price crossed out with sale price),Drawer Overlay (Slides in from the side when clicked),Slide-Up Panel (Preview product details in a slide-up panel without leaving the product lis),Collapsible Sections (Reviews can be expanded or collapsed within the product details),No (Header scrolls away with content),"Standard (Normal size, more content visible)",Similar (Mostly the same with minor adjustments),5,"Easy, simple navigation. Good looking UI is very important as well and it has to be functional.",Popups that appear randomly and cover the whole screen and non user friendly UI
21/01/2026 00:48:27,Yes,18-24,Male,Graduate,Smartphone,Need-based (I shop when I need something specific),Moderate (15-30 minutes - I compare a few options),Important (Price is a major factor in my decisions),Sometimes read reviews (For certain product types),Prefer familiar brands (I stick with what works),Very strong influence (I primarily buy popular items),The Loyal Customer (I stick with brands and stores I trust. I value consistency and reliability),3,2,3,3,4,3,3,5,3,3,4,4,Happy,"4. Bold Impact (Strong, attention-grabbing fonts)","3. Large (16-18px - Easy to read, comfortable)",Cool Blues (Blues and grays - calm and trustworthy),"Red (Bold, urgent, attention-grabbing)","Cream/Off-white (Warm, comfortable, paper-like)",Balanced (Moderate spacing - comfortable middle ground),"Flat (Solid color, no shadow or depth)",Small Strip (Thin banner across the top),Category based (Similar items from the same category),Customer Reviews (Written reviews with ratings),"Countdown Timers (Show ""Sale ends in 2 hours"")",Rounded Corners,Progress Bar (Multi step with visual progress indicator),"Filled Background (Shaded background, no border)",Detailed Full (All specifications and information visible),3,"2 Columns (Large product images, fewer items per row)","Moderate (Balanced - some details visible, click for more)","Image-focused (80% images, 20% text - highly visual)",Balanced,Sidebar (Permanent navigation panel on the left),Collapsible (Search bar that expands when clicked),Text List (Simple text links),3,"Badge Heavy (Shows bestseller, new, sale badges prominently)",With Savings Highlighted (Shows discount amount prominently),Top Bar (Filters displayed across the top),Yes (Always visible sidebar with filters),New Tab (Opens product in a new browser tab),Recent 3- 5 (Show a few recent reviews),Compact stacked cards (more products per screen),"Moderate (Balanced - some details visible, click for more)","Balanced (50% images, 50% text - equal emphasis)",Balanced,Full-screen category menu,Collapsible (Search bar that expands when clicked),Mega Menu with Images (Large dropdown with category images and subcategories),"Image Heavy (Large, prominent product photos)",Simple Display (Price is visible but not emphasized),Full-Screen Overlay (Displayed across screen),Direct navigation (Each product card includes a button that takes you directly to the product page when tapped),Summary Only (Average rating and total count),Yes (Header stays at top while scrolling),"Large (Easier to tap, less content visible)",Similar (Mostly the same with minor adjustments),5,"A great online shopping experience is fast, simple, and visually clean, with easy navigation and clear product images and prices. I like websites that offer smooth checkout, multiple secure payment options, and personalized recommendations.","My main frustration when shopping online is when the website is slow or confusing to navigate, especially during checkout. Unexpected extra costs like high shipping fees or taxes at the final step often make me abandon the purchase."
21/01/2026 01:00:26,Yes,18-24,Female,Undergraduate,Smartphone,Deal-hunting (I look for sales and discounts),Moderate (15-30 minutes - I compare a few options),Important (Price is a major factor in my decisions),Always read reviews (I won't buy without checking reviews),Prefer familiar brands (I stick with what works),Slight influence (I notice but don't rely on them),"The Deal Hunter (I'm motivated by sales, discounts, and getting the best value. I wait for promotions)",3,2,5,4,2,3,4,4,2,4,5,5,Relaxed,2. Classic Serif (Traditional fonts with decorative strokes like Times New Roman),4. Extra Large (18+px - Maximum readability),"Minimalist Black & White (Clean, high contrast, professional)","Blue (Trustworthy, professional, calm)","Cream/Off-white (Warm, comfortable, paper-like)","Spacious (Lots of spacing - clean, uncluttered, breathing room)","Pill-shaped (Fully rounded ends, very smooth)",Medium Split (Takes up half the screen),Trending (What's popular right now),Customer Reviews (Written reviews with ratings),Only on Request (Show only if I ask),Rounded Corners,One Page (All checkout steps on a single scrolling page),"Filled Background (Shaded background, no border)",Detailed Full (All specifications and information visible),3,"2 Columns (Large product images, fewer items per row)","Moderate (Balanced - some details visible, click for more)","Image-focused (80% images, 20% text - highly visual)",Spacious (clean and uncluttered),Mega Menu (Dropdown with images and subcategories),Collapsible (Search bar that expands when clicked),Visual Grid (Category tiles with images),3,"Minimal Clean (Simple image, name, price - no clutter)",Bold Large (Price is the most prominent element),Top Bar (Filters displayed across the top),Yes (Always visible sidebar with filters),Sidebar Slide (Details slide in from the right),Recent 3- 5 (Show a few recent reviews),Single-column large cards (easy to scroll and tap),"Moderate (Balanced - some details visible, click for more)","Balanced (50% images, 50% text - equal emphasis)",Balanced,Full-screen category menu,Collapsible (Search bar that expands when clicked),Visual Grid (Category tiles with images),"Minimal Clean (Simple image, name, price - no clutter)",Strike-through Original (Shows original price crossed out with sale price),Drawer Overlay (Slides in from the side when clicked),Slide-Up Panel (Preview product details in a slide-up panel without leaving the product lis),Collapsible Sections (Reviews can be expanded or collapsed within the product details),No (Header scrolls away with content),"Large (Easier to tap, less content visible)",Somewhat Different (Adapted but recognizable),4,"A great online shopping experience for me is one that’s fast, intuitive, and visually clear, with smart filters and high-quality images that make decision-making easy. I’m more likely to return to a website that remembers my preferences, offers seamless checkout, and feels trustworthy through clean design, transparent pricing, and responsive customer support.","My main frustration when shopping online is unexpected costs or complicated checkout processes that appear at the last step. I often abandon purchases when websites are slow, cluttered, or don’t provide clear product information, reviews, or reliable delivery details, which makes the experience feel untrustworthy."
21/01/2026 01:51:27,Yes,18-24,Male,Postgraduate,Smartphone,Gift-buying (I mainly shop for others),Quick (5-15 minutes - I know what I want),Not important (I focus on quality over price),Sometimes read reviews (For certain product types),Prefer familiar brands (I stick with what works),Moderate influence (They help me decide),"The Minimalist (I want simple, efficient shopping. Show me what I need with minimal fuss)",3,3,4,5,5,3,4,3,2,5,2,5,Neutral,"3. Rounded Friendly (Soft, approachable fonts with rounded edges)","3. Large (16-18px - Easy to read, comfortable)",Cool Blues (Blues and grays - calm and trustworthy),"Blue (Trustworthy, professional, calm)","Cream/Off-white (Warm, comfortable, paper-like)",Balanced (Moderate spacing - comfortable middle ground),"Pill-shaped (Fully rounded ends, very smooth)",Medium Split (Takes up half the screen),Category based (Similar items from the same category),Customer Reviews (Written reviews with ratings),None (I find these annoying and manipulative),Rounded Corners,Progress Bar (Multi step with visual progress indicator),Outlined (Border around the field),Moderate (Key details with option to expand),3,"3 Columns (Balanced view, moderate item size)","Moderate (Balanced - some details visible, click for more)","Image-focused (80% images, 20% text - highly visual)",Balanced,Top Bar (Categories always visible across the top),Collapsible (Search bar that expands when clicked),Mega Menu with Images (Large dropdown with category images and subcategories),3,"Badge Heavy (Shows bestseller, new, sale badges prominently)",Strike-through Original (Shows original price crossed out with sale price),Sidebar Left (Permanent filter panel on the left side),Yes (Always visible sidebar with filters),Modal Popup (Product details appear in a centered overlay),All Paginated (Show all reviews with pagination),Compact stacked cards (more products per screen),"Moderate (Balanced - some details visible, click for more)","Balanced (50% images, 50% text - equal emphasis)",Balanced,Hamburger Menu (Three-line icon that opens a side menu),"Always Visible Top (Large, prominent search bar always shown)",Visual Grid (Category tiles with images),"Minimal Clean (Simple image, name, price - no clutter)",Strike-through Original (Shows original price crossed out with sale price),Drawer Overlay (Slides in from the side when clicked),Direct navigation (Each product card includes a button that takes you directly to the product page when tapped),Collapsible Sections (Reviews can be expanded or collapsed within the product details),Yes (Header stays at top while scrolling),"Large (Easier to tap, less content visible)",Somewhat Different (Adapted but recognizable),5,Knowing my preferences the next time and suggesting products I will be interested in.,nan
21/01/2026 09:34:12,Yes,18-24,Female,Postgraduate,Smartphone,Need-based (I shop when I need something specific),Impulsive (Less than 5 minutes - I decide quickly),Moderately important (I balance price and quality),Always read reviews (I won't buy without checking reviews),Balanced (I mix familiar and new brands),Moderate influence (They help me decide),The Loyal Customer (I stick with brands and stores I trust. I value consistency and reliability),3,4,4,2,4,3,3,3,1,2,2,4,Neutral,2. Classic Serif (Traditional fonts with decorative strokes like Times New Roman),"2. Medium (14-16px - Standard size, balanced)",Cool Blues (Blues and grays - calm and trustworthy),"Blue (Trustworthy, professional, calm)","Soft Color (Subtle tint - light blue, pink, etc.)",Balanced (Moderate spacing - comfortable middle ground),"Rounded Corners (Soft, modern rounded edges)",Small Strip (Thin banner across the top),Deals (Products on sale or special offers),"Bestseller Badges (""Most Popular"" or ""Bestseller"" tags)","Countdown Timers (Show ""Sale ends in 2 hours"")",Rounded Corners,Progress Bar (Multi step with visual progress indicator),Underlined (Line underneath only),Moderate (Key details with option to expand),3,"3 Columns (Balanced view, moderate item size)","Moderate (Balanced - some details visible, click for more)","Balanced (50% images, 50% text - equal emphasis)",Balanced,Sidebar (Permanent navigation panel on the left),Collapsible (Search bar that expands when clicked),Text List (Simple text links),3,"Info Rich (Lots of details, ratings, specs visible)",With Comparison (Shows similar products' prices),Top Bar (Filters displayed across the top),Yes (Always visible sidebar with filters),Sidebar Slide (Details slide in from the right),All Paginated (Show all reviews with pagination),Compact stacked cards (more products per screen),"Moderate (Balanced - some details visible, click for more)","Balanced (50% images, 50% text - equal emphasis)",Balanced,Bottom Nav (Navigation bar at the bottom - mobile style),Collapsible (Search bar that expands when clicked),Mega Menu with Images (Large dropdown with category images and subcategories),"Info Rich (Lots of details, ratings, specs visible)",Strike-through Original (Shows original price crossed out with sale price),Drawer Overlay (Slides in from the side when clicked),Direct navigation (Each product card includes a button that takes you directly to the product page when tapped),Summary Only (Average rating and total count),Yes (Header stays at top while scrolling),"Standard (Normal size, more content visible)",Somewhat Different (Adapted but recognizable),4,Attractive desgins,The website is not working right.
21/01/2026 09:36:56,Yes,18-24,Female,Postgraduate,Laptop/Desktop,Deal-hunting (I look for sales and discounts),Moderate (15-30 minutes - I compare a few options),Somewhat unimportant (Price matters but isn't a dealbreaker),Always read reviews (I won't buy without checking reviews),Prefer familiar brands (I stick with what works),Moderate influence (They help me decide),"The Minimalist (I want simple, efficient shopping. Show me what I need with minimal fuss)",3,4,5,4,4,3,1,2,2,4,1,5,Neutral,"3. Rounded Friendly (Soft, approachable fonts with rounded edges)","2. Medium (14-16px - Standard size, balanced)","Warm Earthy (Browns, beiges, warm oranges - natural and cozy)","Blue (Trustworthy, professional, calm)",Dark (Dark gray or black background),Balanced (Moderate spacing - comfortable middle ground),"Pill-shaped (Fully rounded ends, very smooth)",Small Strip (Thin banner across the top),Category based (Similar items from the same category),Customer Reviews (Written reviews with ratings),"Stock Numbers (Show ""Only 3 left in stock"")",Rounded Corners,Progress Bar (Multi step with visual progress indicator),Outlined (Border around the field),Moderate (Key details with option to expand),3,List View (One product per row with details on the side),"Moderate (Balanced - some details visible, click for more)","Balanced (50% images, 50% text - equal emphasis)",Balanced,Mega Menu (Dropdown with images and subcategories),Collapsible (Search bar that expands when clicked),Visual Grid (Category tiles with images),3,"Minimal Clean (Simple image, name, price - no clutter)",With Comparison (Shows similar products' prices),Sidebar Left (Permanent filter panel on the left side),Yes (Always visible sidebar with filters),Sidebar Slide (Details slide in from the right),Summary Only (Average rating and total count),List view with expandable details,"Moderate (Balanced - some details visible, click for more)","Balanced (50% images, 50% text - equal emphasis)",Balanced,Bottom Nav (Navigation bar at the bottom - mobile style),Collapsible (Search bar that expands when clicked),Mega Menu with Images (Large dropdown with category images and subcategories),"Minimal Clean (Simple image, name, price - no clutter)",Simple Display (Price is visible but not emphasized),Bottom Sheet (Slides up from bottom mobile style),No Quick View (I prefer to go to the full product page),Summary Only (Average rating and total count),Yes (Header stays at top while scrolling),"Standard (Normal size, more content visible)",Somewhat Different (Adapted but recognizable),4,nan,nan
21/01/2026 09:40:34,Yes,25-34,Male,Graduate,Smartphone,Need-based (I shop when I need something specific),Moderate (15-30 minutes - I compare a few options),Moderately important (I balance price and quality),Always read reviews (I won't buy without checking reviews),Very loyal (I rarely switch from my favorite brands),Slight influence (I notice but don't rely on them),"The Researcher (I thoroughly research products, read reviews, compare options, and take my time making informed decisions)",3,4,4,2,5,3,4,5,2,4,1,3,Neutral,"3. Rounded Friendly (Soft, approachable fonts with rounded edges)","3. Large (16-18px - Easy to read, comfortable)","Minimalist Black & White (Clean, high contrast, professional)","Blue (Trustworthy, professional, calm)","Cream/Off-white (Warm, comfortable, paper-like)",Compact (Minimal spacing - more content visible at once),"Rounded Corners (Soft, modern rounded edges)",Medium Split (Takes up half the screen),Category based (Similar items from the same category),User Photos (Photos uploaded by customers),Both (Show both stock and time based urgency),Rounded Corners,Progress Bar (Multi step with visual progress indicator),Floating Labels (Label moves up when you type),Moderate (Key details with option to expand),3,List View (One product per row with details on the side),"Detailed (All information visible - specs, reviews, descriptions)","Text-focused (20% images, 80% text - detailed descriptions)",Balanced,Sidebar (Permanent navigation panel on the left),Collapsible (Search bar that expands when clicked),Visual Grid (Category tiles with images),3,"Info Rich (Lots of details, ratings, specs visible)",With Comparison (Shows similar products' prices),Sidebar Left (Permanent filter panel on the left side),Yes (Always visible sidebar with filters),New Tab (Opens product in a new browser tab),Recent 3- 5 (Show a few recent reviews),Swipeable horizontal cards (carousel style),"Detailed (All information visible - specs, reviews, descriptions)","Text-focused (20% images, 80% text - detailed descriptions)",Balanced,Swipe-based navigation,Collapsible (Search bar that expands when clicked),Dropdown Menu (Text-based dropdown list),"Info Rich (Lots of details, ratings, specs visible)",Simple Display (Price is visible but not emphasized),Drawer Overlay (Slides in from the side when clicked),Direct navigation (Each product card includes a button that takes you directly to the product page when tapped),Collapsible Sections (Reviews can be expanded or collapsed within the product details),No (Header scrolls away with content),"Standard (Normal size, more content visible)",Identical (Exactly the same on all devices),4,nan,nan
21/01/2026 09:52:51,Yes,25-34,Male,Postgraduate,Laptop/Desktop,Research (I like exploring products and learning about them),Moderate (15-30 minutes - I compare a few options),Important (Price is a major factor in my decisions),Always read reviews (I won't buy without checking reviews),Balanced (I mix familiar and new brands),Moderate influence (They help me decide),"The Researcher (I thoroughly research products, read reviews, compare options, and take my time making informed decisions)",3,3,5,2,4,3,3,4,2,4,3,4,Excited,2. Classic Serif (Traditional fonts with decorative strokes like Times New Roman),"3. Large (16-18px - Easy to read, comfortable)","Warm Earthy (Browns, beiges, warm oranges - natural and cozy)","Red (Bold, urgent, attention-grabbing)","Light Gray (Soft, reduces eye strain)",Balanced (Moderate spacing - comfortable middle ground),"Pill-shaped (Fully rounded ends, very smooth)",Medium Split (Takes up half the screen),Trending (What's popular right now),User Photos (Photos uploaded by customers),"Countdown Timers (Show ""Sale ends in 2 hours"")",Rounded Corners,One Page (All checkout steps on a single scrolling page),"Minimal (Very subtle, clean design)",Detailed Full (All specifications and information visible),3,"4 Columns (Compact view, many items visible at once)","Moderate (Balanced - some details visible, click for more)","Balanced (50% images, 50% text - equal emphasis)",Spacious (clean and uncluttered),Combination of top bar and dropdowns,"Always Visible Top (Large, prominent search bar always shown)",Visual Grid (Category tiles with images),3,"Badge Heavy (Shows bestseller, new, sale badges prominently)",Bold Large (Price is the most prominent element),Sidebar Left (Permanent filter panel on the left side),Yes (Always visible sidebar with filters),Modal Popup (Product details appear in a centered overlay),All Paginated (Show all reviews with pagination),Single-column large cards (easy to scroll and tap),"Moderate (Balanced - some details visible, click for more)","Balanced (50% images, 50% text - equal emphasis)",Balanced,Bottom Nav (Navigation bar at the bottom - mobile style),Collapsible (Search bar that expands when clicked),Dropdown Menu (Text-based dropdown list),"Minimal Clean (Simple image, name, price - no clutter)",Bold Large (Price is the most prominent element),Full-Screen Overlay (Displayed across screen),No Quick View (I prefer to go to the full product page),Collapsible Sections (Reviews can be expanded or collapsed within the product details),Yes (Header stays at top while scrolling),"Large (Easier to tap, less content visible)","Yes, Very Different (Completely different design for each device)",5,"A great online shopping experience is fast, intuitive, and feels trustworthy—clear navigation, powerful search with smart filters, and transparent pricing make a huge difference.","My biggest frustration is hidden costs or surprises at checkout—unexpected shipping fees, taxes, or forced account creation often make me abandon the cart."
21/01/2026 09:54:33,Yes,25-34,Female,Postgraduate,Smartphone,Need-based (I shop when I need something specific),Moderate (15-30 minutes - I compare a few options),Moderately important (I balance price and quality),Always read reviews (I won't buy without checking reviews),Very loyal (I rarely switch from my favorite brands),Strong influence (They significantly affect my choices),"The Minimalist (I want simple, efficient shopping. Show me what I need with minimal fuss)",3,4,3,3,2,3,3,3,3,3,3,4,Neutral,"1. Modern Sans-serif (Clean, contemporary fonts like Arial or Helvetica)",4. Extra Large (18+px - Maximum readability),Cool Blues (Blues and grays - calm and trustworthy),"Blue (Trustworthy, professional, calm)","Cream/Off-white (Warm, comfortable, paper-like)",Balanced (Moderate spacing - comfortable middle ground),"Pill-shaped (Fully rounded ends, very smooth)",Medium Split (Takes up half the screen),Deals (Products on sale or special offers),Customer Reviews (Written reviews with ratings),Both (Show both stock and time based urgency),Rounded Corners,Progress Bar (Multi step with visual progress indicator),Outlined (Border around the field),Expandable Sections (Organized into collapsible sections),3,List View (One product per row with details on the side),"Moderate (Balanced - some details visible, click for more)","Balanced (50% images, 50% text - equal emphasis)",Balanced,Combination of top bar and dropdowns,"Always Visible Top (Large, prominent search bar always shown)",Text List (Simple text links),3,"Info Rich (Lots of details, ratings, specs visible)",Strike-through Original (Shows original price crossed out with sale price),Top Bar (Filters displayed across the top),No (Prefer filters in a different location),Sidebar Slide (Details slide in from the right),All Paginated (Show all reviews with pagination),Compact stacked cards (more products per screen),"Moderate (Balanced - some details visible, click for more)","Balanced (50% images, 50% text - equal emphasis)",Balanced,Hamburger Menu (Three-line icon that opens a side menu),Collapsible (Search bar that expands when clicked),Dropdown Menu (Text-based dropdown list),"Badge Heavy (Shows bestseller, new, sale badges prominently)",Bold Large (Price is the most prominent element),Drawer Overlay (Slides in from the side when clicked),No Quick View (I prefer to go to the full product page),Collapsible Sections (Reviews can be expanded or collapsed within the product details),No (Header scrolls away with content),"Large (Easier to tap, less content visible)","Yes, Very Different (Completely different design for each device)",4,Minimal with filters,"When I navigate to a product then go back to the list of the products page, I can't get o where I left it, it refreshes"
21/01/2026 10:14:30,Yes,18-24,Male,Graduate,Laptop/Desktop,Need-based (I shop when I need something specific),Research-heavy (30+ minutes - I thoroughly research before buying),Moderately important (I balance price and quality),Often read reviews (For most purchases),Prefer familiar brands (I stick with what works),Slight influence (I notice but don't rely on them),"The Minimalist (I want simple, efficient shopping. Show me what I need with minimal fuss)",3,3,4,5,3,3,5,2,2,4,1,5,Bored,2. Classic Serif (Traditional fonts with decorative strokes like Times New Roman),"3. Large (16-18px - Easy to read, comfortable)",Dark Mode (Dark backgrounds with light text - modern and easy on eyes),"Blue (Trustworthy, professional, calm)",Dark (Dark gray or black background),Balanced (Moderate spacing - comfortable middle ground),"Rounded Corners (Soft, modern rounded edges)",Medium Split (Takes up half the screen),Category based (Similar items from the same category),Customer Reviews (Written reviews with ratings),Both (Show both stock and time based urgency),Rounded Corners,Progress Bar (Multi step with visual progress indicator),Outlined (Border around the field),Expandable Sections (Organized into collapsible sections),3,"4 Columns (Compact view, many items visible at once)","Moderate (Balanced - some details visible, click for more)","Image-focused (80% images, 20% text - highly visual)",Balanced,Top Bar (Categories always visible across the top),"Always Visible Top (Large, prominent search bar always shown)",Visual Grid (Category tiles with images),3,"Info Rich (Lots of details, ratings, specs visible)",With Savings Highlighted (Shows discount amount prominently),Sidebar Left (Permanent filter panel on the left side),Yes (Always visible sidebar with filters),Sidebar Slide (Details slide in from the right),Recent 3- 5 (Show a few recent reviews),Single-column large cards (easy to scroll and tap),"Moderate (Balanced - some details visible, click for more)","Balanced (50% images, 50% text - equal emphasis)",Spacious (clean and uncluttered),Full-screen category menu,Collapsible (Search bar that expands when clicked),Dropdown Menu (Text-based dropdown list),"Info Rich (Lots of details, ratings, specs visible)",Strike-through Original (Shows original price crossed out with sale price),Drawer Overlay (Slides in from the side when clicked),Slide-Up Panel (Preview product details in a slide-up panel without leaving the product lis),Collapsible Sections (Reviews can be expanded or collapsed within the product details),Yes (Header stays at top while scrolling),"Large (Easier to tap, less content visible)",Similar (Mostly the same with minor adjustments),4,Fast and easy to use,Sometimes I find some sites that make me frustrated like lagging or take a lot of time to load especially on mobile
21/01/2026 10:24:11,Yes,25-34,Male,Graduate,Smartphone,Need-based (I shop when I need something specific),Quick (5-15 minutes - I know what I want),Very important (I always look for the best price),Sometimes read reviews (For certain product types),Prefer familiar brands (I stick with what works),Strong influence (They significantly affect my choices),The Loyal Customer (I stick with brands and stores I trust. I value consistency and reliability),3,3,4,4,5,3,1,2,1,4,3,4,Relaxed,"3. Rounded Friendly (Soft, approachable fonts with rounded edges)","3. Large (16-18px - Easy to read, comfortable)","Warm Earthy (Browns, beiges, warm oranges - natural and cozy)","Blue (Trustworthy, professional, calm)","Cream/Off-white (Warm, comfortable, paper-like)",Balanced (Moderate spacing - comfortable middle ground),"Rounded Corners (Soft, modern rounded edges)",Medium Split (Takes up half the screen),Category based (Similar items from the same category),"Bestseller Badges (""Most Popular"" or ""Bestseller"" tags)",Both (Show both stock and time based urgency),Rounded Corners,One Page (All checkout steps on a single scrolling page),"Minimal (Very subtle, clean design)",Moderate (Key details with option to expand),3,"4 Columns (Compact view, many items visible at once)","Moderate (Balanced - some details visible, click for more)","Image-focused (80% images, 20% text - highly visual)",Spacious (clean and uncluttered),Top Bar (Categories always visible across the top),"Always Visible Top (Large, prominent search bar always shown)",Visual Grid (Category tiles with images),3,"Info Rich (Lots of details, ratings, specs visible)",Bold Large (Price is the most prominent element),Sidebar Left (Permanent filter panel on the left side),Yes (Always visible sidebar with filters),Sidebar Slide (Details slide in from the right),Summary Only (Average rating and total count),Compact stacked cards (more products per screen),"Moderate (Balanced - some details visible, click for more)","Balanced (50% images, 50% text - equal emphasis)",Balanced,Hamburger Menu (Three-line icon that opens a side menu),Collapsible (Search bar that expands when clicked),Visual Grid (Category tiles with images),"Info Rich (Lots of details, ratings, specs visible)",Bold Large (Price is the most prominent element),Bottom Sheet (Slides up from bottom mobile style),Slide-Up Panel (Preview product details in a slide-up panel without leaving the product lis),Summary Only (Average rating and total count),No (Header scrolls away with content),"Standard (Normal size, more content visible)",Similar (Mostly the same with minor adjustments),5,Keeping checkout as simple as possible. Products availability.,nan
21/01/2026 11:29:30,Yes,35.44,Male,Postgraduate,Smartphone,Need-based (I shop when I need something specific),Quick (5-15 minutes - I know what I want),Important (Price is a major factor in my decisions),Rarely read reviews (Only for expensive items),Balanced (I mix familiar and new brands),Slight influence (I notice but don't rely on them),"The Minimalist (I want simple, efficient shopping. Show me what I need with minimal fuss)",3,3,5,2,2,3,5,3,1,4,4,5,Stressed,2. Classic Serif (Traditional fonts with decorative strokes like Times New Roman),4. Extra Large (18+px - Maximum readability),"Warm Earthy (Browns, beiges, warm oranges - natural and cozy)","Red (Bold, urgent, attention-grabbing)","Pure White (Clean, bright, maximum contrast)","Spacious (Lots of spacing - clean, uncluttered, breathing room)","Sharp Square (Clean, professional 90-degree corners)",Medium Split (Takes up half the screen),Category based (Similar items from the same category),Customer Reviews (Written reviews with ratings),"Stock Numbers (Show ""Only 3 left in stock"")",Rounded Corners,Progress Bar (Multi step with visual progress indicator),"Filled Background (Shaded background, no border)",Detailed Full (All specifications and information visible),3,Mixed (Combination of different layouts),"Detailed (All information visible - specs, reviews, descriptions)","Text-focused (20% images, 80% text - detailed descriptions)",Balanced,Sidebar (Permanent navigation panel on the left),"Always Visible Top (Large, prominent search bar always shown)",Visual Grid (Category tiles with images),3,"Image Heavy (Large, prominent product photos)",Bold Large (Price is the most prominent element),Sidebar Left (Permanent filter panel on the left side),Yes (Always visible sidebar with filters),Modal Popup (Product details appear in a centered overlay),Recent 3- 5 (Show a few recent reviews),List view with expandable details,"Moderate (Balanced - some details visible, click for more)","Balanced (50% images, 50% text - equal emphasis)",Balanced,Full-screen category menu,"Always Visible Top (Large, prominent search bar always shown)",Visual Grid (Category tiles with images),"Info Rich (Lots of details, ratings, specs visible)",Bold Large (Price is the most prominent element),Full-Screen Overlay (Displayed across screen),No Quick View (I prefer to go to the full product page),Collapsible Sections (Reviews can be expanded or collapsed within the product details),Yes (Header stays at top while scrolling),"Large (Easier to tap, less content visible)",Somewhat Different (Adapted but recognizable),4,"prices, easy navigating, to reach the info easily",only the prices
21/01/2026 11:44:16,Yes,18-24,Female,Postgraduate,Smartphone,Entertainment (I browse for fun and enjoyment),Research-heavy (30+ minutes - I thoroughly research before buying),Somewhat unimportant (Price matters but isn't a dealbreaker),Sometimes read reviews (For certain product types),Balanced (I mix familiar and new brands),Slight influence (I notice but don't rely on them),"The Impulsive Buyer (I make quick decisions based on intuition and emotion. If I like it, I buy it)",3,2,4,2,3,3,1,2,1,4,3,2,Relaxed,"3. Rounded Friendly (Soft, approachable fonts with rounded edges)","2. Medium (14-16px - Standard size, balanced)","Pastel Soft (Light, muted colors - gentle and soothing)","Green (Natural, positive, go-ahead)","Pure White (Clean, bright, maximum contrast)",Balanced (Moderate spacing - comfortable middle ground),"Pill-shaped (Fully rounded ends, very smooth)",Large Full screen (Takes up entire first screen),Deals (Products on sale or special offers),"Bestseller Badges (""Most Popular"" or ""Bestseller"" tags)",None (I find these annoying and manipulative),Rounded Corners,Express Checkout (One click purchase with saved info),Outlined (Border around the field),Expandable Sections (Organized into collapsible sections),3,"3 Columns (Balanced view, moderate item size)","Minimal (Only key information - product name, price, image)","Image-focused (80% images, 20% text - highly visual)",Balanced,Top Bar (Categories always visible across the top),"Icon Only (Magnifying glass icon, opens search when clicked)",Visual Grid (Category tiles with images),3,"Badge Heavy (Shows bestseller, new, sale badges prominently)",With Savings Highlighted (Shows discount amount prominently),Top Bar (Filters displayed across the top),Yes (Always visible sidebar with filters),Modal Popup (Product details appear in a centered overlay),Ratings Bar Only (Visual breakdown of star ratings),Compact stacked cards (more products per screen),"Moderate (Balanced - some details visible, click for more)","Balanced (50% images, 50% text - equal emphasis)",Balanced,Bottom Nav (Navigation bar at the bottom - mobile style),"Icon Only (Magnifying glass icon, opens search when clicked)",Mega Menu with Images (Large dropdown with category images and subcategories),"Info Rich (Lots of details, ratings, specs visible)",Strike-through Original (Shows original price crossed out with sale price),Drawer Overlay (Slides in from the side when clicked),No Quick View (I prefer to go to the full product page),Summary Only (Average rating and total count),Yes (Header stays at top while scrolling),"Standard (Normal size, more content visible)",Somewhat Different (Adapted but recognizable),3,Clean and minimal theme,Too many colors and small fonts and congested pages and unclear navigation ( Amazon)
21/01/2026 11:46:45,Yes,18-24,Female,Graduate,Laptop/Desktop,Deal-hunting (I look for sales and discounts),Research-heavy (30+ minutes - I thoroughly research before buying),Important (Price is a major factor in my decisions),Always read reviews (I won't buy without checking reviews),Balanced (I mix familiar and new brands),Moderate influence (They help me decide),"The Researcher (I thoroughly research products, read reviews, compare options, and take my time making informed decisions)",3,3,1,3,3,3,4,2,3,3,2,4,Relaxed,"3. Rounded Friendly (Soft, approachable fonts with rounded edges)","3. Large (16-18px - Easy to read, comfortable)","Minimalist Black & White (Clean, high contrast, professional)","Blue (Trustworthy, professional, calm)","Soft Color (Subtle tint - light blue, pink, etc.)",Balanced (Moderate spacing - comfortable middle ground),"Rounded Corners (Soft, modern rounded edges)",Small Strip (Thin banner across the top),Deals (Products on sale or special offers),User Photos (Photos uploaded by customers),Both (Show both stock and time based urgency),Rounded Corners,Progress Bar (Multi step with visual progress indicator),Outlined (Border around the field),Expandable Sections (Organized into collapsible sections),3,"3 Columns (Balanced view, moderate item size)","Moderate (Balanced - some details visible, click for more)","Image-focused (80% images, 20% text - highly visual)",Balanced,Combination of top bar and dropdowns,Collapsible (Search bar that expands when clicked),Mega Menu with Images (Large dropdown with category images and subcategories),3,"Badge Heavy (Shows bestseller, new, sale badges prominently)",Strike-through Original (Shows original price crossed out with sale price),Top Bar (Filters displayed across the top),Yes (Always visible sidebar with filters),Modal Popup (Product details appear in a centered overlay),Recent 3- 5 (Show a few recent reviews),Compact stacked cards (more products per screen),"Detailed (All information visible - specs, reviews, descriptions)","Balanced (50% images, 50% text - equal emphasis)",Balanced,Bottom Nav (Navigation bar at the bottom - mobile style),"Always Visible Top (Large, prominent search bar always shown)",Dropdown Menu (Text-based dropdown list),"Badge Heavy (Shows bestseller, new, sale badges prominently)",Bold Large (Price is the most prominent element),Drawer Overlay (Slides in from the side when clicked),No Quick View (I prefer to go to the full product page),Collapsible Sections (Reviews can be expanded or collapsed within the product details),Yes (Header stays at top while scrolling),"Standard (Normal size, more content visible)","Yes, Very Different (Completely different design for each device)",4,nan,nan
21/01/2026 12:33:31,Yes,18-24,Female,Graduate,Smartphone,Deal-hunting (I look for sales and discounts),Moderate (15-30 minutes - I compare a few options),Very important (I always look for the best price),Sometimes read reviews (For certain product types),Balanced (I mix familiar and new brands),Strong influence (They significantly affect my choices),"The Browser (I enjoy browsing and discovering products, often without immediate purchase intent)",3,3,4,4,2,3,3,2,2,4,4,4,Stressed,2. Classic Serif (Traditional fonts with decorative strokes like Times New Roman),4. Extra Large (18+px - Maximum readability),"Minimalist Black & White (Clean, high contrast, professional)","Green (Natural, positive, go-ahead)","Cream/Off-white (Warm, comfortable, paper-like)",Balanced (Moderate spacing - comfortable middle ground),"Outlined (Border only, no fill color)",Small Strip (Thin banner across the top),Category based (Similar items from the same category),User Photos (Photos uploaded by customers),None (I find these annoying and manipulative),Rounded Corners,Progress Bar (Multi step with visual progress indicator),"Minimal (Very subtle, clean design)",Detailed Full (All specifications and information visible),3,"3 Columns (Balanced view, moderate item size)","Moderate (Balanced - some details visible, click for more)","Balanced (50% images, 50% text - equal emphasis)",Balanced,Sidebar (Permanent navigation panel on the left),"Always Visible Top (Large, prominent search bar always shown)",Text List (Simple text links),3,"Info Rich (Lots of details, ratings, specs visible)",With Savings Highlighted (Shows discount amount prominently),Sidebar Left (Permanent filter panel on the left side),Yes (Always visible sidebar with filters),Modal Popup (Product details appear in a centered overlay),All Paginated (Show all reviews with pagination),Compact stacked cards (more products per screen),"Detailed (All information visible - specs, reviews, descriptions)","Balanced (50% images, 50% text - equal emphasis)",Balanced,Full-screen category menu,"Always Visible Top (Large, prominent search bar always shown)",Mega Menu with Images (Large dropdown with category images and subcategories),"Info Rich (Lots of details, ratings, specs visible)",Strike-through Original (Shows original price crossed out with sale price),Bottom Sheet (Slides up from bottom mobile style),Slide-Up Panel (Preview product details in a slide-up panel without leaving the product lis),Collapsible Sections (Reviews can be expanded or collapsed within the product details),Yes (Header stays at top while scrolling),"Standard (Normal size, more content visible)",Similar (Mostly the same with minor adjustments),2,nan,nan
21/01/2026 13:42:53,Yes,25-34,Female,Postgraduate,Smartphone,Need-based (I shop when I need something specific),Moderate (15-30 minutes - I compare a few options),Moderately important (I balance price and quality),Sometimes read reviews (For certain product types),Prefer familiar brands (I stick with what works),Moderate influence (They help me decide),"The Impulsive Buyer (I make quick decisions based on intuition and emotion. If I like it, I buy it)",3,4,4,3,4,3,2,4,2,3,2,4,Relaxed,"3. Rounded Friendly (Soft, approachable fonts with rounded edges)","3. Large (16-18px - Easy to read, comfortable)","Warm Earthy (Browns, beiges, warm oranges - natural and cozy)","Blue (Trustworthy, professional, calm)","Cream/Off-white (Warm, comfortable, paper-like)",Balanced (Moderate spacing - comfortable middle ground),"Rounded Corners (Soft, modern rounded edges)",Small Strip (Thin banner across the top),Trending (What's popular right now),None (I don't need social proof indicators),"Countdown Timers (Show ""Sale ends in 2 hours"")",Rounded Corners,Progress Bar (Multi step with visual progress indicator),Outlined (Border around the field),Brief Summary (Just the essential information),3,List View (One product per row with details on the side),"Moderate (Balanced - some details visible, click for more)","Image-focused (80% images, 20% text - highly visual)",Balanced,Sidebar (Permanent navigation panel on the left),Collapsible (Search bar that expands when clicked),Dropdown Menu (Text-based dropdown list),3,"Minimal Clean (Simple image, name, price - no clutter)",Strike-through Original (Shows original price crossed out with sale price),Sidebar Left (Permanent filter panel on the left side),No (Prefer filters in a different location),Modal Popup (Product details appear in a centered overlay),Ratings Bar Only (Visual breakdown of star ratings),Compact stacked cards (more products per screen),"Moderate (Balanced - some details visible, click for more)","Balanced (50% images, 50% text - equal emphasis)",Balanced,Swipe-based navigation,Collapsible (Search bar that expands when clicked),Mega Menu with Images (Large dropdown with category images and subcategories),"Minimal Clean (Simple image, name, price - no clutter)",Strike-through Original (Shows original price crossed out with sale price),Drawer Overlay (Slides in from the side when clicked),Slide-Up Panel (Preview product details in a slide-up panel without leaving the product lis),Collapsible Sections (Reviews can be expanded or collapsed within the product details),Yes (Header stays at top while scrolling),"Standard (Normal size, more content visible)",Similar (Mostly the same with minor adjustments),5,"When it is fast, visually clean, and easy to navigate, with clear product information and high-quality images",When it is complicated and slow. Also when it has poor search and requires too much time due to excessive navigation.
21/01/2026 15:10:55,Yes,18-24,Male,Graduate,Smartphone,Entertainment (I browse for fun and enjoyment),Quick (5-15 minutes - I know what I want),Moderately important (I balance price and quality),Always read reviews (I won't buy without checking reviews),Balanced (I mix familiar and new brands),Strong influence (They significantly affect my choices),"The Deal Hunter (I'm motivated by sales, discounts, and getting the best value. I wait for promotions)",3,3,1,2,4,3,5,4,1,3,2,5,Neutral,"1. Modern Sans-serif (Clean, contemporary fonts like Arial or Helvetica)","2. Medium (14-16px - Standard size, balanced)",Cool Blues (Blues and grays - calm and trustworthy),"Blue (Trustworthy, professional, calm)","Pure White (Clean, bright, maximum contrast)",Balanced (Moderate spacing - comfortable middle ground),"Rounded Corners (Soft, modern rounded edges)",Medium Split (Takes up half the screen),Deals (Products on sale or special offers),User Photos (Photos uploaded by customers),None (I find these annoying and manipulative),Rounded Corners,Progress Bar (Multi step with visual progress indicator),"Minimal (Very subtle, clean design)",Moderate (Key details with option to expand),3,"4 Columns (Compact view, many items visible at once)","Moderate (Balanced - some details visible, click for more)","Image-focused (80% images, 20% text - highly visual)",Balanced,Combination of top bar and dropdowns,"Always Visible Top (Large, prominent search bar always shown)",Mega Menu with Images (Large dropdown with category images and subcategories),3,"Badge Heavy (Shows bestseller, new, sale badges prominently)",Strike-through Original (Shows original price crossed out with sale price),Sidebar Left (Permanent filter panel on the left side),Yes (Always visible sidebar with filters),New Tab (Opens product in a new browser tab),All Paginated (Show all reviews with pagination),List view with expandable details,"Moderate (Balanced - some details visible, click for more)","Balanced (50% images, 50% text - equal emphasis)",Balanced,Bottom Nav (Navigation bar at the bottom - mobile style),Collapsible (Search bar that expands when clicked),Visual Grid (Category tiles with images),Card with Shadow (Raised card effect with drop shadow),Strike-through Original (Shows original price crossed out with sale price),Bottom Sheet (Slides up from bottom mobile style),Slide-Up Panel (Preview product details in a slide-up panel without leaving the product lis),Collapsible Sections (Reviews can be expanded or collapsed within the product details),Yes (Header stays at top while scrolling),"Standard (Normal size, more content visible)",Somewhat Different (Adapted but recognizable),4,If the payment process is easy and not sophisticated it’ll be great,The complexity of use
21/01/2026 15:44:06,Yes,25-34,Female,Postgraduate,Smartphone,Need-based (I shop when I need something specific),Moderate (15-30 minutes - I compare a few options),Moderately important (I balance price and quality),Often read reviews (For most purchases),Prefer familiar brands (I stick with what works),Moderate influence (They help me decide),The Loyal Customer (I stick with brands and stores I trust. I value consistency and reliability),3,3,4,3,4,3,5,3,2,3,2,2,Excited,"4. Bold Impact (Strong, attention-grabbing fonts)","3. Large (16-18px - Easy to read, comfortable)","Warm Earthy (Browns, beiges, warm oranges - natural and cozy)","Blue (Trustworthy, professional, calm)","Cream/Off-white (Warm, comfortable, paper-like)",Balanced (Moderate spacing - comfortable middle ground),"Rounded Corners (Soft, modern rounded edges)",Large Full screen (Takes up entire first screen),Deals (Products on sale or special offers),Customer Reviews (Written reviews with ratings),"Countdown Timers (Show ""Sale ends in 2 hours"")",Rounded Corners,One Page (All checkout steps on a single scrolling page),"Minimal (Very subtle, clean design)",Brief Summary (Just the essential information),3,List View (One product per row with details on the side),"Moderate (Balanced - some details visible, click for more)","Image-focused (80% images, 20% text - highly visual)",Spacious (clean and uncluttered),Sidebar (Permanent navigation panel on the left),"Always Visible Top (Large, prominent search bar always shown)",Text List (Simple text links),3,"Minimal Clean (Simple image, name, price - no clutter)",With Comparison (Shows similar products' prices),Sidebar Left (Permanent filter panel on the left side),Yes (Always visible sidebar with filters),Sidebar Slide (Details slide in from the right),Recent 3- 5 (Show a few recent reviews),List view with expandable details,"Moderate (Balanced - some details visible, click for more)","Balanced (50% images, 50% text - equal emphasis)",Balanced,Hamburger Menu (Three-line icon that opens a side menu),"Always Visible Top (Large, prominent search bar always shown)",Dropdown Menu (Text-based dropdown list),"Minimal Clean (Simple image, name, price - no clutter)",Simple Display (Price is visible but not emphasized),Drawer Overlay (Slides in from the side when clicked),Slide-Up Panel (Preview product details in a slide-up panel without leaving the product lis),Collapsible Sections (Reviews can be expanded or collapsed within the product details),Yes (Header stays at top while scrolling),"Large (Easier to tap, less content visible)",Somewhat Different (Adapted but recognizable),4,nan,nan
21/01/2026 16:00:22,Yes,18-24,Female,Undergraduate,Smartphone,Need-based (I shop when I need something specific),Research-heavy (30+ minutes - I thoroughly research before buying),Moderately important (I balance price and quality),Often read reviews (For most purchases),Balanced (I mix familiar and new brands),No influence (I ignore these indicators),"The Minimalist (I want simple, efficient shopping. Show me what I need with minimal fuss)",3,3,2,4,1,3,2,2,4,1,2,1,Neutral,2. Classic Serif (Traditional fonts with decorative strokes like Times New Roman),4. Extra Large (18+px - Maximum readability),Cool Blues (Blues and grays - calm and trustworthy),"Blue (Trustworthy, professional, calm)","Cream/Off-white (Warm, comfortable, paper-like)",Balanced (Moderate spacing - comfortable middle ground),"Rounded Corners (Soft, modern rounded edges)","None (No promotional banner, go straight to products)",Category based (Similar items from the same category),Customer Reviews (Written reviews with ratings),Both (Show both stock and time based urgency),Rounded Corners,One Page (All checkout steps on a single scrolling page),"Minimal (Very subtle, clean design)",Expandable Sections (Organized into collapsible sections),3,List View (One product per row with details on the side),"Moderate (Balanced - some details visible, click for more)","Balanced (50% images, 50% text - equal emphasis)",Spacious (clean and uncluttered),Mega Menu (Dropdown with images and subcategories),"Always Visible Top (Large, prominent search bar always shown)",Visual Grid (Category tiles with images),3,"Info Rich (Lots of details, ratings, specs visible)",Bold Large (Price is the most prominent element),Sidebar Left (Permanent filter panel on the left side),Yes (Always visible sidebar with filters),No Quick View (I prefer to go to the full product page),Ratings Bar Only (Visual breakdown of star ratings),List view with expandable details,"Moderate (Balanced - some details visible, click for more)","Balanced (50% images, 50% text - equal emphasis)",Balanced,Bottom Nav (Navigation bar at the bottom - mobile style),"Icon Only (Magnifying glass icon, opens search when clicked)",Dropdown Menu (Text-based dropdown list),"Minimal Clean (Simple image, name, price - no clutter)",Strike-through Original (Shows original price crossed out with sale price),Bottom Sheet (Slides up from bottom mobile style),No Quick View (I prefer to go to the full product page),Summary Only (Average rating and total count),Yes (Header stays at top while scrolling),"Standard (Normal size, more content visible)",Similar (Mostly the same with minor adjustments),4,Good material and shopping experience. A good customer service will leave great impression.,"Ithe material is decent but the website or the delivery were awful, I would speak to the page directly. I wouldn’t use the website. The delivery is always a miss or hit so that should be kept in mind."
21/01/2026 18:55:13,Yes,18-24,Female,Undergraduate,Smartphone,Deal-hunting (I look for sales and discounts),Impulsive (Less than 5 minutes - I decide quickly),Moderately important (I balance price and quality),Often read reviews (For most purchases),Prefer familiar brands (I stick with what works),Moderate influence (They help me decide),"The Deal Hunter (I'm motivated by sales, discounts, and getting the best value. I wait for promotions)",3,3,4,3,4,3,4,5,2,3,2,4,Stressed,"1. Modern Sans-serif (Clean, contemporary fonts like Arial or Helvetica)",4. Extra Large (18+px - Maximum readability),"Minimalist Black & White (Clean, high contrast, professional)","Blue (Trustworthy, professional, calm)","Pure White (Clean, bright, maximum contrast)",Balanced (Moderate spacing - comfortable middle ground),"Rounded Corners (Soft, modern rounded edges)",Medium Split (Takes up half the screen),Deals (Products on sale or special offers),"Bestseller Badges (""Most Popular"" or ""Bestseller"" tags)","Countdown Timers (Show ""Sale ends in 2 hours"")",Rounded Corners,Progress Bar (Multi step with visual progress indicator),Outlined (Border around the field),Moderate (Key details with option to expand),3,"3 Columns (Balanced view, moderate item size)","Moderate (Balanced - some details visible, click for more)","Image-focused (80% images, 20% text - highly visual)",Spacious (clean and uncluttered),Top Bar (Categories always visible across the top),"Always Visible Top (Large, prominent search bar always shown)",Dropdown Menu (Text-based dropdown list),3,"Badge Heavy (Shows bestseller, new, sale badges prominently)",With Savings Highlighted (Shows discount amount prominently),Sidebar Left (Permanent filter panel on the left side),No (Prefer filters in a different location),Sidebar Slide (Details slide in from the right),Recent 3- 5 (Show a few recent reviews),Swipeable horizontal cards (carousel style),"Moderate (Balanced - some details visible, click for more)","Balanced (50% images, 50% text - equal emphasis)",Balanced,Bottom Nav (Navigation bar at the bottom - mobile style),Collapsible (Search bar that expands when clicked),Mega Menu with Images (Large dropdown with category images and subcategories),"Minimal Clean (Simple image, name, price - no clutter)",Strike-through Original (Shows original price crossed out with sale price),Bottom Sheet (Slides up from bottom mobile style),Slide-Up Panel (Preview product details in a slide-up panel without leaving the product lis),Summary Only (Average rating and total count),Yes (Header stays at top while scrolling),"Large (Easier to tap, less content visible)",Somewhat Different (Adapted but recognizable),4,nan,nan
21/01/2026 22:09:38,Yes,25-34,Female,Postgraduate,Smartphone,Deal-hunting (I look for sales and discounts),Moderate (15-30 minutes - I compare a few options),Important (Price is a major factor in my decisions),Always read reviews (I won't buy without checking reviews),Balanced (I mix familiar and new brands),Moderate influence (They help me decide),"The Minimalist (I want simple, efficient shopping. Show me what I need with minimal fuss)",3,3,5,1,2,3,2,4,2,4,4,2,Stressed,"3. Rounded Friendly (Soft, approachable fonts with rounded edges)",4. Extra Large (18+px - Maximum readability),"Minimalist Black & White (Clean, high contrast, professional)","Blue (Trustworthy, professional, calm)","Light Gray (Soft, reduces eye strain)",Balanced (Moderate spacing - comfortable middle ground),"Rounded Corners (Soft, modern rounded edges)",Medium Split (Takes up half the screen),Deals (Products on sale or special offers),User Photos (Photos uploaded by customers),"Stock Numbers (Show ""Only 3 left in stock"")",Rounded Corners,One Page (All checkout steps on a single scrolling page),Floating Labels (Label moves up when you type),Moderate (Key details with option to expand),3,"2 Columns (Large product images, fewer items per row)","Moderate (Balanced - some details visible, click for more)","Balanced (50% images, 50% text - equal emphasis)",Balanced,Sidebar (Permanent navigation panel on the left),"Icon Only (Magnifying glass icon, opens search when clicked)",Dropdown Menu (Text-based dropdown list),3,"Image Heavy (Large, prominent product photos)",With Savings Highlighted (Shows discount amount prominently),Modal (Pops up in the center when clicked),Yes (Always visible sidebar with filters),Modal Popup (Product details appear in a centered overlay),All Paginated (Show all reviews with pagination),Single-column large cards (easy to scroll and tap),"Moderate (Balanced - some details visible, click for more)","Balanced (50% images, 50% text - equal emphasis)",Balanced,Full-screen category menu,Collapsible (Search bar that expands when clicked),Visual Grid (Category tiles with images),"Info Rich (Lots of details, ratings, specs visible)",Strike-through Original (Shows original price crossed out with sale price),Full-Screen Overlay (Displayed across screen),No Quick View (I prefer to go to the full product page),Summary Only (Average rating and total count),Yes (Header stays at top while scrolling),"Large (Easier to tap, less content visible)",Somewhat Different (Adapted but recognizable),4,Easy payment options - great deals - fast UI,Too many icons or ads - lagging
22/01/2026 10:39:37,Yes,25-34,Female,Graduate,Smartphone,Deal-hunting (I look for sales and discounts),Moderate (15-30 minutes - I compare a few options),Somewhat unimportant (Price matters but isn't a dealbreaker),Often read reviews (For most purchases),Balanced (I mix familiar and new brands),Strong influence (They significantly affect my choices),"The Impulsive Buyer (I make quick decisions based on intuition and emotion. If I like it, I buy it)",3,4,4,2,3,3,1,5,4,5,5,5,Neutral,2. Classic Serif (Traditional fonts with decorative strokes like Times New Roman),"3. Large (16-18px - Easy to read, comfortable)","Pastel Soft (Light, muted colors - gentle and soothing)","Pink (Playful, modern, soft)","Light Gray (Soft, reduces eye strain)",Balanced (Moderate spacing - comfortable middle ground),"Pill-shaped (Fully rounded ends, very smooth)",Medium Split (Takes up half the screen),Deals (Products on sale or special offers),Customer Reviews (Written reviews with ratings),"Stock Numbers (Show ""Only 3 left in stock"")",Rounded Corners,Progress Bar (Multi step with visual progress indicator),"Filled Background (Shaded background, no border)",Brief Summary (Just the essential information),3,"3 Columns (Balanced view, moderate item size)","Moderate (Balanced - some details visible, click for more)","Image-focused (80% images, 20% text - highly visual)",Spacious (clean and uncluttered),Mega Menu (Dropdown with images and subcategories),"Always Visible Top (Large, prominent search bar always shown)",Visual Grid (Category tiles with images),3,Card with Shadow (Raised card effect with drop shadow),Bold Large (Price is the most prominent element),Sidebar Left (Permanent filter panel on the left side),Yes (Always visible sidebar with filters),No Quick View (I prefer to go to the full product page),All Paginated (Show all reviews with pagination),List view with expandable details,"Detailed (All information visible - specs, reviews, descriptions)","Balanced (50% images, 50% text - equal emphasis)",Balanced,Swipe-based navigation,"Always Visible Top (Large, prominent search bar always shown)",Visual Grid (Category tiles with images),"Minimal Clean (Simple image, name, price - no clutter)",Simple Display (Price is visible but not emphasized),Bottom Sheet (Slides up from bottom mobile style),Slide-Up Panel (Preview product details in a slide-up panel without leaving the product lis),Summary Only (Average rating and total count),Yes (Header stays at top while scrolling),"Standard (Normal size, more content visible)",Similar (Mostly the same with minor adjustments),1,Clear and non glitchy website. easy add to cart if we want more than one item . fixing the shipping price to know it before checkout.,if the page keeps returning up from the beginning every time i close a viewing item. also if it is a restaurant i want the preparing screen and ready for delivery to continue and not stop in the order is being prepared.
22/01/2026 12:36:50,Yes,18-24,Female,Graduate,Smartphone,Research (I like exploring products and learning about them),Moderate (15-30 minutes - I compare a few options),Very important (I always look for the best price),Often read reviews (For most purchases),Balanced (I mix familiar and new brands),Strong influence (They significantly affect my choices),"The Deal Hunter (I'm motivated by sales, discounts, and getting the best value. I wait for promotions)",3,4,3,4,4,3,4,5,3,4,3,4,Neutral,"3. Rounded Friendly (Soft, approachable fonts with rounded edges)",4. Extra Large (18+px - Maximum readability),"Warm Earthy (Browns, beiges, warm oranges - natural and cozy)","Red (Bold, urgent, attention-grabbing)","Cream/Off-white (Warm, comfortable, paper-like)","Spacious (Lots of spacing - clean, uncluttered, breathing room)","Outlined (Border only, no fill color)",Large Full screen (Takes up entire first screen),Deals (Products on sale or special offers),Customer Reviews (Written reviews with ratings),"Countdown Timers (Show ""Sale ends in 2 hours"")",Rounded Corners,Express Checkout (One click purchase with saved info),Underlined/ Minimal (Line underneath only),Moderate (Key details with option to expand),3,List View (One product per row with details on the side),"Moderate (Balanced - some details visible, click for more)","Balanced (50% images, 50% text - equal emphasis)",Spacious (clean and uncluttered),Combination of top bar and dropdowns,"Icon Only (Magnifying glass icon, opens search when clicked)",Dropdown Menu (Text-based dropdown list),3,"Badge Heavy (Shows bestseller, new, sale badges prominently)",With Savings Highlighted (Shows discount amount prominently),Modal (Pops up in the center when clicked),No (Prefer filters in a different location),New Tab (Opens product in a new browser tab),Ratings Bar Only (Visual breakdown of star ratings),Compact stacked cards (more products per screen),"Moderate (Balanced - some details visible, click for more)","Balanced (50% images, 50% text - equal emphasis)",Balanced,Swipe-based navigation,"Always Visible Top (Large, prominent search bar always shown)",Mega Menu with Images (Large dropdown with category images and subcategories),"Badge Heavy (Shows bestseller, new, sale badges prominently)",Strike-through Original (Shows original price crossed out with sale price),Full-Screen Overlay (Displayed across screen),Slide-Up Panel (Preview product details in a slide-up panel without leaving the product lis),Summary Only (Average rating and total count),Yes (Header stays at top while scrolling),"Large (Easier to tap, less content visible)",Somewhat Different (Adapted but recognizable),5,nan,nan
22/01/2026 12:56:57,Yes,18-24,Female,Graduate,Laptop/Desktop,Need-based (I shop when I need something specific),Moderate (15-30 minutes - I compare a few options),Moderately important (I balance price and quality),Often read reviews (For most purchases),Always try new brands (I love discovering new products),Slight influence (I notice but don't rely on them),"The Minimalist (I want simple, efficient shopping. Show me what I need with minimal fuss)",3,3,4,3,3,3,3,2,2,3,3,3,Neutral,"3. Rounded Friendly (Soft, approachable fonts with rounded edges)","3. Large (16-18px - Easy to read, comfortable)","Minimalist Black & White (Clean, high contrast, professional)","Blue (Trustworthy, professional, calm)",Dark (Dark gray or black background),"Spacious (Lots of spacing - clean, uncluttered, breathing room)",Raised / Shadowed (Button with shadow or depth effect),Small Strip (Thin banner across the top),Deals (Products on sale or special offers),Customer Reviews (Written reviews with ratings),"Countdown Timers (Show ""Sale ends in 2 hours"")",Rounded Corners,Progress Bar (Multi step with visual progress indicator),Rounded Border Fields (Outlined field with rounded corners),Expandable Sections (Organized into collapsible sections),3,List View (One product per row with details on the side),"Detailed (All information visible - specs, reviews, descriptions)","Balanced (50% images, 50% text - equal emphasis)",Spacious (clean and uncluttered),Sidebar (Permanent navigation panel on the left),Collapsible (Search bar that expands when clicked),Visual Grid (Category tiles with images),3,"Badge Heavy (Shows bestseller, new, sale badges prominently)",Strike-through Original (Shows original price crossed out with sale price),Sidebar Left (Permanent filter panel on the left side),Yes (Always visible sidebar with filters),Sidebar Slide (Details slide in from the right),Recent 3- 5 (Show a few recent reviews),Compact stacked cards (more products per screen),"Moderate (Balanced - some details visible, click for more)","Balanced (50% images, 50% text - equal emphasis)",Balanced,Bottom Nav (Navigation bar at the bottom - mobile style),"Always Visible Top (Large, prominent search bar always shown)",Dropdown Menu (Text-based dropdown list),"Info Rich (Lots of details, ratings, specs visible)",Strike-through Original (Shows original price crossed out with sale price),Drawer Overlay (Slides in from the side when clicked),Slide-Up Panel (Preview product details in a slide-up panel without leaving the product lis),Collapsible Sections (Reviews can be expanded or collapsed within the product details),Yes (Header stays at top while scrolling),"Standard (Normal size, more content visible)",Somewhat Different (Adapted but recognizable),3,nan,nan
22/01/2026 17:19:08,Yes,18-24,Female,Graduate,Smartphone,Need-based (I shop when I need something specific),Quick (5-15 minutes - I know what I want),Moderately important (I balance price and quality),Always read reviews (I won't buy without checking reviews),Often try new brands (I'm open to switching),Moderate influence (They help me decide),"The Researcher (I thoroughly research products, read reviews, compare options, and take my time making informed decisions)",3,3,2,4,2,3,3,4,3,5,2,3,Neutral,2. Classic Serif (Traditional fonts with decorative strokes like Times New Roman),"3. Large (16-18px - Easy to read, comfortable)","Vibrant Bold (Bright, energetic colors - exciting and dynamic)","Blue (Trustworthy, professional, calm)","Cream/Off-white (Warm, comfortable, paper-like)",Balanced (Moderate spacing - comfortable middle ground),"Rounded Corners (Soft, modern rounded edges)",Medium Split (Takes up half the screen),Deals (Products on sale or special offers),User Photos (Photos uploaded by customers),Both (Show both stock and time based urgency),Rounded Corners,One Page (All checkout steps on a single scrolling page),Material Design Style (Underline-focused field with animated label and focus accent),Expandable Sections (Organized into collapsible sections),3,"4 Columns (Compact view, many items visible at once)","Moderate (Balanced - some details visible, click for more)","Image-focused (80% images, 20% text - highly visual)",Balanced,Mega Menu (Dropdown with images and subcategories),"Always Visible Top (Large, prominent search bar always shown)",Visual Grid (Category tiles with images),3,"Badge Heavy (Shows bestseller, new, sale badges prominently)",Strike-through Original (Shows original price crossed out with sale price),Sidebar Left (Permanent filter panel on the left side),No (Prefer filters in a different location),New Tab (Opens product in a new browser tab),Ratings Bar Only (Visual breakdown of star ratings),List view with expandable details,"Detailed (All information visible - specs, reviews, descriptions)","Balanced (50% images, 50% text - equal emphasis)",Balanced,Hamburger Menu (Three-line icon that opens a side menu),"Always Visible Top (Large, prominent search bar always shown)",Dropdown Menu (Text-based dropdown list),"Info Rich (Lots of details, ratings, specs visible)",Strike-through Original (Shows original price crossed out with sale price),Full-Screen Overlay (Displayed across screen),No Quick View (I prefer to go to the full product page),Summary Only (Average rating and total count),No (Header scrolls away with content),"Standard (Normal size, more content visible)",Somewhat Different (Adapted but recognizable),4,"For me, a great online shopping experience means a clean, fast website with intuitive navigation that makes finding products effortless. High-quality images, honest reviews, and a smooth checkout process build trust and comfort. Personal recommendations and responsive customer support are what really make me want to come back.","My main frustration when shopping online is reaching checkout and discovering hidden costs like high shipping fees or unexpected taxes. Slow-loading pages or a complicated checkout process also make me abandon purchases quickly. If a website feels confusing or untrustworthy, I immediately switch to another option."
22/01/2026 18:10:20,Yes,18-24,Female,Postgraduate,Smartphone,Need-based (I shop when I need something specific),Research-heavy (30+ minutes - I thoroughly research before buying),Moderately important (I balance price and quality),Always read reviews (I won't buy without checking reviews),Often try new brands (I'm open to switching),Slight influence (I notice but don't rely on them),"The Researcher (I thoroughly research products, read reviews, compare options, and take my time making informed decisions)",3,3,5,2,4,3,4,3,3,5,4,5,Neutral,2. Classic Serif (Traditional fonts with decorative strokes like Times New Roman),"3. Large (16-18px - Easy to read, comfortable)","Vibrant Bold (Bright, energetic colors - exciting and dynamic)","Blue (Trustworthy, professional, calm)","Light Gray (Soft, reduces eye strain)",Balanced (Moderate spacing - comfortable middle ground),"Rounded Corners (Soft, modern rounded edges)",Medium Split (Takes up half the screen),Deals (Products on sale or special offers),Customer Reviews (Written reviews with ratings),Both (Show both stock and time based urgency),Rounded Corners,Accordion (Expandable sections on one page),Underlined/ Minimal (Line underneath only),Moderate (Key details with option to expand),3,Mixed (Combination of different layouts),"Moderate (Balanced - some details visible, click for more)","Image-focused (80% images, 20% text - highly visual)",Balanced,Top Bar (Categories always visible across the top),"Always Visible Top (Large, prominent search bar always shown)",Visual Grid (Category tiles with images),3,"Info Rich (Lots of details, ratings, specs visible)",Bold Large (Price is the most prominent element),Sidebar Left (Permanent filter panel on the left side),Yes (Always visible sidebar with filters),New Tab (Opens product in a new browser tab),Summary Only (Average rating and total count),Single-column large cards (easy to scroll and tap),"Moderate (Balanced - some details visible, click for more)","Balanced (50% images, 50% text - equal emphasis)",Balanced,Hamburger Menu (Three-line icon that opens a side menu),"Icon Only (Magnifying glass icon, opens search when clicked)",Visual Grid (Category tiles with images),"Minimal Clean (Simple image, name, price - no clutter)",Simple Display (Price is visible but not emphasized),Bottom Sheet (Slides up from bottom mobile style),Slide-Up Panel (Preview product details in a slide-up panel without leaving the product lis),Collapsible Sections (Reviews can be expanded or collapsed within the product details),Yes (Header stays at top while scrolling),"Standard (Normal size, more content visible)","Yes, Very Different (Completely different design for each device)",5,Easy navigation and check out process,Lag and craches
22/01/2026 18:26:22,Yes,25-34,Female,Graduate,Smartphone,Deal-hunting (I look for sales and discounts),Quick (5-15 minutes - I know what I want),Moderately important (I balance price and quality),Often read reviews (For most purchases),Balanced (I mix familiar and new brands),Strong influence (They significantly affect my choices),"The Deal Hunter (I'm motivated by sales, discounts, and getting the best value. I wait for promotions)",3,3,4,4,2,3,2,4,2,4,3,4,Neutral,"3. Rounded Friendly (Soft, approachable fonts with rounded edges)","3. Large (16-18px - Easy to read, comfortable)","Pastel Soft (Light, muted colors - gentle and soothing)","Blue (Trustworthy, professional, calm)","Cream/Off-white (Warm, comfortable, paper-like)",Balanced (Moderate spacing - comfortable middle ground),"Rounded Corners (Soft, modern rounded edges)",Small Strip (Thin banner across the top),Trending (What's popular right now),User Photos (Photos uploaded by customers),Both (Show both stock and time based urgency),Rounded Corners,Accordion (Expandable sections on one page),Material Design Style (Underline-focused field with animated label and focus accent),Expandable Sections (Organized into collapsible sections),3,"3 Columns (Balanced view, moderate item size)","Moderate (Balanced - some details visible, click for more)","Image-focused (80% images, 20% text - highly visual)",Balanced,Sidebar (Permanent navigation panel on the left),Collapsible (Search bar that expands when clicked),Visual Grid (Category tiles with images),3,"Badge Heavy (Shows bestseller, new, sale badges prominently)",With Savings Highlighted (Shows discount amount prominently),Top Bar (Filters displayed across the top),No (Prefer filters in a different location),Sidebar Slide (Details slide in from the right),All Paginated (Show all reviews with pagination),Swipeable horizontal cards (carousel style),"Moderate (Balanced - some details visible, click for more)","Balanced (50% images, 50% text - equal emphasis)",Balanced,Hamburger Menu (Three-line icon that opens a side menu),Collapsible (Search bar that expands when clicked),Visual Grid (Category tiles with images),"Info Rich (Lots of details, ratings, specs visible)",Strike-through Original (Shows original price crossed out with sale price),Bottom Sheet (Slides up from bottom mobile style),No Quick View (I prefer to go to the full product page),Collapsible Sections (Reviews can be expanded or collapsed within the product details),Yes (Header stays at top while scrolling),"Standard (Normal size, more content visible)",Somewhat Different (Adapted but recognizable),5,"Having clear categories, proper filters, and highlighting current deals",Not having proper categories
22/01/2026 20:59:19,Yes,25-34,Male,Postgraduate,Smartphone,Deal-hunting (I look for sales and discounts),Research-heavy (30+ minutes - I thoroughly research before buying),Very important (I always look for the best price),Often read reviews (For most purchases),Balanced (I mix familiar and new brands),Slight influence (I notice but don't rely on them),"The Deal Hunter (I'm motivated by sales, discounts, and getting the best value. I wait for promotions)",3,4,4,3,4,3,2,3,2,4,1,3,Relaxed,"1. Modern Sans-serif (Clean, contemporary fonts like Arial or Helvetica)","3. Large (16-18px - Easy to read, comfortable)",Cool Blues (Blues and grays - calm and trustworthy),"Green (Natural, positive, go-ahead)","Light Gray (Soft, reduces eye strain)",Balanced (Moderate spacing - comfortable middle ground),"Pill-shaped (Fully rounded ends, very smooth)",Medium Split (Takes up half the screen),New Arrivals (Latest products added),User Photos (Photos uploaded by customers),Both (Show both stock and time based urgency),Rounded Corners,Accordion (Expandable sections on one page),Material Design Style (Underline-focused field with animated label and focus accent),Moderate (Key details with option to expand),3,"3 Columns (Balanced view, moderate item size)","Moderate (Balanced - some details visible, click for more)","Image-focused (80% images, 20% text - highly visual)",Spacious (clean and uncluttered),Top Bar (Categories always visible across the top),"Always Visible Top (Large, prominent search bar always shown)",Visual Grid (Category tiles with images),3,"Minimal Clean (Simple image, name, price - no clutter)",Strike-through Original (Shows original price crossed out with sale price),Sidebar Left (Permanent filter panel on the left side),Yes (Always visible sidebar with filters),Modal Popup (Product details appear in a centered overlay),Recent 3- 5 (Show a few recent reviews),Swipeable horizontal cards (carousel style),"Moderate (Balanced - some details visible, click for more)","Balanced (50% images, 50% text - equal emphasis)",Balanced,Bottom Nav (Navigation bar at the bottom - mobile style),Collapsible (Search bar that expands when clicked),Dropdown Menu (Text-based dropdown list),"Info Rich (Lots of details, ratings, specs visible)",Strike-through Original (Shows original price crossed out with sale price),Drawer Overlay (Slides in from the side when clicked),Slide-Up Panel (Preview product details in a slide-up panel without leaving the product lis),Collapsible Sections (Reviews can be expanded or collapsed within the product details),Yes (Header stays at top while scrolling),"Standard (Normal size, more content visible)",Somewhat Different (Adapted but recognizable),3,Having items that are in wish list. Having notifications when price drops.,Paying witb credit to unknown sites
22/01/2026 21:36:10,Yes,25-34,Female,Graduate,Smartphone,Need-based (I shop when I need something specific),Research-heavy (30+ minutes - I thoroughly research before buying),Moderately important (I balance price and quality),Always read reviews (I won't buy without checking reviews),Balanced (I mix familiar and new brands),Slight influence (I notice but don't rely on them),"The Researcher (I thoroughly research products, read reviews, compare options, and take my time making informed decisions)",3,5,3,1,2,3,4,2,1,3,3,4,Relaxed,"3. Rounded Friendly (Soft, approachable fonts with rounded edges)","2. Medium (14-16px - Standard size, balanced)","Vibrant Bold (Bright, energetic colors - exciting and dynamic)","Orange (Energetic, friendly, warm)","Cream/Off-white (Warm, comfortable, paper-like)",Compact (Minimal spacing - more content visible at once),"Rounded Corners (Soft, modern rounded edges)","None (No promotional banner, go straight to products)",Deals (Products on sale or special offers),User Photos (Photos uploaded by customers),None (I find these annoying and manipulative),Rounded Corners,One Page (All checkout steps on a single scrolling page),"Filled Background (Shaded background, no border)",Detailed Full (All specifications and information visible),3,"4 Columns (Compact view, many items visible at once)","Minimal (Only key information - product name, price, image)","Image-focused (80% images, 20% text - highly visual)",Spacious (clean and uncluttered),Top Bar (Categories always visible across the top),"Icon Only (Magnifying glass icon, opens search when clicked)",Text List (Simple text links),3,"Minimal Clean (Simple image, name, price - no clutter)",Subtle Small (Price is visible but not emphasized),Sidebar Left (Permanent filter panel on the left side),Yes (Always visible sidebar with filters),Sidebar Slide (Details slide in from the right),All Paginated (Show all reviews with pagination),Compact stacked cards (more products per screen),"Minimal (Only key information - product name, price, image)","Balanced (50% images, 50% text - equal emphasis)",Balanced,Bottom Nav (Navigation bar at the bottom - mobile style),"Always Visible Top (Large, prominent search bar always shown)",Mega Menu with Images (Large dropdown with category images and subcategories),"Minimal Clean (Simple image, name, price - no clutter)",Simple Display (Price is visible but not emphasized),Bottom Sheet (Slides up from bottom mobile style),No Quick View (I prefer to go to the full product page),Collapsible Sections (Reviews can be expanded or collapsed within the product details),No (Header scrolls away with content),"Large (Easier to tap, less content visible)",Somewhat Different (Adapted but recognizable),4,When reviews with pictures exist,Rating from 0 to 4 without any reason or description
22/01/2026 22:48:18,Yes,25-34,Female,Postgraduate,Smartphone,Need-based (I shop when I need something specific),Moderate (15-30 minutes - I compare a few options),Moderately important (I balance price and quality),Sometimes read reviews (For certain product types),Balanced (I mix familiar and new brands),Slight influence (I notice but don't rely on them),"The Minimalist (I want simple, efficient shopping. Show me what I need with minimal fuss)",3,2,4,1,3,3,1,5,2,3,4,5,Neutral,"3. Rounded Friendly (Soft, approachable fonts with rounded edges)",4. Extra Large (18+px - Maximum readability),"Vibrant Bold (Bright, energetic colors - exciting and dynamic)","Orange (Energetic, friendly, warm)","Soft Color (Subtle tint - light blue, pink, etc.)",Balanced (Moderate spacing - comfortable middle ground),"Rounded Corners (Soft, modern rounded edges)",Medium Split (Takes up half the screen),New Arrivals (Latest products added),Customer Reviews (Written reviews with ratings),Only on Request (Show only if I ask),Rounded Corners,One Page (All checkout steps on a single scrolling page),Underlined/ Minimal (Line underneath only),Brief Summary (Just the essential information),3,"2 Columns (Large product images, fewer items per row)","Minimal (Only key information - product name, price, image)","Image-focused (80% images, 20% text - highly visual)",Balanced,Top Bar (Categories always visible across the top),"Always Visible Top (Large, prominent search bar always shown)",Dropdown Menu (Text-based dropdown list),3,"Minimal Clean (Simple image, name, price - no clutter)",Bold Large (Price is the most prominent element),Sidebar Left (Permanent filter panel on the left side),Yes (Always visible sidebar with filters),Sidebar Slide (Details slide in from the right),Summary Only (Average rating and total count),Single-column large cards (easy to scroll and tap),"Moderate (Balanced - some details visible, click for more)","Balanced (50% images, 50% text - equal emphasis)",Balanced,Bottom Nav (Navigation bar at the bottom - mobile style),"Icon Only (Magnifying glass icon, opens search when clicked)",Visual Grid (Category tiles with images),"Image Heavy (Large, prominent product photos)",Simple Display (Price is visible but not emphasized),Bottom Sheet (Slides up from bottom mobile style),Slide-Up Panel (Preview product details in a slide-up panel without leaving the product lis),Summary Only (Average rating and total count),Yes (Header stays at top while scrolling),"Large (Easier to tap, less content visible)",Somewhat Different (Adapted but recognizable),5,"Colors , designs , user friendly , summary, big buttons , attractive interface","Many steps , long descriptions"
22/01/2026 22:51:41,Yes,25-34,Female,Graduate,Smartphone,Entertainment (I browse for fun and enjoyment),Moderate (15-30 minutes - I compare a few options),Moderately important (I balance price and quality),Rarely read reviews (Only for expensive items),Balanced (I mix familiar and new brands),No influence (I ignore these indicators),"The Browser (I enjoy browsing and discovering products, often without immediate purchase intent)",3,3,4,2,4,3,1,3,2,4,2,4,Neutral,"1. Modern Sans-serif (Clean, contemporary fonts like Arial or Helvetica)","3. Large (16-18px - Easy to read, comfortable)","Vibrant Bold (Bright, energetic colors - exciting and dynamic)","Green (Natural, positive, go-ahead)","Cream/Off-white (Warm, comfortable, paper-like)","Spacious (Lots of spacing - clean, uncluttered, breathing room)","Rounded Corners (Soft, modern rounded edges)",Medium Split (Takes up half the screen),Deals (Products on sale or special offers),None (I don't need social proof indicators),None (I find these annoying and manipulative),Rounded Corners,One Page (All checkout steps on a single scrolling page),Outlined (Border around the field),Expandable Sections (Organized into collapsible sections),3,"2 Columns (Large product images, fewer items per row)","Moderate (Balanced - some details visible, click for more)","Image-focused (80% images, 20% text - highly visual)",Spacious (clean and uncluttered),Top Bar (Categories always visible across the top),"Always Visible Top (Large, prominent search bar always shown)",Text List (Simple text links),3,"Minimal Clean (Simple image, name, price - no clutter)",Strike-through Original (Shows original price crossed out with sale price),Top Bar (Filters displayed across the top),Yes (Always visible sidebar with filters),Modal Popup (Product details appear in a centered overlay),All Paginated (Show all reviews with pagination),Single-column large cards (easy to scroll and tap),"Moderate (Balanced - some details visible, click for more)","Balanced (50% images, 50% text - equal emphasis)",Balanced,Bottom Nav (Navigation bar at the bottom - mobile style),"Always Visible Top (Large, prominent search bar always shown)",Mega Menu with Images (Large dropdown with category images and subcategories),"Minimal Clean (Simple image, name, price - no clutter)",Strike-through Original (Shows original price crossed out with sale price),Drawer Overlay (Slides in from the side when clicked),No Quick View (I prefer to go to the full product page),Collapsible Sections (Reviews can be expanded or collapsed within the product details),No (Header scrolls away with content),"Standard (Normal size, more content visible)",Somewhat Different (Adapted but recognizable),4,nan,nan
23/01/2026 00:50:57,Yes,18-24,Male,Graduate,Smartphone,Need-based (I shop when I need something specific),Research-heavy (30+ minutes - I thoroughly research before buying),Very important (I always look for the best price),Always read reviews (I won't buy without checking reviews),Balanced (I mix familiar and new brands),Moderate influence (They help me decide),"The Researcher (I thoroughly research products, read reviews, compare options, and take my time making informed decisions)",3,4,3,2,5,3,5,4,5,5,1,5,Relaxed,"3. Rounded Friendly (Soft, approachable fonts with rounded edges)","3. Large (16-18px - Easy to read, comfortable)","Vibrant Bold (Bright, energetic colors - exciting and dynamic)","Blue (Trustworthy, professional, calm)",Dark (Dark gray or black background),Balanced (Moderate spacing - comfortable middle ground),"Pill-shaped (Fully rounded ends, very smooth)",Medium Split (Takes up half the screen),Category based (Similar items from the same category),User Photos (Photos uploaded by customers),None (I find these annoying and manipulative),Rounded Corners,One Page (All checkout steps on a single scrolling page),Floating Labels (Label moves up when you type),Expandable Sections (Organized into collapsible sections),3,"3 Columns (Balanced view, moderate item size)","Moderate (Balanced - some details visible, click for more)","Image-focused (80% images, 20% text - highly visual)",Spacious (clean and uncluttered),Combination of top bar and dropdowns,Collapsible (Search bar that expands when clicked),Visual Grid (Category tiles with images),3,"Image Heavy (Large, prominent product photos)",Bold Large (Price is the most prominent element),Sidebar Left (Permanent filter panel on the left side),Yes (Always visible sidebar with filters),Modal Popup (Product details appear in a centered overlay),All Paginated (Show all reviews with pagination),Compact stacked cards (more products per screen),"Moderate (Balanced - some details visible, click for more)","Balanced (50% images, 50% text - equal emphasis)",Balanced,Bottom Nav (Navigation bar at the bottom - mobile style),Collapsible (Search bar that expands when clicked),Visual Grid (Category tiles with images),"Info Rich (Lots of details, ratings, specs visible)",Bold Large (Price is the most prominent element),Bottom Sheet (Slides up from bottom mobile style),Slide-Up Panel (Preview product details in a slide-up panel without leaving the product lis),Summary Only (Average rating and total count),Yes (Header stays at top while scrolling),"Standard (Normal size, more content visible)",Similar (Mostly the same with minor adjustments),3,"No fluff , no to many badges and fake “deals” , smooth and straight forward experience.","To many fake deals badges , pop ups , out of stuck displays among in stock items"
23/01/2026 01:24:44,Yes,18-24,Female,Graduate,Smartphone,Need-based (I shop when I need something specific),Quick (5-15 minutes - I know what I want),Somewhat unimportant (Price matters but isn't a dealbreaker),Often read reviews (For most purchases),Often try new brands (I'm open to switching),Slight influence (I notice but don't rely on them),"The Impulsive Buyer (I make quick decisions based on intuition and emotion. If I like it, I buy it)",3,4,5,2,3,3,3,4,2,4,5,5,Excited,"3. Rounded Friendly (Soft, approachable fonts with rounded edges)","3. Large (16-18px - Easy to read, comfortable)","Warm Earthy (Browns, beiges, warm oranges - natural and cozy)","Blue (Trustworthy, professional, calm)","Cream/Off-white (Warm, comfortable, paper-like)","Spacious (Lots of spacing - clean, uncluttered, breathing room)","Rounded Corners (Soft, modern rounded edges)",Medium Split (Takes up half the screen),Deals (Products on sale or special offers),Ratings Only (Star ratings without detailed reviews),"Countdown Timers (Show ""Sale ends in 2 hours"")",Rounded Corners,One Page (All checkout steps on a single scrolling page),Rounded Border Fields (Outlined field with rounded corners),Expandable Sections (Organized into collapsible sections),3,"3 Columns (Balanced view, moderate item size)","Moderate (Balanced - some details visible, click for more)","Balanced (50% images, 50% text - equal emphasis)",Spacious (clean and uncluttered),Top Bar (Categories always visible across the top),"Icon Only (Magnifying glass icon, opens search when clicked)",Visual Grid (Category tiles with images),3,Card with Shadow (Raised card effect with drop shadow),With Comparison (Shows similar products' prices),Top Bar (Filters displayed across the top),No (Prefer filters in a different location),Sidebar Slide (Details slide in from the right),All Paginated (Show all reviews with pagination),Single-column large cards (easy to scroll and tap),"Moderate (Balanced - some details visible, click for more)","Balanced (50% images, 50% text - equal emphasis)",Balanced,Hamburger Menu (Three-line icon that opens a side menu),"Icon Only (Magnifying glass icon, opens search when clicked)",Mega Menu with Images (Large dropdown with category images and subcategories),"Minimal Clean (Simple image, name, price - no clutter)",Bold Large (Price is the most prominent element),Full-Screen Overlay (Displayed across screen),Slide-Up Panel (Preview product details in a slide-up panel without leaving the product lis),Summary Only (Average rating and total count),Yes (Header stays at top while scrolling),"Standard (Normal size, more content visible)",Somewhat Different (Adapted but recognizable),4,Minimal design with warm colors and easy features,Unorganized steps and unease of finding features
23/01/2026 07:28:21,Yes,25-34,Female,Postgraduate,Smartphone,Research (I like exploring products and learning about them),Impulsive (Less than 5 minutes - I decide quickly),Moderately important (I balance price and quality),Often read reviews (For most purchases),Prefer familiar brands (I stick with what works),Strong influence (They significantly affect my choices),"The Impulsive Buyer (I make quick decisions based on intuition and emotion. If I like it, I buy it)",3,3,4,2,2,3,4,4,1,4,5,4,Excited,2. Classic Serif (Traditional fonts with decorative strokes like Times New Roman),"3. Large (16-18px - Easy to read, comfortable)","Pastel Soft (Light, muted colors - gentle and soothing)","Blue (Trustworthy, professional, calm)","Cream/Off-white (Warm, comfortable, paper-like)",Balanced (Moderate spacing - comfortable middle ground),"Pill-shaped (Fully rounded ends, very smooth)",Medium Split (Takes up half the screen),Trending (What's popular right now),Customer Reviews (Written reviews with ratings),"Countdown Timers (Show ""Sale ends in 2 hours"")",Rounded Corners,Progress Bar (Multi step with visual progress indicator),Rounded Border Fields (Outlined field with rounded corners),Expandable Sections (Organized into collapsible sections),3,"4 Columns (Compact view, many items visible at once)","Moderate (Balanced - some details visible, click for more)","Balanced (50% images, 50% text - equal emphasis)",Balanced,Combination of top bar and dropdowns,"Icon Only (Magnifying glass icon, opens search when clicked)",Visual Grid (Category tiles with images),3,"Minimal Clean (Simple image, name, price - no clutter)",Bold Large (Price is the most prominent element),Sidebar Left (Permanent filter panel on the left side),Yes (Always visible sidebar with filters),Sidebar Slide (Details slide in from the right),All Paginated (Show all reviews with pagination),Swipeable horizontal cards (carousel style),"Moderate (Balanced - some details visible, click for more)","Balanced (50% images, 50% text - equal emphasis)",Balanced,Full-screen category menu,"Icon Only (Magnifying glass icon, opens search when clicked)",Visual Grid (Category tiles with images),"Info Rich (Lots of details, ratings, specs visible)",Strike-through Original (Shows original price crossed out with sale price),Drawer Overlay (Slides in from the side when clicked),Slide-Up Panel (Preview product details in a slide-up panel without leaving the product lis),Collapsible Sections (Reviews can be expanded or collapsed within the product details),Yes (Header stays at top while scrolling),"Standard (Normal size, more content visible)",Similar (Mostly the same with minor adjustments),1,"Quality, designs, offers, prices",The tabs and pages are newly introduced and differ from the layout of the standard shopping experience
23/01/2026 11:28:39,Yes,18-24,Female,Graduate,Smartphone,Entertainment (I browse for fun and enjoyment),Research-heavy (30+ minutes - I thoroughly research before buying),Very important (I always look for the best price),Often read reviews (For most purchases),Often try new brands (I'm open to switching),Moderate influence (They help me decide),"The Browser (I enjoy browsing and discovering products, often without immediate purchase intent)",3,4,2,3,3,3,4,3,3,5,4,5,Relaxed,"1. Modern Sans-serif (Clean, contemporary fonts like Arial or Helvetica)","3. Large (16-18px - Easy to read, comfortable)","Vibrant Bold (Bright, energetic colors - exciting and dynamic)","Blue (Trustworthy, professional, calm)","Pure White (Clean, bright, maximum contrast)",Balanced (Moderate spacing - comfortable middle ground),"Pill-shaped (Fully rounded ends, very smooth)",Small Strip (Thin banner across the top),Deals (Products on sale or special offers),User Photos (Photos uploaded by customers),Only on Request (Show only if I ask),Rounded Corners,One Page (All checkout steps on a single scrolling page),Outlined (Border around the field),Moderate (Key details with option to expand),3,Mixed (Combination of different layouts),"Moderate (Balanced - some details visible, click for more)","Image-focused (80% images, 20% text - highly visual)",Balanced,Mega Menu (Dropdown with images and subcategories),Collapsible (Search bar that expands when clicked),Visual Grid (Category tiles with images),3,Card with Shadow (Raised card effect with drop shadow),With Comparison (Shows similar products' prices),Modal (Pops up in the center when clicked),Yes (Always visible sidebar with filters),Modal Popup (Product details appear in a centered overlay),Recent 3- 5 (Show a few recent reviews),Swipeable horizontal cards (carousel style),"Moderate (Balanced - some details visible, click for more)","Balanced (50% images, 50% text - equal emphasis)",Balanced,Swipe-based navigation,"Always Visible Top (Large, prominent search bar always shown)",Mega Menu with Images (Large dropdown with category images and subcategories),"Image Heavy (Large, prominent product photos)",Strike-through Original (Shows original price crossed out with sale price),Bottom Sheet (Slides up from bottom mobile style),Direct navigation (Each product card includes a button that takes you directly to the product page when tapped),Summary Only (Average rating and total count),No (Header scrolls away with content),"Large (Easier to tap, less content visible)","Yes, Very Different (Completely different design for each device)",1,nan,nan
23/01/2026 12:09:10,Yes,18-24,Female,Graduate,Smartphone,Need-based (I shop when I need something specific),Moderate (15-30 minutes - I compare a few options),Very important (I always look for the best price),Often read reviews (For most purchases),Balanced (I mix familiar and new brands),Slight influence (I notice but don't rely on them),"The Researcher (I thoroughly research products, read reviews, compare options, and take my time making informed decisions)",3,3,4,5,1,3,4,5,2,4,5,4,Stressed,"4. Bold Impact (Strong, attention-grabbing fonts)","3. Large (16-18px - Easy to read, comfortable)","Vibrant Bold (Bright, energetic colors - exciting and dynamic)","Blue (Trustworthy, professional, calm)","Cream/Off-white (Warm, comfortable, paper-like)",Balanced (Moderate spacing - comfortable middle ground),"Outlined (Border only, no fill color)",Medium Split (Takes up half the screen),Deals (Products on sale or special offers),Customer Reviews (Written reviews with ratings),Both (Show both stock and time based urgency),Rounded Corners,One Page (All checkout steps on a single scrolling page),Floating Labels (Label moves up when you type),Expandable Sections (Organized into collapsible sections),3,"4 Columns (Compact view, many items visible at once)","Detailed (All information visible - specs, reviews, descriptions)","Balanced (50% images, 50% text - equal emphasis)",Balanced,Combination of top bar and dropdowns,"Always Visible Top (Large, prominent search bar always shown)",Text List (Simple text links),3,"Info Rich (Lots of details, ratings, specs visible)",Strike-through Original (Shows original price crossed out with sale price),Sidebar Left (Permanent filter panel on the left side),Yes (Always visible sidebar with filters),Modal Popup (Product details appear in a centered overlay),All Paginated (Show all reviews with pagination),Compact stacked cards (more products per screen),"Moderate (Balanced - some details visible, click for more)","Balanced (50% images, 50% text - equal emphasis)",Balanced,Bottom Nav (Navigation bar at the bottom - mobile style),"Always Visible Top (Large, prominent search bar always shown)",Dropdown Menu (Text-based dropdown list),"Info Rich (Lots of details, ratings, specs visible)",Strike-through Original (Shows original price crossed out with sale price),Bottom Sheet (Slides up from bottom mobile style),Slide-Up Panel (Preview product details in a slide-up panel without leaving the product lis),Collapsible Sections (Reviews can be expanded or collapsed within the product details),Yes (Header stays at top while scrolling),"Standard (Normal size, more content visible)",Somewhat Different (Adapted but recognizable),5,- great deals - easy process - after purchase clear and flexible,Not enough info displayed No clear policies and after purchase process
23/01/2026 12:38:32,Yes,18-24,Female,Graduate,Smartphone,Entertainment (I browse for fun and enjoyment),Moderate (15-30 minutes - I compare a few options),Moderately important (I balance price and quality),Sometimes read reviews (For certain product types),Always try new brands (I love discovering new products),Slight influence (I notice but don't rely on them),"The Impulsive Buyer (I make quick decisions based on intuition and emotion. If I like it, I buy it)",3,4,5,2,4,3,4,3,2,4,3,2,Relaxed,2. Classic Serif (Traditional fonts with decorative strokes like Times New Roman),"3. Large (16-18px - Easy to read, comfortable)","Warm Earthy (Browns, beiges, warm oranges - natural and cozy)","Pink (Playful, modern, soft)","Cream/Off-white (Warm, comfortable, paper-like)","Spacious (Lots of spacing - clean, uncluttered, breathing room)",Raised / Shadowed (Button with shadow or depth effect),Medium Split (Takes up half the screen),Deals (Products on sale or special offers),User Photos (Photos uploaded by customers),Both (Show both stock and time based urgency),Rounded Corners,Progress Bar (Multi step with visual progress indicator),Underlined/ Minimal (Line underneath only),Detailed Full (All specifications and information visible),3,List View (One product per row with details on the side),"Moderate (Balanced - some details visible, click for more)","Image-focused (80% images, 20% text - highly visual)",Spacious (clean and uncluttered),Sidebar (Permanent navigation panel on the left),"Icon Only (Magnifying glass icon, opens search when clicked)",Dropdown Menu (Text-based dropdown list),3,"Minimal Clean (Simple image, name, price - no clutter)",Strike-through Original (Shows original price crossed out with sale price),Top Bar (Filters displayed across the top),No (Prefer filters in a different location),No Quick View (I prefer to go to the full product page),Recent 3- 5 (Show a few recent reviews),Compact stacked cards (more products per screen),"Detailed (All information visible - specs, reviews, descriptions)","Balanced (50% images, 50% text - equal emphasis)",Balanced,Hamburger Menu (Three-line icon that opens a side menu),"Icon Only (Magnifying glass icon, opens search when clicked)",Dropdown Menu (Text-based dropdown list),"Info Rich (Lots of details, ratings, specs visible)",Strike-through Original (Shows original price crossed out with sale price),Drawer Overlay (Slides in from the side when clicked),No Quick View (I prefer to go to the full product page),Summary Only (Average rating and total count),No (Header scrolls away with content),"Standard (Normal size, more content visible)",Somewhat Different (Adapted but recognizable),4,nan,nan
23/01/2026 13:31:28,Yes,25-34,Female,Undergraduate,Smartphone,Need-based (I shop when I need something specific),Research-heavy (30+ minutes - I thoroughly research before buying),Very important (I always look for the best price),Always read reviews (I won't buy without checking reviews),Balanced (I mix familiar and new brands),Slight influence (I notice but don't rely on them),"The Researcher (I thoroughly research products, read reviews, compare options, and take my time making informed decisions)",3,3,4,3,5,3,4,5,1,4,5,4,Stressed,2. Classic Serif (Traditional fonts with decorative strokes like Times New Roman),"3. Large (16-18px - Easy to read, comfortable)","Warm Earthy (Browns, beiges, warm oranges - natural and cozy)","Green (Natural, positive, go-ahead)","Soft Color (Subtle tint - light blue, pink, etc.)",Balanced (Moderate spacing - comfortable middle ground),Raised / Shadowed (Button with shadow or depth effect),Small Strip (Thin banner across the top),Category based (Similar items from the same category),User Photos (Photos uploaded by customers),Both (Show both stock and time based urgency),Rounded Corners,One Page (All checkout steps on a single scrolling page),"Filled Background (Shaded background, no border)",Detailed Full (All specifications and information visible),3,List View (One product per row with details on the side),"Moderate (Balanced - some details visible, click for more)","Balanced (50% images, 50% text - equal emphasis)",Spacious (clean and uncluttered),Top Bar (Categories always visible across the top),"Always Visible Top (Large, prominent search bar always shown)",Visual Grid (Category tiles with images),3,"Info Rich (Lots of details, ratings, specs visible)",With Savings Highlighted (Shows discount amount prominently),Top Bar (Filters displayed across the top),Yes (Always visible sidebar with filters),Sidebar Slide (Details slide in from the right),All Paginated (Show all reviews with pagination),Compact stacked cards (more products per screen),"Moderate (Balanced - some details visible, click for more)","Balanced (50% images, 50% text - equal emphasis)",Balanced,Bottom Nav (Navigation bar at the bottom - mobile style),"Always Visible Top (Large, prominent search bar always shown)",Visual Grid (Category tiles with images),"Info Rich (Lots of details, ratings, specs visible)",Bold Large (Price is the most prominent element),Bottom Sheet (Slides up from bottom mobile style),Direct navigation (Each product card includes a button that takes you directly to the product page when tapped),Summary Only (Average rating and total count),Yes (Header stays at top while scrolling),"Standard (Normal size, more content visible)",Somewhat Different (Adapted but recognizable),4,Minimal and visually colourful and organized,When they force me to pay only in cash or only in visa
23/01/2026 13:32:42,Yes,18-24,Male,Undergraduate,Smartphone,Entertainment (I browse for fun and enjoyment),Quick (5-15 minutes - I know what I want),Moderately important (I balance price and quality),Sometimes read reviews (For certain product types),Balanced (I mix familiar and new brands),Moderate influence (They help me decide),"The Deal Hunter (I'm motivated by sales, discounts, and getting the best value. I wait for promotions)",3,5,5,1,5,3,1,5,1,3,1,5,Neutral,"3. Rounded Friendly (Soft, approachable fonts with rounded edges)","3. Large (16-18px - Easy to read, comfortable)",Cool Blues (Blues and grays - calm and trustworthy),"Red (Bold, urgent, attention-grabbing)","Cream/Off-white (Warm, comfortable, paper-like)",Balanced (Moderate spacing - comfortable middle ground),"Pill-shaped (Fully rounded ends, very smooth)",Small Strip (Thin banner across the top),New Arrivals (Latest products added),User Photos (Photos uploaded by customers),Only on Request (Show only if I ask),Rounded Corners,Progress Bar (Multi step with visual progress indicator),"Filled Background (Shaded background, no border)",Moderate (Key details with option to expand),3,"4 Columns (Compact view, many items visible at once)","Moderate (Balanced - some details visible, click for more)","Balanced (50% images, 50% text - equal emphasis)",Spacious (clean and uncluttered),Combination of top bar and dropdowns,"Icon Only (Magnifying glass icon, opens search when clicked)",Text List (Simple text links),3,"Info Rich (Lots of details, ratings, specs visible)",With Savings Highlighted (Shows discount amount prominently),Top Bar (Filters displayed across the top),Yes (Always visible sidebar with filters),New Tab (Opens product in a new browser tab),All Paginated (Show all reviews with pagination),List view with expandable details,"Moderate (Balanced - some details visible, click for more)","Balanced (50% images, 50% text - equal emphasis)",Balanced,Full-screen category menu,Collapsible (Search bar that expands when clicked),Dropdown Menu (Text-based dropdown list),"Badge Heavy (Shows bestseller, new, sale badges prominently)",Strike-through Original (Shows original price crossed out with sale price),Drawer Overlay (Slides in from the side when clicked),Direct navigation (Each product card includes a button that takes you directly to the product page when tapped),Collapsible Sections (Reviews can be expanded or collapsed within the product details),Yes (Header stays at top while scrolling),"Large (Easier to tap, less content visible)",Somewhat Different (Adapted but recognizable),5,Fast restock,Delay in restock
23/01/2026 13:43:43,Yes,18-24,Male,Postgraduate,Smartphone,Need-based (I shop when I need something specific),Quick (5-15 minutes - I know what I want),Very important (I always look for the best price),Often read reviews (For most purchases),Balanced (I mix familiar and new brands),Moderate influence (They help me decide),"The Impulsive Buyer (I make quick decisions based on intuition and emotion. If I like it, I buy it)",3,5,5,4,5,3,3,5,3,5,1,3,Relaxed,"1. Modern Sans-serif (Clean, contemporary fonts like Arial or Helvetica)","3. Large (16-18px - Easy to read, comfortable)","Warm Earthy (Browns, beiges, warm oranges - natural and cozy)","Blue (Trustworthy, professional, calm)","Soft Color (Subtle tint - light blue, pink, etc.)",Balanced (Moderate spacing - comfortable middle ground),"Rounded Corners (Soft, modern rounded edges)",Medium Split (Takes up half the screen),Deals (Products on sale or special offers),User Photos (Photos uploaded by customers),Both (Show both stock and time based urgency),Rounded Corners,"Multi step (Separate pages for shipping, payment, review)",Rounded Border Fields (Outlined field with rounded corners),Moderate (Key details with option to expand),3,"3 Columns (Balanced view, moderate item size)","Moderate (Balanced - some details visible, click for more)","Balanced (50% images, 50% text - equal emphasis)",Balanced,Sidebar (Permanent navigation panel on the left),Collapsible (Search bar that expands when clicked),Visual Grid (Category tiles with images),3,"Info Rich (Lots of details, ratings, specs visible)",With Comparison (Shows similar products' prices),Sidebar Left (Permanent filter panel on the left side),Yes (Always visible sidebar with filters),New Tab (Opens product in a new browser tab),Recent 3- 5 (Show a few recent reviews),Compact stacked cards (more products per screen),"Moderate (Balanced - some details visible, click for more)","Balanced (50% images, 50% text - equal emphasis)",Balanced,Full-screen category menu,"Always Visible Top (Large, prominent search bar always shown)",Dropdown Menu (Text-based dropdown list),"Info Rich (Lots of details, ratings, specs visible)",Strike-through Original (Shows original price crossed out with sale price),Drawer Overlay (Slides in from the side when clicked),Slide-Up Panel (Preview product details in a slide-up panel without leaving the product lis),Collapsible Sections (Reviews can be expanded or collapsed within the product details),No (Header scrolls away with content),"Large (Easier to tap, less content visible)",Similar (Mostly the same with minor adjustments),4,"A great online shopping experience is defined by frictionless discovery, where intuitive filters and a clean, minimalist interface allow me to find exactly what I need without feeling overwhelmed. Features like high-quality, zoomable images","major pain point is poor information design, such as hidden return policies or product descriptions that lack the specific technical details needed to make an informed decision. When a website makes it difficult to find these answers, switching to a more user-friendly competitor becomes the most logical next step."
23/01/2026 13:56:25,Yes,25-34,Female,Postgraduate,Smartphone,Deal-hunting (I look for sales and discounts),Research-heavy (30+ minutes - I thoroughly research before buying),Moderately important (I balance price and quality),Sometimes read reviews (For certain product types),Balanced (I mix familiar and new brands),Slight influence (I notice but don't rely on them),"The Impulsive Buyer (I make quick decisions based on intuition and emotion. If I like it, I buy it)",3,3,2,4,3,3,1,4,2,3,2,5,Stressed,2. Classic Serif (Traditional fonts with decorative strokes like Times New Roman),"2. Medium (14-16px - Standard size, balanced)","Minimalist Black & White (Clean, high contrast, professional)","Red (Bold, urgent, attention-grabbing)","Pure White (Clean, bright, maximum contrast)",Compact (Minimal spacing - more content visible at once),Raised / Shadowed (Button with shadow or depth effect),Medium Split (Takes up half the screen),Deals (Products on sale or special offers),User Photos (Photos uploaded by customers),"Stock Numbers (Show ""Only 3 left in stock"")",Rounded Corners,One Page (All checkout steps on a single scrolling page),Outlined (Border around the field),Brief Summary (Just the essential information),3,"3 Columns (Balanced view, moderate item size)","Moderate (Balanced - some details visible, click for more)","Balanced (50% images, 50% text - equal emphasis)",Spacious (clean and uncluttered),Top Bar (Categories always visible across the top),Collapsible (Search bar that expands when clicked),Visual Grid (Category tiles with images),3,"Badge Heavy (Shows bestseller, new, sale badges prominently)",Strike-through Original (Shows original price crossed out with sale price),Sidebar Left (Permanent filter panel on the left side),Yes (Always visible sidebar with filters),Modal Popup (Product details appear in a centered overlay),Ratings Bar Only (Visual breakdown of star ratings),Compact stacked cards (more products per screen),"Moderate (Balanced - some details visible, click for more)","Balanced (50% images, 50% text - equal emphasis)",Balanced,Full-screen category menu,"Icon Only (Magnifying glass icon, opens search when clicked)",Dropdown Menu (Text-based dropdown list),"Info Rich (Lots of details, ratings, specs visible)",Strike-through Original (Shows original price crossed out with sale price),Bottom Sheet (Slides up from bottom mobile style),Slide-Up Panel (Preview product details in a slide-up panel without leaving the product lis),Summary Only (Average rating and total count),No (Header scrolls away with content),"Large (Easier to tap, less content visible)",Somewhat Different (Adapted but recognizable),4,"A great online shopping experience is fast, intuitive, and feels personalized to my needs. Clear product information, seamless checkout, and smart recommendations make the journey effortless and enjoyable. When a website saves my preferences and makes reordering easy, I’m much more likely to come back.","My main frustration is when the checkout process is slow or complicated, especially with hidden fees appearing at the last step."
23/01/2026 13:56:37,Yes,18-24,Male,Undergraduate,Smartphone,Need-based (I shop when I need something specific),Moderate (15-30 minutes - I compare a few options),Moderately important (I balance price and quality),Sometimes read reviews (For certain product types),Always try new brands (I love discovering new products),Slight influence (I notice but don't rely on them),The Loyal Customer (I stick with brands and stores I trust. I value consistency and reliability),3,3,4,1,4,3,3,4,4,3,5,4,Neutral,"1. Modern Sans-serif (Clean, contemporary fonts like Arial or Helvetica)","3. Large (16-18px - Easy to read, comfortable)","Minimalist Black & White (Clean, high contrast, professional)","Green (Natural, positive, go-ahead)","Pure White (Clean, bright, maximum contrast)",Balanced (Moderate spacing - comfortable middle ground),"Sharp Square (Clean, professional 90-degree corners)",Small Strip (Thin banner across the top),New Arrivals (Latest products added),Customer Reviews (Written reviews with ratings),Only on Request (Show only if I ask),Rounded Corners,One Page (All checkout steps on a single scrolling page),Underlined/ Minimal (Line underneath only),Expandable Sections (Organized into collapsible sections),3,"3 Columns (Balanced view, moderate item size)","Moderate (Balanced - some details visible, click for more)","Image-focused (80% images, 20% text - highly visual)",Spacious (clean and uncluttered),Top Bar (Categories always visible across the top),Collapsible (Search bar that expands when clicked),Dropdown Menu (Text-based dropdown list),3,"Minimal Clean (Simple image, name, price - no clutter)",With Comparison (Shows similar products' prices),Top Bar (Filters displayed across the top),Yes (Always visible sidebar with filters),Sidebar Slide (Details slide in from the right),Recent 3- 5 (Show a few recent reviews),Compact stacked cards (more products per screen),"Moderate (Balanced - some details visible, click for more)","Balanced (50% images, 50% text - equal emphasis)",Balanced,Full-screen category menu,Collapsible (Search bar that expands when clicked),Visual Grid (Category tiles with images),"Minimal Clean (Simple image, name, price - no clutter)",Bold Large (Price is the most prominent element),Drawer Overlay (Slides in from the side when clicked),Slide-Up Panel (Preview product details in a slide-up panel without leaving the product lis),Summary Only (Average rating and total count),Yes (Header stays at top while scrolling),"Large (Easier to tap, less content visible)",Similar (Mostly the same with minor adjustments),4,easy and i can take by people review’s,sometimes i can’t find what i need
23/01/2026 14:59:22,Yes,25-34,Female,Postgraduate,Smartphone,Need-based (I shop when I need something specific),Research-heavy (30+ minutes - I thoroughly research before buying),Important (Price is a major factor in my decisions),Often read reviews (For most purchases),Prefer familiar brands (I stick with what works),Slight influence (I notice but don't rely on them),"The Researcher (I thoroughly research products, read reviews, compare options, and take my time making informed decisions)",3,3,3,4,3,3,4,2,4,4,3,5,Frustrated,"1. Modern Sans-serif (Clean, contemporary fonts like Arial or Helvetica)","3. Large (16-18px - Easy to read, comfortable)","Vibrant Bold (Bright, energetic colors - exciting and dynamic)","Blue (Trustworthy, professional, calm)","Cream/Off-white (Warm, comfortable, paper-like)",Balanced (Moderate spacing - comfortable middle ground),"Pill-shaped (Fully rounded ends, very smooth)",Medium Split (Takes up half the screen),Category based (Similar items from the same category),User Photos (Photos uploaded by customers),Both (Show both stock and time based urgency),Rounded Corners,"Multi step (Separate pages for shipping, payment, review)",Floating Labels (Label moves up when you type),Moderate (Key details with option to expand),3,"2 Columns (Large product images, fewer items per row)","Moderate (Balanced - some details visible, click for more)","Image-focused (80% images, 20% text - highly visual)",Balanced,Combination of top bar and dropdowns,Collapsible (Search bar that expands when clicked),Text List (Simple text links),3,"Info Rich (Lots of details, ratings, specs visible)",Bold Large (Price is the most prominent element),Sidebar Left (Permanent filter panel on the left side),No (Prefer filters in a different location),Modal Popup (Product details appear in a centered overlay),Ratings Bar Only (Visual breakdown of star ratings),Compact stacked cards (more products per screen),"Moderate (Balanced - some details visible, click for more)","Balanced (50% images, 50% text - equal emphasis)",Balanced,Hamburger Menu (Three-line icon that opens a side menu),Collapsible (Search bar that expands when clicked),Dropdown Menu (Text-based dropdown list),"Info Rich (Lots of details, ratings, specs visible)",Simple Display (Price is visible but not emphasized),Drawer Overlay (Slides in from the side when clicked),Slide-Up Panel (Preview product details in a slide-up panel without leaving the product lis),Summary Only (Average rating and total count),Yes (Header stays at top while scrolling),"Standard (Normal size, more content visible)",Similar (Mostly the same with minor adjustments),3,"I enjoy shop one website for all experience, eg. Amazon","Lag , not enough reviews, no size guides."
23/01/2026 15:24:40,Yes,18-24,Female,Postgraduate,Smartphone,Entertainment (I browse for fun and enjoyment),Research-heavy (30+ minutes - I thoroughly research before buying),Moderately important (I balance price and quality),Always read reviews (I won't buy without checking reviews),Very loyal (I rarely switch from my favorite brands),Strong influence (They significantly affect my choices),"The Browser (I enjoy browsing and discovering products, often without immediate purchase intent)",3,1,1,5,1,3,1,1,1,1,5,5,Stressed,2. Classic Serif (Traditional fonts with decorative strokes like Times New Roman),"1. Small (12-14px - Compact, more content visible)","Pastel Soft (Light, muted colors - gentle and soothing)","Blue (Trustworthy, professional, calm)","Cream/Off-white (Warm, comfortable, paper-like)",Balanced (Moderate spacing - comfortable middle ground),"Pill-shaped (Fully rounded ends, very smooth)",Small Strip (Thin banner across the top),Category based (Similar items from the same category),User Photos (Photos uploaded by customers),None (I find these annoying and manipulative),Rounded Corners,One Page (All checkout steps on a single scrolling page),Floating Labels (Label moves up when you type),Expandable Sections (Organized into collapsible sections),3,List View (One product per row with details on the side),"Detailed (All information visible - specs, reviews, descriptions)","Image-focused (80% images, 20% text - highly visual)",Compact (more content visible),Mega Menu (Dropdown with images and subcategories),"Always Visible Top (Large, prominent search bar always shown)",Visual Grid (Category tiles with images),3,"Minimal Clean (Simple image, name, price - no clutter)",Subtle Small (Price is visible but not emphasized),Top Bar (Filters displayed across the top),No (Prefer filters in a different location),Sidebar Slide (Details slide in from the right),All Paginated (Show all reviews with pagination),Compact stacked cards (more products per screen),"Detailed (All information visible - specs, reviews, descriptions)","Image-focused (80% images, 20% text - highly visual)",Compact (more content visible),Full-screen category menu,"Always Visible Top (Large, prominent search bar always shown)",Visual Grid (Category tiles with images),"Info Rich (Lots of details, ratings, specs visible)",Simple Display (Price is visible but not emphasized),Bottom Sheet (Slides up from bottom mobile style),Slide-Up Panel (Preview product details in a slide-up panel without leaving the product lis),Collapsible Sections (Reviews can be expanded or collapsed within the product details),Yes (Header stays at top while scrolling),"Standard (Normal size, more content visible)","Yes, Very Different (Completely different design for each device)",5,Colors,When it's hard to make filters
23/01/2026 17:09:19,Yes,35.44,Female,Graduate,Smartphone,Need-based (I shop when I need something specific),Moderate (15-30 minutes - I compare a few options),Important (Price is a major factor in my decisions),Always read reviews (I won't buy without checking reviews),Balanced (I mix familiar and new brands),Slight influence (I notice but don't rely on them),"The Browser (I enjoy browsing and discovering products, often without immediate purchase intent)",3,3,3,4,3,3,2,4,1,4,1,5,Relaxed,"1. Modern Sans-serif (Clean, contemporary fonts like Arial or Helvetica)",4. Extra Large (18+px - Maximum readability),"Pastel Soft (Light, muted colors - gentle and soothing)","Blue (Trustworthy, professional, calm)","Cream/Off-white (Warm, comfortable, paper-like)",Balanced (Moderate spacing - comfortable middle ground),"Outlined (Border only, no fill color)","None (No promotional banner, go straight to products)",New Arrivals (Latest products added),User Photos (Photos uploaded by customers),"Stock Numbers (Show ""Only 3 left in stock"")",Rounded Corners,One Page (All checkout steps on a single scrolling page),Floating Labels (Label moves up when you type),Expandable Sections (Organized into collapsible sections),3,"4 Columns (Compact view, many items visible at once)","Moderate (Balanced - some details visible, click for more)","Image-focused (80% images, 20% text - highly visual)",Balanced,Mega Menu (Dropdown with images and subcategories),Collapsible (Search bar that expands when clicked),Mega Menu with Images (Large dropdown with category images and subcategories),3,"Info Rich (Lots of details, ratings, specs visible)",Bold Large (Price is the most prominent element),Sidebar Left (Permanent filter panel on the left side),Yes (Always visible sidebar with filters),New Tab (Opens product in a new browser tab),Recent 3- 5 (Show a few recent reviews),List view with expandable details,"Moderate (Balanced - some details visible, click for more)","Balanced (50% images, 50% text - equal emphasis)",Balanced,Hamburger Menu (Three-line icon that opens a side menu),Collapsible (Search bar that expands when clicked),Dropdown Menu (Text-based dropdown list),"Minimal Clean (Simple image, name, price - no clutter)",Bold Large (Price is the most prominent element),Drawer Overlay (Slides in from the side when clicked),No Quick View (I prefer to go to the full product page),Collapsible Sections (Reviews can be expanded or collapsed within the product details),No (Header scrolls away with content),"Standard (Normal size, more content visible)",Somewhat Different (Adapted but recognizable),5,"Easy and quick navigation. I usually go onto e-commerce websites knowing what I am looking for so the faster I find it, the better my chances of returning to that website.",The inability to use Apple Pay (or any other digital wallet services) because most of the time I may not have my wallet near me and I am expected to remember the CVV of one of the 3 cards I have on the system (I can barely remember which card is which as it is). My other issues stem from an inability to properly report issues I encounter because of website problems such as payment issues (credit card was charged twice by mistake). I have had so many issues with Breadfast due to these kinds of issues with their application I simply stopped using it all together.
23/01/2026 17:19:24,Yes,25-34,Female,Graduate,Smartphone,Gift-buying (I mainly shop for others),Research-heavy (30+ minutes - I thoroughly research before buying),Moderately important (I balance price and quality),Often read reviews (For most purchases),Prefer familiar brands (I stick with what works),Strong influence (They significantly affect my choices),The Loyal Customer (I stick with brands and stores I trust. I value consistency and reliability),3,3,4,2,3,3,4,4,1,4,3,3,Neutral,"3. Rounded Friendly (Soft, approachable fonts with rounded edges)","3. Large (16-18px - Easy to read, comfortable)","Warm Earthy (Browns, beiges, warm oranges - natural and cozy)","Blue (Trustworthy, professional, calm)","Cream/Off-white (Warm, comfortable, paper-like)",Balanced (Moderate spacing - comfortable middle ground),"Rounded Corners (Soft, modern rounded edges)",Small Strip (Thin banner across the top),Deals (Products on sale or special offers),Customer Reviews (Written reviews with ratings),Both (Show both stock and time based urgency),Rounded Corners,One Page (All checkout steps on a single scrolling page),Rounded Border Fields (Outlined field with rounded corners),Moderate (Key details with option to expand),3,"4 Columns (Compact view, many items visible at once)","Moderate (Balanced - some details visible, click for more)","Balanced (50% images, 50% text - equal emphasis)",Spacious (clean and uncluttered),Mega Menu (Dropdown with images and subcategories),"Icon Only (Magnifying glass icon, opens search when clicked)",Text List (Simple text links),3,"Badge Heavy (Shows bestseller, new, sale badges prominently)",With Savings Highlighted (Shows discount amount prominently),Sidebar Left (Permanent filter panel on the left side),Yes (Always visible sidebar with filters),Sidebar Slide (Details slide in from the right),Ratings Bar Only (Visual breakdown of star ratings),Compact stacked cards (more products per screen),"Moderate (Balanced - some details visible, click for more)","Balanced (50% images, 50% text - equal emphasis)",Balanced,Bottom Nav (Navigation bar at the bottom - mobile style),"Icon Only (Magnifying glass icon, opens search when clicked)",Dropdown Menu (Text-based dropdown list),"Minimal Clean (Simple image, name, price - no clutter)",Strike-through Original (Shows original price crossed out with sale price),Drawer Overlay (Slides in from the side when clicked),Slide-Up Panel (Preview product details in a slide-up panel without leaving the product lis),Ratings Bar Only (Visual breakdown of star ratings),No (Header scrolls away with content),"Large (Easier to tap, less content visible)",Somewhat Different (Adapted but recognizable),4,nan,nan
23/01/2026 20:16:11,Yes,18-24,Male,Postgraduate,Smartphone,Need-based (I shop when I need something specific),Research-heavy (30+ minutes - I thoroughly research before buying),Somewhat unimportant (Price matters but isn't a dealbreaker),Never read reviews (I don't find them useful),Prefer familiar brands (I stick with what works),Strong influence (They significantly affect my choices),"The Minimalist (I want simple, efficient shopping. Show me what I need with minimal fuss)",3,3,4,2,3,3,4,2,4,4,4,4,Stressed,2. Classic Serif (Traditional fonts with decorative strokes like Times New Roman),4. Extra Large (18+px - Maximum readability),"Minimalist Black & White (Clean, high contrast, professional)","Red (Bold, urgent, attention-grabbing)","Light Gray (Soft, reduces eye strain)","Spacious (Lots of spacing - clean, uncluttered, breathing room)","Rounded Corners (Soft, modern rounded edges)",Small Strip (Thin banner across the top),Category based (Similar items from the same category),"Bestseller Badges (""Most Popular"" or ""Bestseller"" tags)",Both (Show both stock and time based urgency),Rounded Corners,One Page (All checkout steps on a single scrolling page),Floating Labels (Label moves up when you type),Expandable Sections (Organized into collapsible sections),3,"4 Columns (Compact view, many items visible at once)","Moderate (Balanced - some details visible, click for more)","Image-focused (80% images, 20% text - highly visual)",Balanced,Top Bar (Categories always visible across the top),Collapsible (Search bar that expands when clicked),Text List (Simple text links),3,"Badge Heavy (Shows bestseller, new, sale badges prominently)",Strike-through Original (Shows original price crossed out with sale price),Modal (Pops up in the center when clicked),Yes (Always visible sidebar with filters),Sidebar Slide (Details slide in from the right),Recent 3- 5 (Show a few recent reviews),Compact stacked cards (more products per screen),"Moderate (Balanced - some details visible, click for more)","Balanced (50% images, 50% text - equal emphasis)",Balanced,Hamburger Menu (Three-line icon that opens a side menu),"Icon Only (Magnifying glass icon, opens search when clicked)",Dropdown Menu (Text-based dropdown list),"Minimal Clean (Simple image, name, price - no clutter)",Strike-through Original (Shows original price crossed out with sale price),Drawer Overlay (Slides in from the side when clicked),No Quick View (I prefer to go to the full product page),Collapsible Sections (Reviews can be expanded or collapsed within the product details),No (Header scrolls away with content),"Standard (Normal size, more content visible)",Somewhat Different (Adapted but recognizable),4,A good design,Return and exchange policies
23/01/2026 20:16:12,Yes,18-24,Female,Postgraduate,Smartphone,Deal-hunting (I look for sales and discounts),Research-heavy (30+ minutes - I thoroughly research before buying),Moderately important (I balance price and quality),Often read reviews (For most purchases),Balanced (I mix familiar and new brands),Moderate influence (They help me decide),"The Browser (I enjoy browsing and discovering products, often without immediate purchase intent)",3,3,4,4,3,3,2,4,3,5,4,4,Stressed,2. Classic Serif (Traditional fonts with decorative strokes like Times New Roman),"3. Large (16-18px - Easy to read, comfortable)","Minimalist Black & White (Clean, high contrast, professional)","Blue (Trustworthy, professional, calm)","Cream/Off-white (Warm, comfortable, paper-like)",Balanced (Moderate spacing - comfortable middle ground),Raised / Shadowed (Button with shadow or depth effect),Medium Split (Takes up half the screen),Deals (Products on sale or special offers),Customer Reviews (Written reviews with ratings),Only on Request (Show only if I ask),Rounded Corners,One Page (All checkout steps on a single scrolling page),Floating Labels (Label moves up when you type),Expandable Sections (Organized into collapsible sections),3,"2 Columns (Large product images, fewer items per row)","Minimal (Only key information - product name, price, image)","Image-focused (80% images, 20% text - highly visual)",Spacious (clean and uncluttered),Combination of top bar and dropdowns,"Icon Only (Magnifying glass icon, opens search when clicked)",Visual Grid (Category tiles with images),3,"Info Rich (Lots of details, ratings, specs visible)",Strike-through Original (Shows original price crossed out with sale price),Sidebar Left (Permanent filter panel on the left side),Yes (Always visible sidebar with filters),Sidebar Slide (Details slide in from the right),Recent 3- 5 (Show a few recent reviews),Compact stacked cards (more products per screen),"Moderate (Balanced - some details visible, click for more)","Balanced (50% images, 50% text - equal emphasis)",Balanced,Hamburger Menu (Three-line icon that opens a side menu),"Icon Only (Magnifying glass icon, opens search when clicked)",Visual Grid (Category tiles with images),"Minimal Clean (Simple image, name, price - no clutter)",Strike-through Original (Shows original price crossed out with sale price),Drawer Overlay (Slides in from the side when clicked),No Quick View (I prefer to go to the full product page),Collapsible Sections (Reviews can be expanded or collapsed within the product details),No (Header scrolls away with content),"Large (Easier to tap, less content visible)",Somewhat Different (Adapted but recognizable),4,easy navigation through the website,return and exchange policy
23/01/2026 19:14:38,Yes,25-34,Female,Postgraduate,Smartphone,Need-based (I shop when I need something specific),Impulsive (Less than 5 minutes - I decide quickly),Moderately important (I balance price and quality),Often read reviews (For most purchases),Prefer familiar brands (I stick with what works),Strong influence (They significantly affect my choices),"The Impulsive Buyer (I make quick decisions based on intuition and emotion. If I like it, I buy it)",3,4,4,4,4,3,4,4,3,4,3,3,Happy,2. Classic Serif (Traditional fonts with decorative strokes like Times New Roman),"3. Large (16-18px - Easy to read, comfortable)","Vibrant Bold (Bright, energetic colors - exciting and dynamic)","Green (Natural, positive, go-ahead)","Cream/Off-white (Warm, comfortable, paper-like)",Balanced (Moderate spacing - comfortable middle ground),"Sharp Square (Clean, professional 90-degree corners)",Medium Split (Takes up half the screen),Deals (Products on sale or special offers),User Photos (Photos uploaded by customers),Both (Show both stock and time based urgency),Rounded Corners,Progress Bar (Multi step with visual progress indicator),"Filled Background (Shaded background, no border)",Moderate (Key details with option to expand),3,"3 Columns (Balanced view, moderate item size)","Moderate (Balanced - some details visible, click for more)","Balanced (50% images, 50% text - equal emphasis)",Compact (more content visible),Mega Menu (Dropdown with images and subcategories),Collapsible (Search bar that expands when clicked),Visual Grid (Category tiles with images),3,"Info Rich (Lots of details, ratings, specs visible)",With Comparison (Shows similar products' prices),Top Bar (Filters displayed across the top),Yes (Always visible sidebar with filters),Sidebar Slide (Details slide in from the right),Recent 3- 5 (Show a few recent reviews),Compact stacked cards (more products per screen),"Moderate (Balanced - some details visible, click for more)","Balanced (50% images, 50% text - equal emphasis)",Compact (more content visible),Bottom Nav (Navigation bar at the bottom - mobile style),Collapsible (Search bar that expands when clicked),Dropdown Menu (Text-based dropdown list),"Info Rich (Lots of details, ratings, specs visible)",Strike-through Original (Shows original price crossed out with sale price),Drawer Overlay (Slides in from the side when clicked),Slide-Up Panel (Preview product details in a slide-up panel without leaving the product lis),Collapsible Sections (Reviews can be expanded or collapsed within the product details),Yes (Header stays at top while scrolling),"Large (Easier to tap, less content visible)",Somewhat Different (Adapted but recognizable),4,Discounts,Screen time
23/01/2026 19:24:48,Yes,18-24,Female,Undergraduate,Smartphone,Need-based (I shop when I need something specific),Quick (5-15 minutes - I know what I want),Moderately important (I balance price and quality),Often read reviews (For most purchases),Very loyal (I rarely switch from my favorite brands),Strong influence (They significantly affect my choices),The Loyal Customer (I stick with brands and stores I trust. I value consistency and reliability),3,4,4,2,3,3,2,4,2,4,4,3,Stressed,2. Classic Serif (Traditional fonts with decorative strokes like Times New Roman),"2. Medium (14-16px - Standard size, balanced)","Pastel Soft (Light, muted colors - gentle and soothing)","Pink (Playful, modern, soft)","Soft Color (Subtle tint - light blue, pink, etc.)",Balanced (Moderate spacing - comfortable middle ground),"Pill-shaped (Fully rounded ends, very smooth)",Small Strip (Thin banner across the top),Deals (Products on sale or special offers),"Bestseller Badges (""Most Popular"" or ""Bestseller"" tags)",None (I find these annoying and manipulative),Rounded Corners,Progress Bar (Multi step with visual progress indicator),Rounded Border Fields (Outlined field with rounded corners),Moderate (Key details with option to expand),3,List View (One product per row with details on the side),"Moderate (Balanced - some details visible, click for more)","Balanced (50% images, 50% text - equal emphasis)",Compact (more content visible),Combination of top bar and dropdowns,Collapsible (Search bar that expands when clicked),Visual Grid (Category tiles with images),3,"Info Rich (Lots of details, ratings, specs visible)",With Savings Highlighted (Shows discount amount prominently),Top Bar (Filters displayed across the top),No (Prefer filters in a different location),Sidebar Slide (Details slide in from the right),Recent 3- 5 (Show a few recent reviews),Compact stacked cards (more products per screen),"Moderate (Balanced - some details visible, click for more)","Balanced (50% images, 50% text - equal emphasis)",Compact (more content visible),Bottom Nav (Navigation bar at the bottom - mobile style),Collapsible (Search bar that expands when clicked),Mega Menu with Images (Large dropdown with category images and subcategories),"Badge Heavy (Shows bestseller, new, sale badges prominently)",Strike-through Original (Shows original price crossed out with sale price),Full-Screen Overlay (Displayed across screen),Slide-Up Panel (Preview product details in a slide-up panel without leaving the product lis),Ratings Bar Only (Visual breakdown of star ratings),Yes (Header stays at top while scrolling),"Large (Easier to tap, less content visible)",Somewhat Different (Adapted but recognizable),4,nan,nan
24/01/2026 09:34:53,Yes,25-34,Male,Postgraduate,Smartphone,Need-based (I shop when I need something specific),Quick (5-15 minutes - I know what I want),Moderately important (I balance price and quality),Often read reviews (For most purchases),Very loyal (I rarely switch from my favorite brands),Strong influence (They significantly affect my choices),"The Minimalist (I want simple, efficient shopping. Show me what I need with minimal fuss)",3,3,4,2,2,3,4,4,3,5,2,5,Relaxed,2. Classic Serif (Traditional fonts with decorative strokes like Times New Roman),"2. Medium (14-16px - Standard size, balanced)","Pastel Soft (Light, muted colors - gentle and soothing)","Blue (Trustworthy, professional, calm)","Light Gray (Soft, reduces eye strain)",Compact (Minimal spacing - more content visible at once),"Rounded Corners (Soft, modern rounded edges)",Medium Split (Takes up half the screen),Trending (What's popular right now),Customer Reviews (Written reviews with ratings),"Stock Numbers (Show ""Only 3 left in stock"")",Rounded Corners,"Multi step (Separate pages for shipping, payment, review)",Rounded Border Fields (Outlined field with rounded corners),Brief Summary (Just the essential information),3,"3 Columns (Balanced view, moderate item size)","Minimal (Only key information - product name, price, image)","Text-focused (20% images, 80% text - detailed descriptions)",Spacious (clean and uncluttered),Top Bar (Categories always visible across the top),Collapsible (Search bar that expands when clicked),Visual Grid (Category tiles with images),3,"Badge Heavy (Shows bestseller, new, sale badges prominently)",Strike-through Original (Shows original price crossed out with sale price),Sidebar Left (Permanent filter panel on the left side),No (Prefer filters in a different location),Modal Popup (Product details appear in a centered overlay),Recent 3- 5 (Show a few recent reviews),Swipeable horizontal cards (carousel style),"Moderate (Balanced - some details visible, click for more)","Text-focused (20% images, 80% text - detailed descriptions)",Balanced,Bottom Nav (Navigation bar at the bottom - mobile style),"Always Visible Top (Large, prominent search bar always shown)",Mega Menu with Images (Large dropdown with category images and subcategories),"Info Rich (Lots of details, ratings, specs visible)",Simple Display (Price is visible but not emphasized),Drawer Overlay (Slides in from the side when clicked),No Quick View (I prefer to go to the full product page),Collapsible Sections (Reviews can be expanded or collapsed within the product details),Yes (Header stays at top while scrolling),"Large (Easier to tap, less content visible)",Somewhat Different (Adapted but recognizable),5,nan,nan
24/01/2026 12:46:25,Yes,25-34,Male,Postgraduate,Smartphone,Need-based (I shop when I need something specific),Research-heavy (30+ minutes - I thoroughly research before buying),Very important (I always look for the best price),Always read reviews (I won't buy without checking reviews),Often try new brands (I'm open to switching),Moderate influence (They help me decide),"The Researcher (I thoroughly research products, read reviews, compare options, and take my time making informed decisions)",3,3,3,2,4,3,3,4,3,3,2,5,Neutral,"1. Modern Sans-serif (Clean, contemporary fonts like Arial or Helvetica)","3. Large (16-18px - Easy to read, comfortable)","Minimalist Black & White (Clean, high contrast, professional)","Blue (Trustworthy, professional, calm)","Light Gray (Soft, reduces eye strain)",Balanced (Moderate spacing - comfortable middle ground),Raised / Shadowed (Button with shadow or depth effect),Small Strip (Thin banner across the top),Deals (Products on sale or special offers),User Photos (Photos uploaded by customers),"Stock Numbers (Show ""Only 3 left in stock"")",Rounded Corners,One Page (All checkout steps on a single scrolling page),"Filled Background (Shaded background, no border)",Brief Summary (Just the essential information),3,"3 Columns (Balanced view, moderate item size)","Moderate (Balanced - some details visible, click for more)","Image-focused (80% images, 20% text - highly visual)",Balanced,Combination of top bar and dropdowns,Collapsible (Search bar that expands when clicked),Visual Grid (Category tiles with images),3,"Info Rich (Lots of details, ratings, specs visible)",With Comparison (Shows similar products' prices),Top Bar (Filters displayed across the top),No (Prefer filters in a different location),Modal Popup (Product details appear in a centered overlay),Recent 3- 5 (Show a few recent reviews),Compact stacked cards (more products per screen),"Moderate (Balanced - some details visible, click for more)","Balanced (50% images, 50% text - equal emphasis)",Balanced,Hamburger Menu (Three-line icon that opens a side menu),"Icon Only (Magnifying glass icon, opens search when clicked)",Visual Grid (Category tiles with images),"Minimal Clean (Simple image, name, price - no clutter)",Strike-through Original (Shows original price crossed out with sale price),Bottom Sheet (Slides up from bottom mobile style),Slide-Up Panel (Preview product details in a slide-up panel without leaving the product lis),Collapsible Sections (Reviews can be expanded or collapsed within the product details),Yes (Header stays at top while scrolling),"Large (Easier to tap, less content visible)",Somewhat Different (Adapted but recognizable),5,"Clean designs and products info fully presented in a clear way with real photos, description and reviews.",nan
24/01/2026 13:04:13,Yes,25-34,Male,Graduate,Laptop/Desktop,Need-based (I shop when I need something specific),Moderate (15-30 minutes - I compare a few options),Important (Price is a major factor in my decisions),Often read reviews (For most purchases),Balanced (I mix familiar and new brands),Moderate influence (They help me decide),"The Researcher (I thoroughly research products, read reviews, compare options, and take my time making informed decisions)",3,4,4,1,4,3,4,3,3,4,3,4,Neutral,"1. Modern Sans-serif (Clean, contemporary fonts like Arial or Helvetica)",4. Extra Large (18+px - Maximum readability),"Vibrant Bold (Bright, energetic colors - exciting and dynamic)","Blue (Trustworthy, professional, calm)","Pure White (Clean, bright, maximum contrast)",Balanced (Moderate spacing - comfortable middle ground),"Pill-shaped (Fully rounded ends, very smooth)",Medium Split (Takes up half the screen),Deals (Products on sale or special offers),Customer Reviews (Written reviews with ratings),"Stock Numbers (Show ""Only 3 left in stock"")",Rounded Corners,One Page (All checkout steps on a single scrolling page),Underlined/ Minimal (Line underneath only),Moderate (Key details with option to expand),3,List View (One product per row with details on the side),"Moderate (Balanced - some details visible, click for more)","Balanced (50% images, 50% text - equal emphasis)",Balanced,Top Bar (Categories always visible across the top),"Always Visible Top (Large, prominent search bar always shown)",Visual Grid (Category tiles with images),3,"Info Rich (Lots of details, ratings, specs visible)",With Comparison (Shows similar products' prices),Sidebar Left (Permanent filter panel on the left side),Yes (Always visible sidebar with filters),Sidebar Slide (Details slide in from the right),Recent 3- 5 (Show a few recent reviews),Single-column large cards (easy to scroll and tap),"Moderate (Balanced - some details visible, click for more)","Balanced (50% images, 50% text - equal emphasis)",Balanced,Bottom Nav (Navigation bar at the bottom - mobile style),Collapsible (Search bar that expands when clicked),Dropdown Menu (Text-based dropdown list),"Info Rich (Lots of details, ratings, specs visible)",Strike-through Original (Shows original price crossed out with sale price),Full-Screen Overlay (Displayed across screen),Slide-Up Panel (Preview product details in a slide-up panel without leaving the product lis),Collapsible Sections (Reviews can be expanded or collapsed within the product details),No (Header scrolls away with content),"Large (Easier to tap, less content visible)","Yes, Very Different (Completely different design for each device)",3,I don't know,It depends
24/01/2026 15:34:14,Yes,25-34,Male,Postgraduate,Smartphone,Need-based (I shop when I need something specific),Quick (5-15 minutes - I know what I want),Moderately important (I balance price and quality),Always read reviews (I won't buy without checking reviews),Balanced (I mix familiar and new brands),Slight influence (I notice but don't rely on them),"The Researcher (I thoroughly research products, read reviews, compare options, and take my time making informed decisions)",3,3,4,3,3,3,4,4,2,3,2,4,Neutral,"3. Rounded Friendly (Soft, approachable fonts with rounded edges)",4. Extra Large (18+px - Maximum readability),Cool Blues (Blues and grays - calm and trustworthy),"Blue (Trustworthy, professional, calm)","Light Gray (Soft, reduces eye strain)","Spacious (Lots of spacing - clean, uncluttered, breathing room)","Pill-shaped (Fully rounded ends, very smooth)",Small Strip (Thin banner across the top),Deals (Products on sale or special offers),User Photos (Photos uploaded by customers),"Countdown Timers (Show ""Sale ends in 2 hours"")",Rounded Corners,"Multi step (Separate pages for shipping, payment, review)","Filled Background (Shaded background, no border)",Expandable Sections (Organized into collapsible sections),3,Mixed (Combination of different layouts),"Detailed (All information visible - specs, reviews, descriptions)","Text-focused (20% images, 80% text - detailed descriptions)",Spacious (clean and uncluttered),Sidebar (Permanent navigation panel on the left),"Always Visible Top (Large, prominent search bar always shown)",Text List (Simple text links),3,Card with Shadow (Raised card effect with drop shadow),With Savings Highlighted (Shows discount amount prominently),Sidebar Left (Permanent filter panel on the left side),Yes (Always visible sidebar with filters),Sidebar Slide (Details slide in from the right),Recent 3- 5 (Show a few recent reviews),Compact stacked cards (more products per screen),"Detailed (All information visible - specs, reviews, descriptions)","Text-focused (20% images, 80% text - detailed descriptions)",Spacious (clean and uncluttered),Full-screen category menu,"Always Visible Top (Large, prominent search bar always shown)",Visual Grid (Category tiles with images),"Badge Heavy (Shows bestseller, new, sale badges prominently)",Strike-through Original (Shows original price crossed out with sale price),Drawer Overlay (Slides in from the side when clicked),Direct navigation (Each product card includes a button that takes you directly to the product page when tapped),Collapsible Sections (Reviews can be expanded or collapsed within the product details),Yes (Header stays at top while scrolling),"Large (Easier to tap, less content visible)","Yes, Very Different (Completely different design for each device)",3,Product availability,Quality...
24/01/2026 15:53:37,Yes,18-24,Male,Graduate,Smartphone,Need-based (I shop when I need something specific),Impulsive (Less than 5 minutes - I decide quickly),Important (Price is a major factor in my decisions),Sometimes read reviews (For certain product types),Very loyal (I rarely switch from my favorite brands),Strong influence (They significantly affect my choices),"The Minimalist (I want simple, efficient shopping. Show me what I need with minimal fuss)",3,4,4,2,5,3,3,3,4,4,4,4,Happy,"1. Modern Sans-serif (Clean, contemporary fonts like Arial or Helvetica)","2. Medium (14-16px - Standard size, balanced)","Warm Earthy (Browns, beiges, warm oranges - natural and cozy)","Red (Bold, urgent, attention-grabbing)","Light Gray (Soft, reduces eye strain)","Spacious (Lots of spacing - clean, uncluttered, breathing room)","Sharp Square (Clean, professional 90-degree corners)",Medium Split (Takes up half the screen),Deals (Products on sale or special offers),"Bestseller Badges (""Most Popular"" or ""Bestseller"" tags)","Stock Numbers (Show ""Only 3 left in stock"")",Rounded Corners,One Page (All checkout steps on a single scrolling page),Outlined (Border around the field),Detailed Full (All specifications and information visible),3,"2 Columns (Large product images, fewer items per row)","Moderate (Balanced - some details visible, click for more)","Balanced (50% images, 50% text - equal emphasis)",Balanced,Top Bar (Categories always visible across the top),Collapsible (Search bar that expands when clicked),Visual Grid (Category tiles with images),3,"Info Rich (Lots of details, ratings, specs visible)",With Comparison (Shows similar products' prices),Sidebar Left (Permanent filter panel on the left side),Yes (Always visible sidebar with filters),Sidebar Slide (Details slide in from the right),Recent 3- 5 (Show a few recent reviews),Single-column large cards (easy to scroll and tap),"Moderate (Balanced - some details visible, click for more)","Balanced (50% images, 50% text - equal emphasis)",Balanced,Swipe-based navigation,"Icon Only (Magnifying glass icon, opens search when clicked)",Mega Menu with Images (Large dropdown with category images and subcategories),"Image Heavy (Large, prominent product photos)",Bold Large (Price is the most prominent element),Bottom Sheet (Slides up from bottom mobile style),No Quick View (I prefer to go to the full product page),Summary Only (Average rating and total count),Yes (Header stays at top while scrolling),"Standard (Normal size, more content visible)",Somewhat Different (Adapted but recognizable),4,Free delivery,Delivery timing
24/01/2026 15:59:11,Yes,18-24,Male,Graduate,Laptop/Desktop,Need-based (I shop when I need something specific),Research-heavy (30+ minutes - I thoroughly research before buying),Moderately important (I balance price and quality),Always read reviews (I won't buy without checking reviews),Balanced (I mix familiar and new brands),Moderate influence (They help me decide),"The Researcher (I thoroughly research products, read reviews, compare options, and take my time making informed decisions)",3,3,4,4,3,3,3,4,2,3,3,5,Frustrated,"3. Rounded Friendly (Soft, approachable fonts with rounded edges)","3. Large (16-18px - Easy to read, comfortable)",Cool Blues (Blues and grays - calm and trustworthy),"Blue (Trustworthy, professional, calm)","Soft Color (Subtle tint - light blue, pink, etc.)",Balanced (Moderate spacing - comfortable middle ground),Raised / Shadowed (Button with shadow or depth effect),Small Strip (Thin banner across the top),Deals (Products on sale or special offers),Customer Reviews (Written reviews with ratings),"Stock Numbers (Show ""Only 3 left in stock"")",Rounded Corners,One Page (All checkout steps on a single scrolling page),"Filled Background (Shaded background, no border)",Detailed Full (All specifications and information visible),3,"4 Columns (Compact view, many items visible at once)","Moderate (Balanced - some details visible, click for more)","Balanced (50% images, 50% text - equal emphasis)",Balanced,Mega Menu (Dropdown with images and subcategories),"Always Visible Top (Large, prominent search bar always shown)",Visual Grid (Category tiles with images),3,"Info Rich (Lots of details, ratings, specs visible)",With Savings Highlighted (Shows discount amount prominently),Modal (Pops up in the center when clicked),No (Prefer filters in a different location),Modal Popup (Product details appear in a centered overlay),All Paginated (Show all reviews with pagination),Compact stacked cards (more products per screen),"Detailed (All information visible - specs, reviews, descriptions)","Text-focused (20% images, 80% text - detailed descriptions)",Balanced,Hamburger Menu (Three-line icon that opens a side menu),"Always Visible Top (Large, prominent search bar always shown)",Visual Grid (Category tiles with images),"Info Rich (Lots of details, ratings, specs visible)",Strike-through Original (Shows original price crossed out with sale price),Full-Screen Overlay (Displayed across screen),Slide-Up Panel (Preview product details in a slide-up panel without leaving the product lis),Summary Only (Average rating and total count),Yes (Header stays at top while scrolling),"Standard (Normal size, more content visible)",Somewhat Different (Adapted but recognizable),4,nan,nan
25/01/2026 01:58:12,Yes,35.44,Male,Graduate,Smartphone,Entertainment (I browse for fun and enjoyment),Research-heavy (30+ minutes - I thoroughly research before buying),Moderately important (I balance price and quality),Never read reviews (I don't find them useful),Balanced (I mix familiar and new brands),Moderate influence (They help me decide),"The Deal Hunter (I'm motivated by sales, discounts, and getting the best value. I wait for promotions)",3,3,3,3,5,3,3,3,3,4,4,4,Excited,"3. Rounded Friendly (Soft, approachable fonts with rounded edges)","2. Medium (14-16px - Standard size, balanced)","Pastel Soft (Light, muted colors - gentle and soothing)","Green (Natural, positive, go-ahead)","Pure White (Clean, bright, maximum contrast)",Compact (Minimal spacing - more content visible at once),"Rounded Corners (Soft, modern rounded edges)",Large Full screen (Takes up entire first screen),Deals (Products on sale or special offers),Customer Reviews (Written reviews with ratings),"Stock Numbers (Show ""Only 3 left in stock"")",Rounded Corners,One Page (All checkout steps on a single scrolling page),Underlined/ Minimal (Line underneath only),Brief Summary (Just the essential information),3,"3 Columns (Balanced view, moderate item size)","Minimal (Only key information - product name, price, image)","Image-focused (80% images, 20% text - highly visual)",Balanced,Top Bar (Categories always visible across the top),"Always Visible Top (Large, prominent search bar always shown)",Dropdown Menu (Text-based dropdown list),3,"Minimal Clean (Simple image, name, price - no clutter)",Bold Large (Price is the most prominent element),Top Bar (Filters displayed across the top),Yes (Always visible sidebar with filters),Modal Popup (Product details appear in a centered overlay),Summary Only (Average rating and total count),Single-column large cards (easy to scroll and tap),"Minimal (Only key information - product name, price, image)","Image-focused (80% images, 20% text - highly visual)",Balanced,Hamburger Menu (Three-line icon that opens a side menu),"Icon Only (Magnifying glass icon, opens search when clicked)",Visual Grid (Category tiles with images),"Minimal Clean (Simple image, name, price - no clutter)",Strike-through Original (Shows original price crossed out with sale price),Full-Screen Overlay (Displayed across screen),No Quick View (I prefer to go to the full product page),Summary Only (Average rating and total count),Yes (Header stays at top while scrolling),"Standard (Normal size, more content visible)",Identical (Exactly the same on all devices),3,It is easier to get what you want and the quality of a product and it price.,A times a person can order something and received same good but poor quality.
25/01/2026 10:23:07,Yes,18-24,Female,Undergraduate,Laptop/Desktop,Need-based (I shop when I need something specific),Research-heavy (30+ minutes - I thoroughly research before buying),Very important (I always look for the best price),Always read reviews (I won't buy without checking reviews),Often try new brands (I'm open to switching),Moderate influence (They help me decide),"The Researcher (I thoroughly research products, read reviews, compare options, and take my time making informed decisions)",3,4,4,4,4,3,5,2,1,4,5,5,Neutral,"4. Bold Impact (Strong, attention-grabbing fonts)",4. Extra Large (18+px - Maximum readability),"Warm Earthy (Browns, beiges, warm oranges - natural and cozy)","Orange (Energetic, friendly, warm)","Cream/Off-white (Warm, comfortable, paper-like)",Balanced (Moderate spacing - comfortable middle ground),"Outlined (Border only, no fill color)",Medium Split (Takes up half the screen),Category based (Similar items from the same category),Customer Reviews (Written reviews with ratings),Both (Show both stock and time based urgency),Rounded Corners,Progress Bar (Multi step with visual progress indicator),Material Design Style (Underline-focused field with animated label and focus accent),Expandable Sections (Organized into collapsible sections),3,"3 Columns (Balanced view, moderate item size)","Moderate (Balanced - some details visible, click for more)","Image-focused (80% images, 20% text - highly visual)",Spacious (clean and uncluttered),Combination of top bar and dropdowns,"Always Visible Top (Large, prominent search bar always shown)",Text List (Simple text links),3,"Minimal Clean (Simple image, name, price - no clutter)",Strike-through Original (Shows original price crossed out with sale price),Sidebar Left (Permanent filter panel on the left side),Yes (Always visible sidebar with filters),Modal Popup (Product details appear in a centered overlay),Summary Only (Average rating and total count),Single-column large cards (easy to scroll and tap),"Moderate (Balanced - some details visible, click for more)","Balanced (50% images, 50% text - equal emphasis)",Balanced,Hamburger Menu (Three-line icon that opens a side menu),"Always Visible Top (Large, prominent search bar always shown)",Mega Menu with Images (Large dropdown with category images and subcategories),"Minimal Clean (Simple image, name, price - no clutter)",Bold Large (Price is the most prominent element),Drawer Overlay (Slides in from the side when clicked),Slide-Up Panel (Preview product details in a slide-up panel without leaving the product lis),Collapsible Sections (Reviews can be expanded or collapsed within the product details),No (Header scrolls away with content),"Standard (Normal size, more content visible)",Somewhat Different (Adapted but recognizable),3,nan,nan
25/01/2026 12:59:33,Yes,18-24,Female,Undergraduate,Smartphone,Deal-hunting (I look for sales and discounts),Moderate (15-30 minutes - I compare a few options),Important (Price is a major factor in my decisions),Often read reviews (For most purchases),Always try new brands (I love discovering new products),Very strong influence (I primarily buy popular items),"The Researcher (I thoroughly research products, read reviews, compare options, and take my time making informed decisions)",3,5,5,1,5,3,5,3,2,3,3,3,Neutral,"1. Modern Sans-serif (Clean, contemporary fonts like Arial or Helvetica)","2. Medium (14-16px - Standard size, balanced)","Vibrant Bold (Bright, energetic colors - exciting and dynamic)","Pink (Playful, modern, soft)","Pure White (Clean, bright, maximum contrast)",Balanced (Moderate spacing - comfortable middle ground),"Rounded Corners (Soft, modern rounded edges)","None (No promotional banner, go straight to products)",Trending (What's popular right now),Customer Reviews (Written reviews with ratings),"Stock Numbers (Show ""Only 3 left in stock"")",Rounded Corners,"Multi step (Separate pages for shipping, payment, review)",Outlined (Border around the field),Detailed Full (All specifications and information visible),3,List View (One product per row with details on the side),"Detailed (All information visible - specs, reviews, descriptions)","Balanced (50% images, 50% text - equal emphasis)",Spacious (clean and uncluttered),Mega Menu (Dropdown with images and subcategories),"Always Visible Top (Large, prominent search bar always shown)",Text List (Simple text links),3,"Minimal Clean (Simple image, name, price - no clutter)",With Savings Highlighted (Shows discount amount prominently),Modal (Pops up in the center when clicked),Yes (Always visible sidebar with filters),Modal Popup (Product details appear in a centered overlay),Summary Only (Average rating and total count),Single-column large cards (easy to scroll and tap),"Moderate (Balanced - some details visible, click for more)","Balanced (50% images, 50% text - equal emphasis)",Balanced,Full-screen category menu,"Icon Only (Magnifying glass icon, opens search when clicked)",Visual Grid (Category tiles with images),"Info Rich (Lots of details, ratings, specs visible)",Bold Large (Price is the most prominent element),Drawer Overlay (Slides in from the side when clicked),Slide-Up Panel (Preview product details in a slide-up panel without leaving the product lis),Summary Only (Average rating and total count),Yes (Header stays at top while scrolling),"Standard (Normal size, more content visible)",Identical (Exactly the same on all devices),5,nan,nan
25/01/2026 13:45:21,Yes,18-24,Male,Graduate,Laptop/Desktop,Entertainment (I browse for fun and enjoyment),Moderate (15-30 minutes - I compare a few options),Moderately important (I balance price and quality),Rarely read reviews (Only for expensive items),Balanced (I mix familiar and new brands),Strong influence (They significantly affect my choices),"The Impulsive Buyer (I make quick decisions based on intuition and emotion. If I like it, I buy it)",3,3,4,2,4,3,4,5,2,4,1,5,Happy,"1. Modern Sans-serif (Clean, contemporary fonts like Arial or Helvetica)","3. Large (16-18px - Easy to read, comfortable)","Minimalist Black & White (Clean, high contrast, professional)","Blue (Trustworthy, professional, calm)","Light Gray (Soft, reduces eye strain)",Compact (Minimal spacing - more content visible at once),"Rounded Corners (Soft, modern rounded edges)",Medium Split (Takes up half the screen),Trending (What's popular right now),"Bestseller Badges (""Most Popular"" or ""Bestseller"" tags)",Only on Request (Show only if I ask),Rounded Corners,Progress Bar (Multi step with visual progress indicator),Rounded Border Fields (Outlined field with rounded corners),Brief Summary (Just the essential information),3,List View (One product per row with details on the side),"Moderate (Balanced - some details visible, click for more)","Image-focused (80% images, 20% text - highly visual)",Compact (more content visible),Mega Menu (Dropdown with images and subcategories),Collapsible (Search bar that expands when clicked),Visual Grid (Category tiles with images),3,"Badge Heavy (Shows bestseller, new, sale badges prominently)",With Savings Highlighted (Shows discount amount prominently),Modal (Pops up in the center when clicked),Yes (Always visible sidebar with filters),New Tab (Opens product in a new browser tab),All Paginated (Show all reviews with pagination),Swipeable horizontal cards (carousel style),"Moderate (Balanced - some details visible, click for more)","Balanced (50% images, 50% text - equal emphasis)",Balanced,Full-screen category menu,Collapsible (Search bar that expands when clicked),Visual Grid (Category tiles with images),"Info Rich (Lots of details, ratings, specs visible)",Strike-through Original (Shows original price crossed out with sale price),Drawer Overlay (Slides in from the side when clicked),Slide-Up Panel (Preview product details in a slide-up panel without leaving the product lis),Summary Only (Average rating and total count),Yes (Header stays at top while scrolling),"Large (Easier to tap, less content visible)",Somewhat Different (Adapted but recognizable),4,"For me, a great online shopping experience is when the website is fast, easy to use, and shows exactly what I’m looking for without confusion. Clear prices, good pictures, honest reviews, and a smooth checkout make me trust the site. If it saves my preferences and makes coming back easier, I’m more likely to return.","The biggest frustration for me is when a website is slow, confusing, or keeps surprising me with extra costs at checkout. Hidden fees, complicated forms, or being forced to create an account make me leave. If I can’t quickly find clear information, I switch to another site."
26/01/2026 08:15:29,Yes,35.44,Male,Graduate,Smartphone,Need-based (I shop when I need something specific),Moderate (15-30 minutes - I compare a few options),Very important (I always look for the best price),Always read reviews (I won't buy without checking reviews),Prefer familiar brands (I stick with what works),Slight influence (I notice but don't rely on them),"The Browser (I enjoy browsing and discovering products, often without immediate purchase intent)",3,4,4,4,2,3,4,2,4,3,4,4,Stressed,"1. Modern Sans-serif (Clean, contemporary fonts like Arial or Helvetica)",4. Extra Large (18+px - Maximum readability),"Minimalist Black & White (Clean, high contrast, professional)","Blue (Trustworthy, professional, calm)","Pure White (Clean, bright, maximum contrast)",Compact (Minimal spacing - more content visible at once),"Pill-shaped (Fully rounded ends, very smooth)",Small Strip (Thin banner across the top),Deals (Products on sale or special offers),Customer Reviews (Written reviews with ratings),None (I find these annoying and manipulative),Rounded Corners,One Page (All checkout steps on a single scrolling page),Underlined/ Minimal (Line underneath only),Detailed Full (All specifications and information visible),3,"4 Columns (Compact view, many items visible at once)","Detailed (All information visible - specs, reviews, descriptions)","Balanced (50% images, 50% text - equal emphasis)",Spacious (clean and uncluttered),Sidebar (Permanent navigation panel on the left),"Always Visible Top (Large, prominent search bar always shown)",Text List (Simple text links),3,"Badge Heavy (Shows bestseller, new, sale badges prominently)",With Comparison (Shows similar products' prices),Sidebar Left (Permanent filter panel on the left side),Yes (Always visible sidebar with filters),Modal Popup (Product details appear in a centered overlay),All Paginated (Show all reviews with pagination),List view with expandable details,"Detailed (All information visible - specs, reviews, descriptions)","Balanced (50% images, 50% text - equal emphasis)",Balanced,Hamburger Menu (Three-line icon that opens a side menu),"Icon Only (Magnifying glass icon, opens search when clicked)",Dropdown Menu (Text-based dropdown list),"Info Rich (Lots of details, ratings, specs visible)",Strike-through Original (Shows original price crossed out with sale price),Drawer Overlay (Slides in from the side when clicked),No Quick View (I prefer to go to the full product page),Summary Only (Average rating and total count),No (Header scrolls away with content),"Standard (Normal size, more content visible)",Somewhat Different (Adapted but recognizable),4,"Simple design, easy to navigate","loading time, fake reviews, no comments options"
27/01/2026 19:13:20,Yes,18-24,Female,Graduate,Smartphone,Need-based (I shop when I need something specific),Research-heavy (30+ minutes - I thoroughly research before buying),Somewhat unimportant (Price matters but isn't a dealbreaker),Always read reviews (I won't buy without checking reviews),Prefer familiar brands (I stick with what works),No influence (I ignore these indicators),"The Minimalist (I want simple, efficient shopping. Show me what I need with minimal fuss)",3,3,2,2,1,3,5,3,4,4,5,5,Neutral,"3. Rounded Friendly (Soft, approachable fonts with rounded edges)","3. Large (16-18px - Easy to read, comfortable)","Minimalist Black & White (Clean, high contrast, professional)","Blue (Trustworthy, professional, calm)","Pure White (Clean, bright, maximum contrast)",Balanced (Moderate spacing - comfortable middle ground),"Rounded Corners (Soft, modern rounded edges)",Small Strip (Thin banner across the top),New Arrivals (Latest products added),User Photos (Photos uploaded by customers),None (I find these annoying and manipulative),Rounded Corners,One Page (All checkout steps on a single scrolling page),Underlined/ Minimal (Line underneath only),Expandable Sections (Organized into collapsible sections),3,"3 Columns (Balanced view, moderate item size)","Moderate (Balanced - some details visible, click for more)","Image-focused (80% images, 20% text - highly visual)",Balanced,Top Bar (Categories always visible across the top),"Always Visible Top (Large, prominent search bar always shown)",Dropdown Menu (Text-based dropdown list),3,"Image Heavy (Large, prominent product photos)",With Comparison (Shows similar products' prices),Top Bar (Filters displayed across the top),No (Prefer filters in a different location),New Tab (Opens product in a new browser tab),Summary Only (Average rating and total count),Compact stacked cards (more products per screen),"Moderate (Balanced - some details visible, click for more)","Image-focused (80% images, 20% text - highly visual)",Balanced,Bottom Nav (Navigation bar at the bottom - mobile style),"Icon Only (Magnifying glass icon, opens search when clicked)",Visual Grid (Category tiles with images),"Minimal Clean (Simple image, name, price - no clutter)",Strike-through Original (Shows original price crossed out with sale price),Drawer Overlay (Slides in from the side when clicked),Slide-Up Panel (Preview product details in a slide-up panel without leaving the product lis),Collapsible Sections (Reviews can be expanded or collapsed within the product details),No (Header scrolls away with content),"Standard (Normal size, more content visible)",Somewhat Different (Adapted but recognizable),3,nan,nan
27/01/2026 19:50:42,Yes,25-34,Male,High School,Smartphone,Deal-hunting (I look for sales and discounts),Quick (5-15 minutes - I know what I want),Important (Price is a major factor in my decisions),Often read reviews (For most purchases),Prefer familiar brands (I stick with what works),Very strong influence (I primarily buy popular items),"The Minimalist (I want simple, efficient shopping. Show me what I need with minimal fuss)",3,5,5,2,3,3,3,5,3,4,4,5,Neutral,"1. Modern Sans-serif (Clean, contemporary fonts like Arial or Helvetica)","2. Medium (14-16px - Standard size, balanced)","Vibrant Bold (Bright, energetic colors - exciting and dynamic)","Green (Natural, positive, go-ahead)","Pure White (Clean, bright, maximum contrast)",Compact (Minimal spacing - more content visible at once),Raised / Shadowed (Button with shadow or depth effect),Medium Split (Takes up half the screen),Deals (Products on sale or special offers),Customer Reviews (Written reviews with ratings),"Stock Numbers (Show ""Only 3 left in stock"")",Rounded Corners,One Page (All checkout steps on a single scrolling page),Rounded Border Fields (Outlined field with rounded corners),Brief Summary (Just the essential information),3,List View (One product per row with details on the side),"Detailed (All information visible - specs, reviews, descriptions)","Balanced (50% images, 50% text - equal emphasis)",Spacious (clean and uncluttered),Mega Menu (Dropdown with images and subcategories),Collapsible (Search bar that expands when clicked),Mega Menu with Images (Large dropdown with category images and subcategories),3,"Image Heavy (Large, prominent product photos)",With Savings Highlighted (Shows discount amount prominently),Modal (Pops up in the center when clicked),No (Prefer filters in a different location),Sidebar Slide (Details slide in from the right),Recent 3- 5 (Show a few recent reviews),List view with expandable details,"Detailed (All information visible - specs, reviews, descriptions)","Balanced (50% images, 50% text - equal emphasis)",Spacious (clean and uncluttered),Full-screen category menu,"Icon Only (Magnifying glass icon, opens search when clicked)",Visual Grid (Category tiles with images),"Info Rich (Lots of details, ratings, specs visible)",Strike-through Original (Shows original price crossed out with sale price),Bottom Sheet (Slides up from bottom mobile style),No Quick View (I prefer to go to the full product page),Summary Only (Average rating and total count),Yes (Header stays at top while scrolling),"Standard (Normal size, more content visible)","Yes, Very Different (Completely different design for each device)",4,nan,nan
27/01/2026 20:12:23,Yes,25-34,Male,Postgraduate,Smartphone,Need-based (I shop when I need something specific),Moderate (15-30 minutes - I compare a few options),Moderately important (I balance price and quality),Often read reviews (For most purchases),Prefer familiar brands (I stick with what works),Slight influence (I notice but don't rely on them),"The Researcher (I thoroughly research products, read reviews, compare options, and take my time making informed decisions)",3,3,3,4,4,3,4,4,3,4,4,3,Relaxed,"1. Modern Sans-serif (Clean, contemporary fonts like Arial or Helvetica)","2. Medium (14-16px - Standard size, balanced)","Pastel Soft (Light, muted colors - gentle and soothing)","Blue (Trustworthy, professional, calm)","Soft Color (Subtle tint - light blue, pink, etc.)",Balanced (Moderate spacing - comfortable middle ground),"Rounded Corners (Soft, modern rounded edges)",Medium Split (Takes up half the screen),Deals (Products on sale or special offers),Customer Reviews (Written reviews with ratings),Both (Show both stock and time based urgency),Rounded Corners,Progress Bar (Multi step with visual progress indicator),Rounded Border Fields (Outlined field with rounded corners),Moderate (Key details with option to expand),3,"3 Columns (Balanced view, moderate item size)","Moderate (Balanced - some details visible, click for more)","Image-focused (80% images, 20% text - highly visual)",Balanced,Top Bar (Categories always visible across the top),Collapsible (Search bar that expands when clicked),Dropdown Menu (Text-based dropdown list),3,"Badge Heavy (Shows bestseller, new, sale badges prominently)",With Savings Highlighted (Shows discount amount prominently),Sidebar Left (Permanent filter panel on the left side),Yes (Always visible sidebar with filters),Sidebar Slide (Details slide in from the right),Ratings Bar Only (Visual breakdown of star ratings),Compact stacked cards (more products per screen),"Moderate (Balanced - some details visible, click for more)","Image-focused (80% images, 20% text - highly visual)",Balanced,Bottom Nav (Navigation bar at the bottom - mobile style),"Icon Only (Magnifying glass icon, opens search when clicked)",Dropdown Menu (Text-based dropdown list),"Info Rich (Lots of details, ratings, specs visible)",Strike-through Original (Shows original price crossed out with sale price),Drawer Overlay (Slides in from the side when clicked),Slide-Up Panel (Preview product details in a slide-up panel without leaving the product lis),Ratings Bar Only (Visual breakdown of star ratings),No (Header scrolls away with content),"Large (Easier to tap, less content visible)",Somewhat Different (Adapted but recognizable),4,nan,If the website is slow
27/01/2026 20:26:48,Yes,25-34,Male,Graduate,Smartphone,Deal-hunting (I look for sales and discounts),Research-heavy (30+ minutes - I thoroughly research before buying),Very important (I always look for the best price),Always read reviews (I won't buy without checking reviews),Very loyal (I rarely switch from my favorite brands),Slight influence (I notice but don't rely on them),The Loyal Customer (I stick with brands and stores I trust. I value consistency and reliability),3,5,3,2,3,3,4,5,3,5,3,5,Neutral,"3. Rounded Friendly (Soft, approachable fonts with rounded edges)","3. Large (16-18px - Easy to read, comfortable)","Pastel Soft (Light, muted colors - gentle and soothing)","Blue (Trustworthy, professional, calm)","Pure White (Clean, bright, maximum contrast)","Spacious (Lots of spacing - clean, uncluttered, breathing room)","Sharp Square (Clean, professional 90-degree corners)",Medium Split (Takes up half the screen),Deals (Products on sale or special offers),Customer Reviews (Written reviews with ratings),None (I find these annoying and manipulative),Rounded Corners,Progress Bar (Multi step with visual progress indicator),Outlined (Border around the field),Expandable Sections (Organized into collapsible sections),3,"3 Columns (Balanced view, moderate item size)","Moderate (Balanced - some details visible, click for more)","Balanced (50% images, 50% text - equal emphasis)",Balanced,Mega Menu (Dropdown with images and subcategories),"Always Visible Top (Large, prominent search bar always shown)",Visual Grid (Category tiles with images),3,"Badge Heavy (Shows bestseller, new, sale badges prominently)",Strike-through Original (Shows original price crossed out with sale price),Sidebar Left (Permanent filter panel on the left side),Yes (Always visible sidebar with filters),Sidebar Slide (Details slide in from the right),All Paginated (Show all reviews with pagination),Swipeable horizontal cards (carousel style),"Moderate (Balanced - some details visible, click for more)","Balanced (50% images, 50% text - equal emphasis)",Balanced,Bottom Nav (Navigation bar at the bottom - mobile style),"Icon Only (Magnifying glass icon, opens search when clicked)",Visual Grid (Category tiles with images),"Minimal Clean (Simple image, name, price - no clutter)",Strike-through Original (Shows original price crossed out with sale price),Drawer Overlay (Slides in from the side when clicked),No Quick View (I prefer to go to the full product page),Collapsible Sections (Reviews can be expanded or collapsed within the product details),Yes (Header stays at top while scrolling),"Standard (Normal size, more content visible)",Somewhat Different (Adapted but recognizable),3,nan,nan
27/01/2026 20:32:52,Yes,25-34,Male,High School,Smartphone,Research (I like exploring products and learning about them),Moderate (15-30 minutes - I compare a few options),Very important (I always look for the best price),Sometimes read reviews (For certain product types),Balanced (I mix familiar and new brands),Moderate influence (They help me decide),"The Minimalist (I want simple, efficient shopping. Show me what I need with minimal fuss)",3,3,5,2,5,3,3,4,1,3,1,3,Stressed,2. Classic Serif (Traditional fonts with decorative strokes like Times New Roman),"3. Large (16-18px - Easy to read, comfortable)","Minimalist Black & White (Clean, high contrast, professional)","Blue (Trustworthy, professional, calm)","Cream/Off-white (Warm, comfortable, paper-like)",Balanced (Moderate spacing - comfortable middle ground),"Rounded Corners (Soft, modern rounded edges)",Small Strip (Thin banner across the top),New Arrivals (Latest products added),"Bestseller Badges (""Most Popular"" or ""Bestseller"" tags)","Countdown Timers (Show ""Sale ends in 2 hours"")",Rounded Corners,Progress Bar (Multi step with visual progress indicator),Rounded Border Fields (Outlined field with rounded corners),Detailed Full (All specifications and information visible),3,"3 Columns (Balanced view, moderate item size)","Moderate (Balanced - some details visible, click for more)","Image-focused (80% images, 20% text - highly visual)",Balanced,Mega Menu (Dropdown with images and subcategories),"Always Visible Top (Large, prominent search bar always shown)",Text List (Simple text links),3,"Info Rich (Lots of details, ratings, specs visible)",With Comparison (Shows similar products' prices),Top Bar (Filters displayed across the top),Yes (Always visible sidebar with filters),Sidebar Slide (Details slide in from the right),Recent 3- 5 (Show a few recent reviews),Compact stacked cards (more products per screen),"Minimal (Only key information - product name, price, image)","Balanced (50% images, 50% text - equal emphasis)",Balanced,Bottom Nav (Navigation bar at the bottom - mobile style),Collapsible (Search bar that expands when clicked),Dropdown Menu (Text-based dropdown list),"Image Heavy (Large, prominent product photos)",Strike-through Original (Shows original price crossed out with sale price),Drawer Overlay (Slides in from the side when clicked),Slide-Up Panel (Preview product details in a slide-up panel without leaving the product lis),Ratings Bar Only (Visual breakdown of star ratings),Yes (Header stays at top while scrolling),"Large (Easier to tap, less content visible)",Somewhat Different (Adapted but recognizable),3,nan,nan
27/01/2026 20:58:49,Yes,25-34,Male,Graduate,Smartphone,Need-based (I shop when I need something specific),Moderate (15-30 minutes - I compare a few options),Moderately important (I balance price and quality),Often read reviews (For most purchases),Prefer familiar brands (I stick with what works),Moderate influence (They help me decide),"The Researcher (I thoroughly research products, read reviews, compare options, and take my time making informed decisions)",3,4,4,4,4,3,4,5,3,3,4,4,Excited,2. Classic Serif (Traditional fonts with decorative strokes like Times New Roman),"3. Large (16-18px - Easy to read, comfortable)","Minimalist Black & White (Clean, high contrast, professional)","Red (Bold, urgent, attention-grabbing)",Dark (Dark gray or black background),Balanced (Moderate spacing - comfortable middle ground),"Rounded Corners (Soft, modern rounded edges)",Small Strip (Thin banner across the top),New Arrivals (Latest products added),"Bestseller Badges (""Most Popular"" or ""Bestseller"" tags)",Both (Show both stock and time based urgency),Rounded Corners,Express Checkout (One click purchase with saved info),Underlined/ Minimal (Line underneath only),Brief Summary (Just the essential information),3,Mixed (Combination of different layouts),"Moderate (Balanced - some details visible, click for more)","Balanced (50% images, 50% text - equal emphasis)",Spacious (clean and uncluttered),Sidebar (Permanent navigation panel on the left),Collapsible (Search bar that expands when clicked),Mega Menu with Images (Large dropdown with category images and subcategories),3,"Info Rich (Lots of details, ratings, specs visible)",With Savings Highlighted (Shows discount amount prominently),Modal (Pops up in the center when clicked),Yes (Always visible sidebar with filters),Sidebar Slide (Details slide in from the right),Ratings Bar Only (Visual breakdown of star ratings),Single-column large cards (easy to scroll and tap),"Moderate (Balanced - some details visible, click for more)","Balanced (50% images, 50% text - equal emphasis)",Balanced,Full-screen category menu,Collapsible (Search bar that expands when clicked),Visual Grid (Category tiles with images),"Minimal Clean (Simple image, name, price - no clutter)",Strike-through Original (Shows original price crossed out with sale price),Bottom Sheet (Slides up from bottom mobile style),Direct navigation (Each product card includes a button that takes you directly to the product page when tapped),Ratings Bar Only (Visual breakdown of star ratings),Yes (Header stays at top while scrolling),"Large (Easier to tap, less content visible)",Similar (Mostly the same with minor adjustments),3,To be smart,To be easily
28/01/2026 01:00:55,Yes,25-34,Male,Graduate,Smartphone,Need-based (I shop when I need something specific),Research-heavy (30+ minutes - I thoroughly research before buying),Moderately important (I balance price and quality),Always read reviews (I won't buy without checking reviews),Prefer familiar brands (I stick with what works),Strong influence (They significantly affect my choices),"The Researcher (I thoroughly research products, read reviews, compare options, and take my time making informed decisions)",3,3,2,4,3,3,5,4,3,5,2,5,Neutral,"3. Rounded Friendly (Soft, approachable fonts with rounded edges)","2. Medium (14-16px - Standard size, balanced)","Minimalist Black & White (Clean, high contrast, professional)","Green (Natural, positive, go-ahead)","Pure White (Clean, bright, maximum contrast)",Balanced (Moderate spacing - comfortable middle ground),"Rounded Corners (Soft, modern rounded edges)",Small Strip (Thin banner across the top),Deals (Products on sale or special offers),Customer Reviews (Written reviews with ratings),"Stock Numbers (Show ""Only 3 left in stock"")",Rounded Corners,Progress Bar (Multi step with visual progress indicator),Outlined (Border around the field),Expandable Sections (Organized into collapsible sections),3,"4 Columns (Compact view, many items visible at once)","Moderate (Balanced - some details visible, click for more)","Image-focused (80% images, 20% text - highly visual)",Spacious (clean and uncluttered),Sidebar (Permanent navigation panel on the left),"Always Visible Top (Large, prominent search bar always shown)",Dropdown Menu (Text-based dropdown list),3,"Minimal Clean (Simple image, name, price - no clutter)",Bold Large (Price is the most prominent element),Sidebar Left (Permanent filter panel on the left side),Yes (Always visible sidebar with filters),New Tab (Opens product in a new browser tab),All Paginated (Show all reviews with pagination),Single-column large cards (easy to scroll and tap),"Moderate (Balanced - some details visible, click for more)","Balanced (50% images, 50% text - equal emphasis)",Balanced,Bottom Nav (Navigation bar at the bottom - mobile style),Collapsible (Search bar that expands when clicked),Mega Menu with Images (Large dropdown with category images and subcategories),"Badge Heavy (Shows bestseller, new, sale badges prominently)",Simple Display (Price is visible but not emphasized),Drawer Overlay (Slides in from the side when clicked),No Quick View (I prefer to go to the full product page),Collapsible Sections (Reviews can be expanded or collapsed within the product details),No (Header scrolls away with content),"Standard (Normal size, more content visible)",Somewhat Different (Adapted but recognizable),4,Easy to navigate Easy to find reviews Easy to communicate when having issues,Popups Hard to filter Slow websites
28/01/2026 08:08:26,Yes,25-34,Male,Graduate,Smartphone,Entertainment (I browse for fun and enjoyment),Quick (5-15 minutes - I know what I want),Moderately important (I balance price and quality),Sometimes read reviews (For certain product types),Balanced (I mix familiar and new brands),Moderate influence (They help me decide),"The Minimalist (I want simple, efficient shopping. Show me what I need with minimal fuss)",3,5,3,3,3,3,3,3,2,3,3,3,Relaxed,"3. Rounded Friendly (Soft, approachable fonts with rounded edges)","1. Small (12-14px - Compact, more content visible)","Minimalist Black & White (Clean, high contrast, professional)","Blue (Trustworthy, professional, calm)","Pure White (Clean, bright, maximum contrast)",Balanced (Moderate spacing - comfortable middle ground),"Sharp Square (Clean, professional 90-degree corners)","None (No promotional banner, go straight to products)",Category based (Similar items from the same category),Customer Reviews (Written reviews with ratings),"Stock Numbers (Show ""Only 3 left in stock"")",Rounded Corners,Progress Bar (Multi step with visual progress indicator),Outlined (Border around the field),Moderate (Key details with option to expand),3,"4 Columns (Compact view, many items visible at once)","Detailed (All information visible - specs, reviews, descriptions)","Image-focused (80% images, 20% text - highly visual)",Compact (more content visible),Sidebar (Permanent navigation panel on the left),"Always Visible Top (Large, prominent search bar always shown)",Dropdown Menu (Text-based dropdown list),3,"Minimal Clean (Simple image, name, price - no clutter)",Bold Large (Price is the most prominent element),Modal (Pops up in the center when clicked),Yes (Always visible sidebar with filters),New Tab (Opens product in a new browser tab),Summary Only (Average rating and total count),List view with expandable details,"Detailed (All information visible - specs, reviews, descriptions)","Text-focused (20% images, 80% text - detailed descriptions)",Compact (more content visible),Hamburger Menu (Three-line icon that opens a side menu),"Always Visible Top (Large, prominent search bar always shown)",Mega Menu with Images (Large dropdown with category images and subcategories),"Minimal Clean (Simple image, name, price - no clutter)",Simple Display (Price is visible but not emphasized),Drawer Overlay (Slides in from the side when clicked),No Quick View (I prefer to go to the full product page),Ratings Bar Only (Visual breakdown of star ratings),No (Header scrolls away with content),"Standard (Normal size, more content visible)",Somewhat Different (Adapted but recognizable),3,nan,nan
28/01/2026 20:41:22,Yes,18-24,Male,Graduate,Smartphone,Need-based (I shop when I need something specific),Research-heavy (30+ minutes - I thoroughly research before buying),Very important (I always look for the best price),Often read reviews (For most purchases),Very loyal (I rarely switch from my favorite brands),Slight influence (I notice but don't rely on them),"The Minimalist (I want simple, efficient shopping. Show me what I need with minimal fuss)",3,3,4,5,4,3,4,5,2,4,4,5,Bored,2. Classic Serif (Traditional fonts with decorative strokes like Times New Roman),"3. Large (16-18px - Easy to read, comfortable)","Minimalist Black & White (Clean, high contrast, professional)","Green (Natural, positive, go-ahead)","Pure White (Clean, bright, maximum contrast)",Compact (Minimal spacing - more content visible at once),"Rounded Corners (Soft, modern rounded edges)","None (No promotional banner, go straight to products)",Deals (Products on sale or special offers),Customer Reviews (Written reviews with ratings),"Stock Numbers (Show ""Only 3 left in stock"")",Rounded Corners,Progress Bar (Multi step with visual progress indicator),Rounded Border Fields (Outlined field with rounded corners),Detailed Full (All specifications and information visible),3,List View (One product per row with details on the side),"Minimal (Only key information - product name, price, image)","Balanced (50% images, 50% text - equal emphasis)",Balanced,Sidebar (Permanent navigation panel on the left),Collapsible (Search bar that expands when clicked),Text List (Simple text links),3,"Minimal Clean (Simple image, name, price - no clutter)",Subtle Small (Price is visible but not emphasized),Top Bar (Filters displayed across the top),Yes (Always visible sidebar with filters),Sidebar Slide (Details slide in from the right),Recent 3- 5 (Show a few recent reviews),Compact stacked cards (more products per screen),"Minimal (Only key information - product name, price, image)","Image-focused (80% images, 20% text - highly visual)",Compact (more content visible),Bottom Nav (Navigation bar at the bottom - mobile style),Collapsible (Search bar that expands when clicked),Dropdown Menu (Text-based dropdown list),"Minimal Clean (Simple image, name, price - no clutter)",Strike-through Original (Shows original price crossed out with sale price),Bottom Sheet (Slides up from bottom mobile style),Slide-Up Panel (Preview product details in a slide-up panel without leaving the product lis),Collapsible Sections (Reviews can be expanded or collapsed within the product details),Yes (Header stays at top while scrolling),"Standard (Normal size, more content visible)",Somewhat Different (Adapted but recognizable),4,nan,nan
31/01/2026 11:09:04,Yes,Below 18,Female,Undergraduate,Smartphone,Entertainment (I browse for fun and enjoyment),Quick (5-15 minutes - I know what I want),Moderately important (I balance price and quality),Rarely read reviews (Only for expensive items),Prefer familiar brands (I stick with what works),No influence (I ignore these indicators),"The Impulsive Buyer (I make quick decisions based on intuition and emotion. If I like it, I buy it)",3,3,5,3,4,3,2,5,2,5,3,3,Neutral,"1. Modern Sans-serif (Clean, contemporary fonts like Arial or Helvetica)","2. Medium (14-16px - Standard size, balanced)","Warm Earthy (Browns, beiges, warm oranges - natural and cozy)","Blue (Trustworthy, professional, calm)","Cream/Off-white (Warm, comfortable, paper-like)",Balanced (Moderate spacing - comfortable middle ground),Raised / Shadowed (Button with shadow or depth effect),Medium Split (Takes up half the screen),Category based (Similar items from the same category),None (I don't need social proof indicators),"Stock Numbers (Show ""Only 3 left in stock"")",Rounded Corners,"Multi step (Separate pages for shipping, payment, review)",Underlined/ Minimal (Line underneath only),Brief Summary (Just the essential information),3,"4 Columns (Compact view, many items visible at once)","Moderate (Balanced - some details visible, click for more)","Image-focused (80% images, 20% text - highly visual)",Balanced,Combination of top bar and dropdowns,Collapsible (Search bar that expands when clicked),Text List (Simple text links),3,"Badge Heavy (Shows bestseller, new, sale badges prominently)",Bold Large (Price is the most prominent element),Modal (Pops up in the center when clicked),No (Prefer filters in a different location),Modal Popup (Product details appear in a centered overlay),Recent 3- 5 (Show a few recent reviews),Compact stacked cards (more products per screen),"Moderate (Balanced - some details visible, click for more)","Balanced (50% images, 50% text - equal emphasis)",Balanced,Full-screen category menu,Collapsible (Search bar that expands when clicked),Dropdown Menu (Text-based dropdown list),"Minimal Clean (Simple image, name, price - no clutter)",Strike-through Original (Shows original price crossed out with sale price),Bottom Sheet (Slides up from bottom mobile style),Slide-Up Panel (Preview product details in a slide-up panel without leaving the product lis),Collapsible Sections (Reviews can be expanded or collapsed within the product details),No (Header scrolls away with content),"Standard (Normal size, more content visible)",Somewhat Different (Adapted but recognizable),5,easy to navigate many products in one page minimal amount of pages an not a lot of pop ups,3 products per page and u have to click next page very often
05/02/2026 14:09:03,Yes,18-24,Female,Graduate,Smartphone,Deal-hunting (I look for sales and discounts),Moderate (15-30 minutes - I compare a few options),Important (Price is a major factor in my decisions),Often read reviews (For most purchases),Balanced (I mix familiar and new brands),Strong influence (They significantly affect my choices),"The Browser (I enjoy browsing and discovering products, often without immediate purchase intent)",3,3,4,4,2,3,2,4,3,4,4,2,Excited,2. Classic Serif (Traditional fonts with decorative strokes like Times New Roman),"3. Large (16-18px - Easy to read, comfortable)","Warm Earthy (Browns, beiges, warm oranges - natural and cozy)","Blue (Trustworthy, professional, calm)","Cream/Off-white (Warm, comfortable, paper-like)",Balanced (Moderate spacing - comfortable middle ground),"Rounded Corners (Soft, modern rounded edges)",Medium Split (Takes up half the screen),Trending (What's popular right now),Customer Reviews (Written reviews with ratings),Both (Show both stock and time based urgency),Rounded Corners,Progress Bar (Multi step with visual progress indicator),Rounded Border Fields (Outlined field with rounded corners),Moderate (Key details with option to expand),3,"4 Columns (Compact view, many items visible at once)","Detailed (All information visible - specs, reviews, descriptions)","Text-focused (20% images, 80% text - detailed descriptions)",Balanced,Combination of top bar and dropdowns,"Always Visible Top (Large, prominent search bar always shown)",Text List (Simple text links),3,"Info Rich (Lots of details, ratings, specs visible)",With Savings Highlighted (Shows discount amount prominently),Sidebar Left (Permanent filter panel on the left side),No (Prefer filters in a different location),New Tab (Opens product in a new browser tab),Recent 3- 5 (Show a few recent reviews),List view with expandable details,"Moderate (Balanced - some details visible, click for more)","Balanced (50% images, 50% text - equal emphasis)",Balanced,Bottom Nav (Navigation bar at the bottom - mobile style),"Always Visible Top (Large, prominent search bar always shown)",Dropdown Menu (Text-based dropdown list),"Minimal Clean (Simple image, name, price - no clutter)",Strike-through Original (Shows original price crossed out with sale price),Drawer Overlay (Slides in from the side when clicked),Slide-Up Panel (Preview product details in a slide-up panel without leaving the product lis),Summary Only (Average rating and total count),Yes (Header stays at top while scrolling),"Large (Easier to tap, less content visible)",Somewhat Different (Adapted but recognizable),4,"When everything is organized and categorized well, don’t need to go back and forth a lot. Easy access to everything with clear titling and detailed trusted info",When I have to make an account beforehand. When the payment method is not smooth or easy. Wrong categories with wrong placements.
05/02/2026 14:42:43,Yes,18-24,Female,Graduate,Smartphone,Entertainment (I browse for fun and enjoyment),Research-heavy (30+ minutes - I thoroughly research before buying),Moderately important (I balance price and quality),Often read reviews (For most purchases),Often try new brands (I'm open to switching),Moderate influence (They help me decide),"The Browser (I enjoy browsing and discovering products, often without immediate purchase intent)",3,4,4,2,3,3,3,4,2,3,2,4,Neutral,"1. Modern Sans-serif (Clean, contemporary fonts like Arial or Helvetica)","3. Large (16-18px - Easy to read, comfortable)","Pastel Soft (Light, muted colors - gentle and soothing)","Blue (Trustworthy, professional, calm)",Dark (Dark gray or black background),Balanced (Moderate spacing - comfortable middle ground),"Pill-shaped (Fully rounded ends, very smooth)",Small Strip (Thin banner across the top),Deals (Products on sale or special offers),User Photos (Photos uploaded by customers),None (I find these annoying and manipulative),Rounded Corners,One Page (All checkout steps on a single scrolling page),Floating Labels (Label moves up when you type),Expandable Sections (Organized into collapsible sections),3,"2 Columns (Large product images, fewer items per row)","Moderate (Balanced - some details visible, click for more)","Image-focused (80% images, 20% text - highly visual)",Spacious (clean and uncluttered),Sidebar (Permanent navigation panel on the left),"Always Visible Top (Large, prominent search bar always shown)",Visual Grid (Category tiles with images),3,"Info Rich (Lots of details, ratings, specs visible)",With Comparison (Shows similar products' prices),Sidebar Left (Permanent filter panel on the left side),Yes (Always visible sidebar with filters),Sidebar Slide (Details slide in from the right),All Paginated (Show all reviews with pagination),Single-column large cards (easy to scroll and tap),"Moderate (Balanced - some details visible, click for more)","Balanced (50% images, 50% text - equal emphasis)",Spacious (clean and uncluttered),Bottom Nav (Navigation bar at the bottom - mobile style),"Always Visible Top (Large, prominent search bar always shown)",Visual Grid (Category tiles with images),"Info Rich (Lots of details, ratings, specs visible)",Strike-through Original (Shows original price crossed out with sale price),Bottom Sheet (Slides up from bottom mobile style),Slide-Up Panel (Preview product details in a slide-up panel without leaving the product lis),Collapsible Sections (Reviews can be expanded or collapsed within the product details),No (Header scrolls away with content),"Large (Easier to tap, less content visible)",Similar (Mostly the same with minor adjustments),4,"Fewer steps, easy navigation, clear details",Poping up Advertisements
05/02/2026 15:02:47,Yes,18-24,Female,High School,Smartphone,Need-based (I shop when I need something specific),Moderate (15-30 minutes - I compare a few options),Important (Price is a major factor in my decisions),Always read reviews (I won't buy without checking reviews),Often try new brands (I'm open to switching),Moderate influence (They help me decide),"The Researcher (I thoroughly research products, read reviews, compare options, and take my time making informed decisions)",3,2,5,2,4,3,3,4,3,5,2,4,Neutral,2. Classic Serif (Traditional fonts with decorative strokes like Times New Roman),"3. Large (16-18px - Easy to read, comfortable)","Minimalist Black & White (Clean, high contrast, professional)","Blue (Trustworthy, professional, calm)","Cream/Off-white (Warm, comfortable, paper-like)",Compact (Minimal spacing - more content visible at once),"Sharp Square (Clean, professional 90-degree corners)","None (No promotional banner, go straight to products)",Category based (Similar items from the same category),None (I don't need social proof indicators),Only on Request (Show only if I ask),Rounded Corners,One Page (All checkout steps on a single scrolling page),"Filled Background (Shaded background, no border)",Detailed Full (All specifications and information visible),3,"2 Columns (Large product images, fewer items per row)","Detailed (All information visible - specs, reviews, descriptions)","Balanced (50% images, 50% text - equal emphasis)",Spacious (clean and uncluttered),Combination of top bar and dropdowns,"Icon Only (Magnifying glass icon, opens search when clicked)",Visual Grid (Category tiles with images),3,"Minimal Clean (Simple image, name, price - no clutter)",With Savings Highlighted (Shows discount amount prominently),Top Bar (Filters displayed across the top),Yes (Always visible sidebar with filters),Modal Popup (Product details appear in a centered overlay),Ratings Bar Only (Visual breakdown of star ratings),Compact stacked cards (more products per screen),"Detailed (All information visible - specs, reviews, descriptions)","Balanced (50% images, 50% text - equal emphasis)",Balanced,Bottom Nav (Navigation bar at the bottom - mobile style),"Icon Only (Magnifying glass icon, opens search when clicked)",Visual Grid (Category tiles with images),"Minimal Clean (Simple image, name, price - no clutter)",Strike-through Original (Shows original price crossed out with sale price),Drawer Overlay (Slides in from the side when clicked),Slide-Up Panel (Preview product details in a slide-up panel without leaving the product lis),Ratings Bar Only (Visual breakdown of star ratings),No (Header scrolls away with content),"Large (Easier to tap, less content visible)",Similar (Mostly the same with minor adjustments),4,nan,nan
05/02/2026 16:32:21,Yes,18-24,Female,Undergraduate,Smartphone,Entertainment (I browse for fun and enjoyment),Research-heavy (30+ minutes - I thoroughly research before buying),Very important (I always look for the best price),Often read reviews (For most purchases),Very loyal (I rarely switch from my favorite brands),Strong influence (They significantly affect my choices),The Loyal Customer (I stick with brands and stores I trust. I value consistency and reliability),3,4,3,4,2,3,2,2,3,4,4,4,Stressed,"1. Modern Sans-serif (Clean, contemporary fonts like Arial or Helvetica)","3. Large (16-18px - Easy to read, comfortable)","Minimalist Black & White (Clean, high contrast, professional)","Blue (Trustworthy, professional, calm)","Light Gray (Soft, reduces eye strain)",Balanced (Moderate spacing - comfortable middle ground),"Rounded Corners (Soft, modern rounded edges)",Large Full screen (Takes up entire first screen),Category based (Similar items from the same category),User Photos (Photos uploaded by customers),"Stock Numbers (Show ""Only 3 left in stock"")",Rounded Corners,One Page (All checkout steps on a single scrolling page),Outlined (Border around the field),Moderate (Key details with option to expand),3,"3 Columns (Balanced view, moderate item size)","Moderate (Balanced - some details visible, click for more)","Image-focused (80% images, 20% text - highly visual)",Balanced,Top Bar (Categories always visible across the top),"Always Visible Top (Large, prominent search bar always shown)",Text List (Simple text links),3,"Image Heavy (Large, prominent product photos)",Bold Large (Price is the most prominent element),Sidebar Left (Permanent filter panel on the left side),Yes (Always visible sidebar with filters),Sidebar Slide (Details slide in from the right),Recent 3- 5 (Show a few recent reviews),Compact stacked cards (more products per screen),"Moderate (Balanced - some details visible, click for more)","Image-focused (80% images, 20% text - highly visual)",Balanced,Bottom Nav (Navigation bar at the bottom - mobile style),"Always Visible Top (Large, prominent search bar always shown)",Dropdown Menu (Text-based dropdown list),"Minimal Clean (Simple image, name, price - no clutter)",Strike-through Original (Shows original price crossed out with sale price),Full-Screen Overlay (Displayed across screen),No Quick View (I prefer to go to the full product page),Summary Only (Average rating and total count),Yes (Header stays at top while scrolling),"Standard (Normal size, more content visible)","Yes, Very Different (Completely different design for each device)",4,Seeing products that align to my interests shown first. Being able to see product reviews easily,Filters not working properly. Search results not matching what I want.
05/02/2026 16:32:34,Yes,18-24,Female,Undergraduate,Smartphone,Need-based (I shop when I need something specific),Quick (5-15 minutes - I know what I want),Important (Price is a major factor in my decisions),Always read reviews (I won't buy without checking reviews),Balanced (I mix familiar and new brands),Slight influence (I notice but don't rely on them),"The Browser (I enjoy browsing and discovering products, often without immediate purchase intent)",3,3,4,4,4,3,5,4,3,3,2,5,Neutral,"3. Rounded Friendly (Soft, approachable fonts with rounded edges)","3. Large (16-18px - Easy to read, comfortable)","Pastel Soft (Light, muted colors - gentle and soothing)","Purple (Creative, luxurious, unique)","Cream/Off-white (Warm, comfortable, paper-like)",Compact (Minimal spacing - more content visible at once),"Pill-shaped (Fully rounded ends, very smooth)",Medium Split (Takes up half the screen),Deals (Products on sale or special offers),User Photos (Photos uploaded by customers),"Stock Numbers (Show ""Only 3 left in stock"")",Rounded Corners,Progress Bar (Multi step with visual progress indicator),Outlined (Border around the field),Brief Summary (Just the essential information),3,"3 Columns (Balanced view, moderate item size)","Moderate (Balanced - some details visible, click for more)","Image-focused (80% images, 20% text - highly visual)",Balanced,Mega Menu (Dropdown with images and subcategories),"Icon Only (Magnifying glass icon, opens search when clicked)",Visual Grid (Category tiles with images),3,"Badge Heavy (Shows bestseller, new, sale badges prominently)",With Savings Highlighted (Shows discount amount prominently),Top Bar (Filters displayed across the top),No (Prefer filters in a different location),Sidebar Slide (Details slide in from the right),All Paginated (Show all reviews with pagination),Compact stacked cards (more products per screen),"Moderate (Balanced - some details visible, click for more)","Balanced (50% images, 50% text - equal emphasis)",Compact (more content visible),Bottom Nav (Navigation bar at the bottom - mobile style),"Icon Only (Magnifying glass icon, opens search when clicked)",Dropdown Menu (Text-based dropdown list),"Minimal Clean (Simple image, name, price - no clutter)",Strike-through Original (Shows original price crossed out with sale price),Drawer Overlay (Slides in from the side when clicked),No Quick View (I prefer to go to the full product page),Ratings Bar Only (Visual breakdown of star ratings),No (Header scrolls away with content),"Standard (Normal size, more content visible)",Somewhat Different (Adapted but recognizable),3,nan,nan
05/02/2026 17:09:32,Yes,18-24,Female,Undergraduate,Smartphone,Deal-hunting (I look for sales and discounts),Quick (5-15 minutes - I know what I want),Moderately important (I balance price and quality),Often read reviews (For most purchases),Often try new brands (I'm open to switching),Strong influence (They significantly affect my choices),"The Browser (I enjoy browsing and discovering products, often without immediate purchase intent)",3,5,3,4,2,3,5,5,3,5,3,5,Happy,"3. Rounded Friendly (Soft, approachable fonts with rounded edges)",4. Extra Large (18+px - Maximum readability),"Minimalist Black & White (Clean, high contrast, professional)","Blue (Trustworthy, professional, calm)","Light Gray (Soft, reduces eye strain)",Balanced (Moderate spacing - comfortable middle ground),"Rounded Corners (Soft, modern rounded edges)",Medium Split (Takes up half the screen),New Arrivals (Latest products added),"Bestseller Badges (""Most Popular"" or ""Bestseller"" tags)",Both (Show both stock and time based urgency),Rounded Corners,One Page (All checkout steps on a single scrolling page),Outlined (Border around the field),Moderate (Key details with option to expand),3,"3 Columns (Balanced view, moderate item size)","Moderate (Balanced - some details visible, click for more)","Image-focused (80% images, 20% text - highly visual)",Balanced,Combination of top bar and dropdowns,Collapsible (Search bar that expands when clicked),Dropdown Menu (Text-based dropdown list),3,"Image Heavy (Large, prominent product photos)",Subtle Small (Price is visible but not emphasized),Top Bar (Filters displayed across the top),No (Prefer filters in a different location),Modal Popup (Product details appear in a centered overlay),Recent 3- 5 (Show a few recent reviews),Compact stacked cards (more products per screen),"Moderate (Balanced - some details visible, click for more)","Balanced (50% images, 50% text - equal emphasis)",Compact (more content visible),Bottom Nav (Navigation bar at the bottom - mobile style),"Always Visible Top (Large, prominent search bar always shown)",Mega Menu with Images (Large dropdown with category images and subcategories),"Image Heavy (Large, prominent product photos)",Strike-through Original (Shows original price crossed out with sale price),Drawer Overlay (Slides in from the side when clicked),No Quick View (I prefer to go to the full product page),Collapsible Sections (Reviews can be expanded or collapsed within the product details),Yes (Header stays at top while scrolling),"Standard (Normal size, more content visible)",Similar (Mostly the same with minor adjustments),3,nan,nan
05/02/2026 17:12:26,Yes,18-24,Male,Undergraduate,Smartphone,Need-based (I shop when I need something specific),Moderate (15-30 minutes - I compare a few options),Moderately important (I balance price and quality),Always read reviews (I won't buy without checking reviews),Balanced (I mix familiar and new brands),Strong influence (They significantly affect my choices),"The Minimalist (I want simple, efficient shopping. Show me what I need with minimal fuss)",3,4,4,1,3,3,3,4,1,5,2,5,Neutral,2. Classic Serif (Traditional fonts with decorative strokes like Times New Roman),"3. Large (16-18px - Easy to read, comfortable)","Minimalist Black & White (Clean, high contrast, professional)","Green (Natural, positive, go-ahead)","Pure White (Clean, bright, maximum contrast)",Balanced (Moderate spacing - comfortable middle ground),"Pill-shaped (Fully rounded ends, very smooth)",Small Strip (Thin banner across the top),New Arrivals (Latest products added),Ratings Only (Star ratings without detailed reviews),Only on Request (Show only if I ask),Rounded Corners,"Multi step (Separate pages for shipping, payment, review)",Floating Labels (Label moves up when you type),Detailed Full (All specifications and information visible),3,"3 Columns (Balanced view, moderate item size)","Moderate (Balanced - some details visible, click for more)","Text-focused (20% images, 80% text - detailed descriptions)",Balanced,Mega Menu (Dropdown with images and subcategories),"Always Visible Top (Large, prominent search bar always shown)",Visual Grid (Category tiles with images),3,Card with Shadow (Raised card effect with drop shadow),Subtle Small (Price is visible but not emphasized),Top Bar (Filters displayed across the top),Yes (Always visible sidebar with filters),Sidebar Slide (Details slide in from the right),Summary Only (Average rating and total count),Swipeable horizontal cards (carousel style),"Minimal (Only key information - product name, price, image)","Balanced (50% images, 50% text - equal emphasis)",Balanced,Hamburger Menu (Three-line icon that opens a side menu),"Icon Only (Magnifying glass icon, opens search when clicked)",Visual Grid (Category tiles with images),Card with Shadow (Raised card effect with drop shadow),Simple Display (Price is visible but not emphasized),Drawer Overlay (Slides in from the side when clicked),Slide-Up Panel (Preview product details in a slide-up panel without leaving the product lis),Ratings Bar Only (Visual breakdown of star ratings),No (Header scrolls away with content),"Large (Easier to tap, less content visible)","Yes, Very Different (Completely different design for each device)",5,nan,nan
05/02/2026 19:03:50,Yes,18-24,Female,Undergraduate,Smartphone,Deal-hunting (I look for sales and discounts),Moderate (15-30 minutes - I compare a few options),Moderately important (I balance price and quality),Always read reviews (I won't buy without checking reviews),Balanced (I mix familiar and new brands),Slight influence (I notice but don't rely on them),"The Researcher (I thoroughly research products, read reviews, compare options, and take my time making informed decisions)",3,4,4,4,2,3,2,4,3,4,5,4,Neutral,"1. Modern Sans-serif (Clean, contemporary fonts like Arial or Helvetica)",4. Extra Large (18+px - Maximum readability),Dark Mode (Dark backgrounds with light text - modern and easy on eyes),"Blue (Trustworthy, professional, calm)","Light Gray (Soft, reduces eye strain)",Balanced (Moderate spacing - comfortable middle ground),"Pill-shaped (Fully rounded ends, very smooth)",Small Strip (Thin banner across the top),Category based (Similar items from the same category),User Photos (Photos uploaded by customers),Both (Show both stock and time based urgency),Rounded Corners,Express Checkout (One click purchase with saved info),Underlined/ Minimal (Line underneath only),Expandable Sections (Organized into collapsible sections),3,List View (One product per row with details on the side),"Moderate (Balanced - some details visible, click for more)","Balanced (50% images, 50% text - equal emphasis)",Balanced,Combination of top bar and dropdowns,Collapsible (Search bar that expands when clicked),Dropdown Menu (Text-based dropdown list),3,"Info Rich (Lots of details, ratings, specs visible)",With Comparison (Shows similar products' prices),Sidebar Left (Permanent filter panel on the left side),Yes (Always visible sidebar with filters),Sidebar Slide (Details slide in from the right),All Paginated (Show all reviews with pagination),List view with expandable details,"Moderate (Balanced - some details visible, click for more)","Balanced (50% images, 50% text - equal emphasis)",Balanced,Bottom Nav (Navigation bar at the bottom - mobile style),Collapsible (Search bar that expands when clicked),Dropdown Menu (Text-based dropdown list),"Info Rich (Lots of details, ratings, specs visible)",Strike-through Original (Shows original price crossed out with sale price),Drawer Overlay (Slides in from the side when clicked),Direct navigation (Each product card includes a button that takes you directly to the product page when tapped),Summary Only (Average rating and total count),Yes (Header stays at top while scrolling),"Large (Easier to tap, less content visible)",Somewhat Different (Adapted but recognizable),5,nan,nan
05/02/2026 21:08:31,Yes,18-24,Male,Undergraduate,Laptop/Desktop,Need-based (I shop when I need something specific),Quick (5-15 minutes - I know what I want),Moderately important (I balance price and quality),Always read reviews (I won't buy without checking reviews),Balanced (I mix familiar and new brands),Very strong influence (I primarily buy popular items),"The Minimalist (I want simple, efficient shopping. Show me what I need with minimal fuss)",3,5,5,4,4,3,1,1,3,4,3,5,Neutral,"1. Modern Sans-serif (Clean, contemporary fonts like Arial or Helvetica)","1. Small (12-14px - Compact, more content visible)","Warm Earthy (Browns, beiges, warm oranges - natural and cozy)","Green (Natural, positive, go-ahead)","Cream/Off-white (Warm, comfortable, paper-like)",Balanced (Moderate spacing - comfortable middle ground),Raised / Shadowed (Button with shadow or depth effect),Medium Split (Takes up half the screen),Trending (What's popular right now),Customer Reviews (Written reviews with ratings),"Countdown Timers (Show ""Sale ends in 2 hours"")",Rounded Corners,Express Checkout (One click purchase with saved info),Floating Labels (Label moves up when you type),Expandable Sections (Organized into collapsible sections),3,Mixed (Combination of different layouts),"Moderate (Balanced - some details visible, click for more)","Image-focused (80% images, 20% text - highly visual)",Spacious (clean and uncluttered),Mega Menu (Dropdown with images and subcategories),Collapsible (Search bar that expands when clicked),Mega Menu with Images (Large dropdown with category images and subcategories),3,"Badge Heavy (Shows bestseller, new, sale badges prominently)",With Savings Highlighted (Shows discount amount prominently),Sidebar Left (Permanent filter panel on the left side),Yes (Always visible sidebar with filters),New Tab (Opens product in a new browser tab),All Paginated (Show all reviews with pagination),Swipeable horizontal cards (carousel style),"Moderate (Balanced - some details visible, click for more)","Balanced (50% images, 50% text - equal emphasis)",Balanced,Bottom Nav (Navigation bar at the bottom - mobile style),"Always Visible Top (Large, prominent search bar always shown)",Dropdown Menu (Text-based dropdown list),"Badge Heavy (Shows bestseller, new, sale badges prominently)",Strike-through Original (Shows original price crossed out with sale price),Drawer Overlay (Slides in from the side when clicked),No Quick View (I prefer to go to the full product page),Collapsible Sections (Reviews can be expanded or collapsed within the product details),No (Header scrolls away with content),"Standard (Normal size, more content visible)",Identical (Exactly the same on all devices),5,nan,nan
06/02/2026 12:32:19,Yes,18-24,Female,Undergraduate,Smartphone,Need-based (I shop when I need something specific),Quick (5-15 minutes - I know what I want),Moderately important (I balance price and quality),Often read reviews (For most purchases),Balanced (I mix familiar and new brands),Moderate influence (They help me decide),"The Researcher (I thoroughly research products, read reviews, compare options, and take my time making informed decisions)",3,3,4,3,4,3,3,4,2,3,4,4,Neutral,"4. Bold Impact (Strong, attention-grabbing fonts)","2. Medium (14-16px - Standard size, balanced)","Pastel Soft (Light, muted colors - gentle and soothing)","Red (Bold, urgent, attention-grabbing)","Soft Color (Subtle tint - light blue, pink, etc.)",Balanced (Moderate spacing - comfortable middle ground),"Pill-shaped (Fully rounded ends, very smooth)",Small Strip (Thin banner across the top),Trending (What's popular right now),Customer Reviews (Written reviews with ratings),Both (Show both stock and time based urgency),Rounded Corners,Accordion (Expandable sections on one page),Floating Labels (Label moves up when you type),Moderate (Key details with option to expand),3,List View (One product per row with details on the side),"Moderate (Balanced - some details visible, click for more)","Balanced (50% images, 50% text - equal emphasis)",Spacious (clean and uncluttered),Mega Menu (Dropdown with images and subcategories),Collapsible (Search bar that expands when clicked),Dropdown Menu (Text-based dropdown list),3,"Badge Heavy (Shows bestseller, new, sale badges prominently)",With Savings Highlighted (Shows discount amount prominently),Modal (Pops up in the center when clicked),Yes (Always visible sidebar with filters),Sidebar Slide (Details slide in from the right),All Paginated (Show all reviews with pagination),List view with expandable details,"Moderate (Balanced - some details visible, click for more)","Balanced (50% images, 50% text - equal emphasis)",Balanced,Full-screen category menu,Collapsible (Search bar that expands when clicked),Dropdown Menu (Text-based dropdown list),"Badge Heavy (Shows bestseller, new, sale badges prominently)",Strike-through Original (Shows original price crossed out with sale price),Full-Screen Overlay (Displayed across screen),Slide-Up Panel (Preview product details in a slide-up panel without leaving the product lis),Collapsible Sections (Reviews can be expanded or collapsed within the product details),Yes (Header stays at top while scrolling),"Standard (Normal size, more content visible)",Somewhat Different (Adapted but recognizable),2,nan,nan
06/02/2026 16:28:24,Yes,25-34,Male,Graduate,Smartphone,Entertainment (I browse for fun and enjoyment),Impulsive (Less than 5 minutes - I decide quickly),Not important (I focus on quality over price),Sometimes read reviews (For certain product types),Balanced (I mix familiar and new brands),Moderate influence (They help me decide),"The Impulsive Buyer (I make quick decisions based on intuition and emotion. If I like it, I buy it)",3,3,5,1,3,3,3,4,2,3,4,3,Excited,2. Classic Serif (Traditional fonts with decorative strokes like Times New Roman),"2. Medium (14-16px - Standard size, balanced)","Minimalist Black & White (Clean, high contrast, professional)","Blue (Trustworthy, professional, calm)","Light Gray (Soft, reduces eye strain)",Balanced (Moderate spacing - comfortable middle ground),"Sharp Square (Clean, professional 90-degree corners)",Medium Split (Takes up half the screen),New Arrivals (Latest products added),Customer Reviews (Written reviews with ratings),"Countdown Timers (Show ""Sale ends in 2 hours"")",Rounded Corners,One Page (All checkout steps on a single scrolling page),Underlined/ Minimal (Line underneath only),Moderate (Key details with option to expand),3,"3 Columns (Balanced view, moderate item size)","Moderate (Balanced - some details visible, click for more)","Balanced (50% images, 50% text - equal emphasis)",Balanced,Mega Menu (Dropdown with images and subcategories),Collapsible (Search bar that expands when clicked),Dropdown Menu (Text-based dropdown list),3,"Info Rich (Lots of details, ratings, specs visible)",Subtle Small (Price is visible but not emphasized),Top Bar (Filters displayed across the top),Yes (Always visible sidebar with filters),New Tab (Opens product in a new browser tab),Recent 3- 5 (Show a few recent reviews),Compact stacked cards (more products per screen),"Moderate (Balanced - some details visible, click for more)","Balanced (50% images, 50% text - equal emphasis)",Balanced,Bottom Nav (Navigation bar at the bottom - mobile style),Collapsible (Search bar that expands when clicked),Dropdown Menu (Text-based dropdown list),"Minimal Clean (Simple image, name, price - no clutter)",Bold Large (Price is the most prominent element),Bottom Sheet (Slides up from bottom mobile style),Slide-Up Panel (Preview product details in a slide-up panel without leaving the product lis),Summary Only (Average rating and total count),Yes (Header stays at top while scrolling),"Large (Easier to tap, less content visible)",Somewhat Different (Adapted but recognizable),3,nan,nan
06/02/2026 16:28:59,Yes,25-34,Female,Graduate,Laptop/Desktop,Need-based (I shop when I need something specific),Moderate (15-30 minutes - I compare a few options),Moderately important (I balance price and quality),Sometimes read reviews (For certain product types),Very loyal (I rarely switch from my favorite brands),Moderate influence (They help me decide),The Loyal Customer (I stick with brands and stores I trust. I value consistency and reliability),3,3,3,3,3,3,3,3,3,3,3,3,Neutral,"3. Rounded Friendly (Soft, approachable fonts with rounded edges)","2. Medium (14-16px - Standard size, balanced)","Warm Earthy (Browns, beiges, warm oranges - natural and cozy)","Purple (Creative, luxurious, unique)","Pure White (Clean, bright, maximum contrast)",Balanced (Moderate spacing - comfortable middle ground),"Flat (Solid color, no shadow or depth)",Medium Split (Takes up half the screen),New Arrivals (Latest products added),Ratings Only (Star ratings without detailed reviews),Both (Show both stock and time based urgency),Rounded Corners,Express Checkout (One click purchase with saved info),Floating Labels (Label moves up when you type),Detailed Full (All specifications and information visible),3,List View (One product per row with details on the side),"Moderate (Balanced - some details visible, click for more)","Balanced (50% images, 50% text - equal emphasis)",Balanced,Mega Menu (Dropdown with images and subcategories),Collapsible (Search bar that expands when clicked),Text List (Simple text links),3,"Minimal Clean (Simple image, name, price - no clutter)",With Comparison (Shows similar products' prices),Top Bar (Filters displayed across the top),Yes (Always visible sidebar with filters),New Tab (Opens product in a new browser tab),Summary Only (Average rating and total count),Swipeable horizontal cards (carousel style),"Minimal (Only key information - product name, price, image)","Image-focused (80% images, 20% text - highly visual)",Compact (more content visible),Hamburger Menu (Three-line icon that opens a side menu),"Icon Only (Magnifying glass icon, opens search when clicked)",Visual Grid (Category tiles with images),"Image Heavy (Large, prominent product photos)",Bold Large (Price is the most prominent element),Bottom Sheet (Slides up from bottom mobile style),No Quick View (I prefer to go to the full product page),Summary Only (Average rating and total count),Yes (Header stays at top while scrolling),"Standard (Normal size, more content visible)","Yes, Very Different (Completely different design for each device)",3,nan,nan
06/02/2026 16:38:25,Yes,25-34,Female,Graduate,Smartphone,Need-based (I shop when I need something specific),Moderate (15-30 minutes - I compare a few options),Moderately important (I balance price and quality),Always read reviews (I won't buy without checking reviews),Often try new brands (I'm open to switching),Moderate influence (They help me decide),"The Impulsive Buyer (I make quick decisions based on intuition and emotion. If I like it, I buy it)",3,3,4,2,4,3,3,3,1,5,3,4,Neutral,"3. Rounded Friendly (Soft, approachable fonts with rounded edges)","2. Medium (14-16px - Standard size, balanced)","Pastel Soft (Light, muted colors - gentle and soothing)","Blue (Trustworthy, professional, calm)","Light Gray (Soft, reduces eye strain)",Balanced (Moderate spacing - comfortable middle ground),"Rounded Corners (Soft, modern rounded edges)",Small Strip (Thin banner across the top),Deals (Products on sale or special offers),Customer Reviews (Written reviews with ratings),None (I find these annoying and manipulative),Rounded Corners,One Page (All checkout steps on a single scrolling page),Rounded Border Fields (Outlined field with rounded corners),Brief Summary (Just the essential information),3,"3 Columns (Balanced view, moderate item size)","Moderate (Balanced - some details visible, click for more)","Text-focused (20% images, 80% text - detailed descriptions)",Balanced,Top Bar (Categories always visible across the top),"Always Visible Top (Large, prominent search bar always shown)",Dropdown Menu (Text-based dropdown list),3,"Info Rich (Lots of details, ratings, specs visible)",With Savings Highlighted (Shows discount amount prominently),Sidebar Left (Permanent filter panel on the left side),Yes (Always visible sidebar with filters),Sidebar Slide (Details slide in from the right),Recent 3- 5 (Show a few recent reviews),List view with expandable details,"Detailed (All information visible - specs, reviews, descriptions)","Balanced (50% images, 50% text - equal emphasis)",Balanced,Bottom Nav (Navigation bar at the bottom - mobile style),"Icon Only (Magnifying glass icon, opens search when clicked)",Visual Grid (Category tiles with images),"Info Rich (Lots of details, ratings, specs visible)",Strike-through Original (Shows original price crossed out with sale price),Bottom Sheet (Slides up from bottom mobile style),Direct navigation (Each product card includes a button that takes you directly to the product page when tapped),Collapsible Sections (Reviews can be expanded or collapsed within the product details),Yes (Header stays at top while scrolling),"Standard (Normal size, more content visible)","Yes, Very Different (Completely different design for each device)",5,Easy navigation and fewer ads,Too many requirements opening multiple pages ads
06/02/2026 17:03:01,Yes,25-34,Female,Postgraduate,Smartphone,Gift-buying (I mainly shop for others),Moderate (15-30 minutes - I compare a few options),Not important (I focus on quality over price),Always read reviews (I won't buy without checking reviews),Often try new brands (I'm open to switching),No influence (I ignore these indicators),"The Minimalist (I want simple, efficient shopping. Show me what I need with minimal fuss)",3,5,4,1,5,3,2,3,1,5,2,5,Relaxed,2. Classic Serif (Traditional fonts with decorative strokes like Times New Roman),"2. Medium (14-16px - Standard size, balanced)","Warm Earthy (Browns, beiges, warm oranges - natural and cozy)","Purple (Creative, luxurious, unique)",Dark (Dark gray or black background),Balanced (Moderate spacing - comfortable middle ground),"Rounded Corners (Soft, modern rounded edges)",Small Strip (Thin banner across the top),Category based (Similar items from the same category),Customer Reviews (Written reviews with ratings),Only on Request (Show only if I ask),Rounded Corners,One Page (All checkout steps on a single scrolling page),Rounded Border Fields (Outlined field with rounded corners),Brief Summary (Just the essential information),3,"3 Columns (Balanced view, moderate item size)","Moderate (Balanced - some details visible, click for more)","Balanced (50% images, 50% text - equal emphasis)",Balanced,Sidebar (Permanent navigation panel on the left),"Always Visible Top (Large, prominent search bar always shown)",Dropdown Menu (Text-based dropdown list),3,"Minimal Clean (Simple image, name, price - no clutter)",Subtle Small (Price is visible but not emphasized),Sidebar Left (Permanent filter panel on the left side),No (Prefer filters in a different location),Modal Popup (Product details appear in a centered overlay),Summary Only (Average rating and total count),Swipeable horizontal cards (carousel style),"Moderate (Balanced - some details visible, click for more)","Balanced (50% images, 50% text - equal emphasis)",Balanced,Swipe-based navigation,"Always Visible Top (Large, prominent search bar always shown)",Dropdown Menu (Text-based dropdown list),"Minimal Clean (Simple image, name, price - no clutter)",Simple Display (Price is visible but not emphasized),Drawer Overlay (Slides in from the side when clicked),Direct navigation (Each product card includes a button that takes you directly to the product page when tapped),Summary Only (Average rating and total count),Yes (Header stays at top while scrolling),"Standard (Normal size, more content visible)",Similar (Mostly the same with minor adjustments),5,When the process is smooth and clear aslo It doesn’t crash,Too many steps to get what I want
06/02/2026 19:51:55,Yes,18-24,Male,Undergraduate,Smartphone,Need-based (I shop when I need something specific),Moderate (15-30 minutes - I compare a few options),Moderately important (I balance price and quality),Often read reviews (For most purchases),Prefer familiar brands (I stick with what works),Moderate influence (They help me decide),"The Minimalist (I want simple, efficient shopping. Show me what I need with minimal fuss)",3,3,2,3,4,3,3,4,3,3,3,5,Neutral,"4. Bold Impact (Strong, attention-grabbing fonts)","3. Large (16-18px - Easy to read, comfortable)",Cool Blues (Blues and grays - calm and trustworthy),"Blue (Trustworthy, professional, calm)","Light Gray (Soft, reduces eye strain)",Balanced (Moderate spacing - comfortable middle ground),Raised / Shadowed (Button with shadow or depth effect),Small Strip (Thin banner across the top),Deals (Products on sale or special offers),Customer Reviews (Written reviews with ratings),Both (Show both stock and time based urgency),Rounded Corners,Express Checkout (One click purchase with saved info),Material Design Style (Underline-focused field with animated label and focus accent),Detailed Full (All specifications and information visible),3,"3 Columns (Balanced view, moderate item size)","Moderate (Balanced - some details visible, click for more)","Text-focused (20% images, 80% text - detailed descriptions)",Balanced,Top Bar (Categories always visible across the top),"Always Visible Top (Large, prominent search bar always shown)",Visual Grid (Category tiles with images),3,Card with Shadow (Raised card effect with drop shadow),With Savings Highlighted (Shows discount amount prominently),Top Bar (Filters displayed across the top),Yes (Always visible sidebar with filters),Modal Popup (Product details appear in a centered overlay),Recent 3- 5 (Show a few recent reviews),Swipeable horizontal cards (carousel style),"Moderate (Balanced - some details visible, click for more)","Text-focused (20% images, 80% text - detailed descriptions)",Spacious (clean and uncluttered),Bottom Nav (Navigation bar at the bottom - mobile style),"Always Visible Top (Large, prominent search bar always shown)",Visual Grid (Category tiles with images),"Image Heavy (Large, prominent product photos)",Strike-through Original (Shows original price crossed out with sale price),Bottom Sheet (Slides up from bottom mobile style),Direct navigation (Each product card includes a button that takes you directly to the product page when tapped),Collapsible Sections (Reviews can be expanded or collapsed within the product details),Yes (Header stays at top while scrolling),"Large (Easier to tap, less content visible)",Somewhat Different (Adapted but recognizable),3,"Minimalism, eye comfort, easy checkout",Details at checkout
06/02/2026 22:25:37,Yes,25-34,Female,Graduate,Smartphone,Need-based (I shop when I need something specific),Moderate (15-30 minutes - I compare a few options),Important (Price is a major factor in my decisions),Always read reviews (I won't buy without checking reviews),Prefer familiar brands (I stick with what works),Moderate influence (They help me decide),"The Browser (I enjoy browsing and discovering products, often without immediate purchase intent)",3,3,3,2,1,3,5,3,2,4,5,5,Happy,"4. Bold Impact (Strong, attention-grabbing fonts)","2. Medium (14-16px - Standard size, balanced)","Warm Earthy (Browns, beiges, warm oranges - natural and cozy)","Blue (Trustworthy, professional, calm)","Cream/Off-white (Warm, comfortable, paper-like)",Balanced (Moderate spacing - comfortable middle ground),Raised / Shadowed (Button with shadow or depth effect),Small Strip (Thin banner across the top),Category based (Similar items from the same category),Customer Reviews (Written reviews with ratings),None (I find these annoying and manipulative),Rounded Corners,One Page (All checkout steps on a single scrolling page),Outlined (Border around the field),Moderate (Key details with option to expand),3,Mixed (Combination of different layouts),"Moderate (Balanced - some details visible, click for more)","Image-focused (80% images, 20% text - highly visual)",Spacious (clean and uncluttered),Combination of top bar and dropdowns,Collapsible (Search bar that expands when clicked),Mega Menu with Images (Large dropdown with category images and subcategories),3,"Info Rich (Lots of details, ratings, specs visible)",Subtle Small (Price is visible but not emphasized),Sidebar Left (Permanent filter panel on the left side),Yes (Always visible sidebar with filters),Sidebar Slide (Details slide in from the right),Summary Only (Average rating and total count),Swipeable horizontal cards (carousel style),"Moderate (Balanced - some details visible, click for more)","Balanced (50% images, 50% text - equal emphasis)",Balanced,Full-screen category menu,Collapsible (Search bar that expands when clicked),Dropdown Menu (Text-based dropdown list),"Minimal Clean (Simple image, name, price - no clutter)",Simple Display (Price is visible but not emphasized),Drawer Overlay (Slides in from the side when clicked),Slide-Up Panel (Preview product details in a slide-up panel without leaving the product lis),Collapsible Sections (Reviews can be expanded or collapsed within the product details),No (Header scrolls away with content),"Standard (Normal size, more content visible)",Somewhat Different (Adapted but recognizable),2,"Clean Visual representation, engaging web sites.","Hard Switching between products and sections, plain user interface with always crashing scrolling."
07/02/2026 00:10:56,Yes,18-24,Female,Graduate,Smartphone,Gift-buying (I mainly shop for others),Quick (5-15 minutes - I know what I want),Moderately important (I balance price and quality),Often read reviews (For most purchases),Balanced (I mix familiar and new brands),Moderate influence (They help me decide),"The Minimalist (I want simple, efficient shopping. Show me what I need with minimal fuss)",3,3,4,2,3,3,5,5,2,3,3,5,Frustrated,"3. Rounded Friendly (Soft, approachable fonts with rounded edges)","3. Large (16-18px - Easy to read, comfortable)",Cool Blues (Blues and grays - calm and trustworthy),"Blue (Trustworthy, professional, calm)","Cream/Off-white (Warm, comfortable, paper-like)","Spacious (Lots of spacing - clean, uncluttered, breathing room)",Raised / Shadowed (Button with shadow or depth effect),Small Strip (Thin banner across the top),New Arrivals (Latest products added),Customer Reviews (Written reviews with ratings),Both (Show both stock and time based urgency),Rounded Corners,One Page (All checkout steps on a single scrolling page),Underlined/ Minimal (Line underneath only),Moderate (Key details with option to expand),3,List View (One product per row with details on the side),"Moderate (Balanced - some details visible, click for more)","Balanced (50% images, 50% text - equal emphasis)",Spacious (clean and uncluttered),Top Bar (Categories always visible across the top),"Icon Only (Magnifying glass icon, opens search when clicked)",Text List (Simple text links),3,"Minimal Clean (Simple image, name, price - no clutter)",Strike-through Original (Shows original price crossed out with sale price),Sidebar Left (Permanent filter panel on the left side),No (Prefer filters in a different location),Modal Popup (Product details appear in a centered overlay),Ratings Bar Only (Visual breakdown of star ratings),Compact stacked cards (more products per screen),"Detailed (All information visible - specs, reviews, descriptions)","Balanced (50% images, 50% text - equal emphasis)",Balanced,Bottom Nav (Navigation bar at the bottom - mobile style),"Icon Only (Magnifying glass icon, opens search when clicked)",Dropdown Menu (Text-based dropdown list),"Info Rich (Lots of details, ratings, specs visible)",Strike-through Original (Shows original price crossed out with sale price),Drawer Overlay (Slides in from the side when clicked),No Quick View (I prefer to go to the full product page),Collapsible Sections (Reviews can be expanded or collapsed within the product details),No (Header scrolls away with content),"Large (Easier to tap, less content visible)",Somewhat Different (Adapted but recognizable),3,nan,nan
07/02/2026 21:21:32,Yes,18-24,Female,Graduate,Smartphone,Need-based (I shop when I need something specific),Research-heavy (30+ minutes - I thoroughly research before buying),Moderately important (I balance price and quality),Always read reviews (I won't buy without checking reviews),Prefer familiar brands (I stick with what works),Slight influence (I notice but don't rely on them),"The Researcher (I thoroughly research products, read reviews, compare options, and take my time making informed decisions)",3,3,3,2,2,3,1,4,1,4,4,3,Relaxed,"1. Modern Sans-serif (Clean, contemporary fonts like Arial or Helvetica)",4. Extra Large (18+px - Maximum readability),"Warm Earthy (Browns, beiges, warm oranges - natural and cozy)","Blue (Trustworthy, professional, calm)","Pure White (Clean, bright, maximum contrast)",Balanced (Moderate spacing - comfortable middle ground),"Rounded Corners (Soft, modern rounded edges)",Large Full screen (Takes up entire first screen),New Arrivals (Latest products added),User Photos (Photos uploaded by customers),"Stock Numbers (Show ""Only 3 left in stock"")",Rounded Corners,One Page (All checkout steps on a single scrolling page),Rounded Border Fields (Outlined field with rounded corners),Expandable Sections (Organized into collapsible sections),3,"4 Columns (Compact view, many items visible at once)","Minimal (Only key information - product name, price, image)","Balanced (50% images, 50% text - equal emphasis)",Balanced,Combination of top bar and dropdowns,Collapsible (Search bar that expands when clicked),Visual Grid (Category tiles with images),3,"Info Rich (Lots of details, ratings, specs visible)",With Savings Highlighted (Shows discount amount prominently),Modal (Pops up in the center when clicked),Yes (Always visible sidebar with filters),Modal Popup (Product details appear in a centered overlay),Recent 3- 5 (Show a few recent reviews),Compact stacked cards (more products per screen),"Moderate (Balanced - some details visible, click for more)","Balanced (50% images, 50% text - equal emphasis)",Balanced,Bottom Nav (Navigation bar at the bottom - mobile style),"Icon Only (Magnifying glass icon, opens search when clicked)",Visual Grid (Category tiles with images),"Info Rich (Lots of details, ratings, specs visible)",Simple Display (Price is visible but not emphasized),Drawer Overlay (Slides in from the side when clicked),Direct navigation (Each product card includes a button that takes you directly to the product page when tapped),Collapsible Sections (Reviews can be expanded or collapsed within the product details),No (Header scrolls away with content),"Large (Easier to tap, less content visible)",Somewhat Different (Adapted but recognizable),5,A lot of reviews with the actual product pictures attached,"Never mentions true info about the product (dimensions, material)"
08/02/2026 13:55:26,Yes,18-24,Female,Graduate,Smartphone,Need-based (I shop when I need something specific),Moderate (15-30 minutes - I compare a few options),Moderately important (I balance price and quality),Always read reviews (I won't buy without checking reviews),Balanced (I mix familiar and new brands),Slight influence (I notice but don't rely on them),"The Researcher (I thoroughly research products, read reviews, compare options, and take my time making informed decisions)",3,3,5,2,4,3,3,5,2,4,4,5,Neutral,"1. Modern Sans-serif (Clean, contemporary fonts like Arial or Helvetica)",4. Extra Large (18+px - Maximum readability),"Warm Earthy (Browns, beiges, warm oranges - natural and cozy)","Blue (Trustworthy, professional, calm)","Light Gray (Soft, reduces eye strain)",Balanced (Moderate spacing - comfortable middle ground),"Pill-shaped (Fully rounded ends, very smooth)",Medium Split (Takes up half the screen),Deals (Products on sale or special offers),Customer Reviews (Written reviews with ratings),"Stock Numbers (Show ""Only 3 left in stock"")",Rounded Corners,Progress Bar (Multi step with visual progress indicator),"Filled Background (Shaded background, no border)",Detailed Full (All specifications and information visible),3,"3 Columns (Balanced view, moderate item size)","Moderate (Balanced - some details visible, click for more)","Image-focused (80% images, 20% text - highly visual)",Spacious (clean and uncluttered),Sidebar (Permanent navigation panel on the left),Collapsible (Search bar that expands when clicked),Visual Grid (Category tiles with images),3,"Minimal Clean (Simple image, name, price - no clutter)",With Savings Highlighted (Shows discount amount prominently),Top Bar (Filters displayed across the top),Yes (Always visible sidebar with filters),Sidebar Slide (Details slide in from the right),Recent 3- 5 (Show a few recent reviews),Single-column large cards (easy to scroll and tap),"Minimal (Only key information - product name, price, image)","Balanced (50% images, 50% text - equal emphasis)",Balanced,Bottom Nav (Navigation bar at the bottom - mobile style),Collapsible (Search bar that expands when clicked),Visual Grid (Category tiles with images),"Minimal Clean (Simple image, name, price - no clutter)",Strike-through Original (Shows original price crossed out with sale price),Bottom Sheet (Slides up from bottom mobile style),Slide-Up Panel (Preview product details in a slide-up panel without leaving the product lis),Summary Only (Average rating and total count),Yes (Header stays at top while scrolling),"Large (Easier to tap, less content visible)",Similar (Mostly the same with minor adjustments),4,Easy to order and to check,When its too much hustle
08/02/2026 14:06:34,Yes,25-34,Female,Graduate,Smartphone,Deal-hunting (I look for sales and discounts),Impulsive (Less than 5 minutes - I decide quickly),Moderately important (I balance price and quality),Rarely read reviews (Only for expensive items),Balanced (I mix familiar and new brands),No influence (I ignore these indicators),"The Deal Hunter (I'm motivated by sales, discounts, and getting the best value. I wait for promotions)",3,3,3,5,4,3,2,3,3,5,4,5,Bored,"1. Modern Sans-serif (Clean, contemporary fonts like Arial or Helvetica)","2. Medium (14-16px - Standard size, balanced)","Pastel Soft (Light, muted colors - gentle and soothing)","Blue (Trustworthy, professional, calm)","Pure White (Clean, bright, maximum contrast)",Compact (Minimal spacing - more content visible at once),"Rounded Corners (Soft, modern rounded edges)",Small Strip (Thin banner across the top),Deals (Products on sale or special offers),User Photos (Photos uploaded by customers),"Stock Numbers (Show ""Only 3 left in stock"")",Rounded Corners,Express Checkout (One click purchase with saved info),Outlined (Border around the field),Detailed Full (All specifications and information visible),3,List View (One product per row with details on the side),"Moderate (Balanced - some details visible, click for more)","Balanced (50% images, 50% text - equal emphasis)",Spacious (clean and uncluttered),Sidebar (Permanent navigation panel on the left),"Always Visible Top (Large, prominent search bar always shown)",Visual Grid (Category tiles with images),3,"Minimal Clean (Simple image, name, price - no clutter)",Bold Large (Price is the most prominent element),Top Bar (Filters displayed across the top),Yes (Always visible sidebar with filters),Sidebar Slide (Details slide in from the right),Ratings Bar Only (Visual breakdown of star ratings),List view with expandable details,"Moderate (Balanced - some details visible, click for more)","Balanced (50% images, 50% text - equal emphasis)",Balanced,Bottom Nav (Navigation bar at the bottom - mobile style),"Always Visible Top (Large, prominent search bar always shown)",Visual Grid (Category tiles with images),"Info Rich (Lots of details, ratings, specs visible)",Simple Display (Price is visible but not emphasized),Drawer Overlay (Slides in from the side when clicked),Slide-Up Panel (Preview product details in a slide-up panel without leaving the product lis),Collapsible Sections (Reviews can be expanded or collapsed within the product details),Yes (Header stays at top while scrolling),"Standard (Normal size, more content visible)",Somewhat Different (Adapted but recognizable),5,"Easier , more comfortable , can see variety in all places",Quality issue
08/02/2026 15:00:49,Yes,35.44,Female,Graduate,Smartphone,Deal-hunting (I look for sales and discounts),Research-heavy (30+ minutes - I thoroughly research before buying),Moderately important (I balance price and quality),Often read reviews (For most purchases),Prefer familiar brands (I stick with what works),Slight influence (I notice but don't rely on them),"The Browser (I enjoy browsing and discovering products, often without immediate purchase intent)",3,4,1,4,3,3,2,3,3,4,4,2,Stressed,2. Classic Serif (Traditional fonts with decorative strokes like Times New Roman),"3. Large (16-18px - Easy to read, comfortable)","Vibrant Bold (Bright, energetic colors - exciting and dynamic)","Red (Bold, urgent, attention-grabbing)","Light Gray (Soft, reduces eye strain)",Balanced (Moderate spacing - comfortable middle ground),"Pill-shaped (Fully rounded ends, very smooth)",Medium Split (Takes up half the screen),Deals (Products on sale or special offers),User Photos (Photos uploaded by customers),Both (Show both stock and time based urgency),Rounded Corners,One Page (All checkout steps on a single scrolling page),Rounded Border Fields (Outlined field with rounded corners),Detailed Full (All specifications and information visible),3,"2 Columns (Large product images, fewer items per row)","Detailed (All information visible - specs, reviews, descriptions)","Image-focused (80% images, 20% text - highly visual)",Spacious (clean and uncluttered),Combination of top bar and dropdowns,"Always Visible Top (Large, prominent search bar always shown)",Text List (Simple text links),3,"Badge Heavy (Shows bestseller, new, sale badges prominently)",Strike-through Original (Shows original price crossed out with sale price),Modal (Pops up in the center when clicked),Yes (Always visible sidebar with filters),Sidebar Slide (Details slide in from the right),All Paginated (Show all reviews with pagination),List view with expandable details,"Detailed (All information visible - specs, reviews, descriptions)","Balanced (50% images, 50% text - equal emphasis)",Balanced,Bottom Nav (Navigation bar at the bottom - mobile style),Collapsible (Search bar that expands when clicked),Visual Grid (Category tiles with images),"Minimal Clean (Simple image, name, price - no clutter)",Strike-through Original (Shows original price crossed out with sale price),Drawer Overlay (Slides in from the side when clicked),No Quick View (I prefer to go to the full product page),Summary Only (Average rating and total count),No (Header scrolls away with content),"Large (Easier to tap, less content visible)",Identical (Exactly the same on all devices),3,nan,nan
10/02/2026 12:57:04,Yes,18-24,Male,Undergraduate,Smartphone,Need-based (I shop when I need something specific),Moderate (15-30 minutes - I compare a few options),Moderately important (I balance price and quality),Sometimes read reviews (For certain product types),Prefer familiar brands (I stick with what works),Slight influence (I notice but don't rely on them),"The Researcher (I thoroughly research products, read reviews, compare options, and take my time making informed decisions)",3,3,4,4,3,3,2,4,4,4,2,5,Relaxed,"1. Modern Sans-serif (Clean, contemporary fonts like Arial or Helvetica)","3. Large (16-18px - Easy to read, comfortable)","Warm Earthy (Browns, beiges, warm oranges - natural and cozy)","Orange (Energetic, friendly, warm)","Light Gray (Soft, reduces eye strain)",Balanced (Moderate spacing - comfortable middle ground),"Rounded Corners (Soft, modern rounded edges)",Medium Split (Takes up half the screen),Category based (Similar items from the same category),Customer Reviews (Written reviews with ratings),Both (Show both stock and time based urgency),Rounded Corners,Progress Bar (Multi step with visual progress indicator),Floating Labels (Label moves up when you type),Detailed Full (All specifications and information visible),3,"3 Columns (Balanced view, moderate item size)","Moderate (Balanced - some details visible, click for more)","Image-focused (80% images, 20% text - highly visual)",Balanced,Top Bar (Categories always visible across the top),Collapsible (Search bar that expands when clicked),Visual Grid (Category tiles with images),3,"Minimal Clean (Simple image, name, price - no clutter)",Bold Large (Price is the most prominent element),Sidebar Left (Permanent filter panel on the left side),Yes (Always visible sidebar with filters),Sidebar Slide (Details slide in from the right),All Paginated (Show all reviews with pagination),Compact stacked cards (more products per screen),"Moderate (Balanced - some details visible, click for more)","Balanced (50% images, 50% text - equal emphasis)",Balanced,Bottom Nav (Navigation bar at the bottom - mobile style),"Icon Only (Magnifying glass icon, opens search when clicked)",Dropdown Menu (Text-based dropdown list),"Info Rich (Lots of details, ratings, specs visible)",Bold Large (Price is the most prominent element),Drawer Overlay (Slides in from the side when clicked),Slide-Up Panel (Preview product details in a slide-up panel without leaving the product lis),Collapsible Sections (Reviews can be expanded or collapsed within the product details),Yes (Header stays at top while scrolling),"Large (Easier to tap, less content visible)",Somewhat Different (Adapted but recognizable),3,Having the listing be straight to the point is crucial. As well as having the the listing's information fully presented. User feedback sometimes helps make a decision so it's important to have honest and real user feedback for the product.,"It is either that many users have reviewed it to be not what the listing says and not just one or two users. When the listing doesn't provide the full information about the product in the listing, or that it is way overpriced than it should be but that happens rarely."
10/02/2026 13:38:46,Yes,18-24,Male,Graduate,Laptop/Desktop,Need-based (I shop when I need something specific),Research-heavy (30+ minutes - I thoroughly research before buying),Moderately important (I balance price and quality),Often read reviews (For most purchases),Prefer familiar brands (I stick with what works),Moderate influence (They help me decide),"The Researcher (I thoroughly research products, read reviews, compare options, and take my time making informed decisions)",3,3,5,4,2,3,3,3,3,3,5,5,Frustrated,"3. Rounded Friendly (Soft, approachable fonts with rounded edges)","2. Medium (14-16px - Standard size, balanced)",Dark Mode (Dark backgrounds with light text - modern and easy on eyes),"Green (Natural, positive, go-ahead)","Cream/Off-white (Warm, comfortable, paper-like)",Compact (Minimal spacing - more content visible at once),"Outlined (Border only, no fill color)",Medium Split (Takes up half the screen),Category based (Similar items from the same category),Customer Reviews (Written reviews with ratings),Only on Request (Show only if I ask),Rounded Corners,Accordion (Expandable sections on one page),Material Design Style (Underline-focused field with animated label and focus accent),Moderate (Key details with option to expand),3,List View (One product per row with details on the side),"Moderate (Balanced - some details visible, click for more)","Balanced (50% images, 50% text - equal emphasis)",Spacious (clean and uncluttered),Combination of top bar and dropdowns,Collapsible (Search bar that expands when clicked),Text List (Simple text links),3,"Info Rich (Lots of details, ratings, specs visible)",With Savings Highlighted (Shows discount amount prominently),Top Bar (Filters displayed across the top),Yes (Always visible sidebar with filters),Modal Popup (Product details appear in a centered overlay),Recent 3- 5 (Show a few recent reviews),List view with expandable details,"Moderate (Balanced - some details visible, click for more)","Balanced (50% images, 50% text - equal emphasis)",Balanced,Hamburger Menu (Three-line icon that opens a side menu),Collapsible (Search bar that expands when clicked),Visual Grid (Category tiles with images),"Info Rich (Lots of details, ratings, specs visible)",Strike-through Original (Shows original price crossed out with sale price),Drawer Overlay (Slides in from the side when clicked),No Quick View (I prefer to go to the full product page),Collapsible Sections (Reviews can be expanded or collapsed within the product details),Yes (Header stays at top while scrolling),"Standard (Normal size, more content visible)",Somewhat Different (Adapted but recognizable),3,Recommendations based on your orders or based on products you looked for,The non friendly UI while browsing for products.
10/02/2026 13:44:22,Yes,18-24,Female,Graduate,Smartphone,Need-based (I shop when I need something specific),Quick (5-15 minutes - I know what I want),Important (Price is a major factor in my decisions),Sometimes read reviews (For certain product types),Very loyal (I rarely switch from my favorite brands),Moderate influence (They help me decide),The Loyal Customer (I stick with brands and stores I trust. I value consistency and reliability),3,4,2,2,2,3,5,2,4,4,4,4,Neutral,"4. Bold Impact (Strong, attention-grabbing fonts)","3. Large (16-18px - Easy to read, comfortable)",Dark Mode (Dark backgrounds with light text - modern and easy on eyes),"Blue (Trustworthy, professional, calm)",Dark (Dark gray or black background),Balanced (Moderate spacing - comfortable middle ground),"Pill-shaped (Fully rounded ends, very smooth)",Small Strip (Thin banner across the top),Deals (Products on sale or special offers),User Photos (Photos uploaded by customers),Both (Show both stock and time based urgency),Rounded Corners,Progress Bar (Multi step with visual progress indicator),Outlined (Border around the field),Expandable Sections (Organized into collapsible sections),3,List View (One product per row with details on the side),"Detailed (All information visible - specs, reviews, descriptions)","Balanced (50% images, 50% text - equal emphasis)",Spacious (clean and uncluttered),Sidebar (Permanent navigation panel on the left),Collapsible (Search bar that expands when clicked),Text List (Simple text links),3,"Badge Heavy (Shows bestseller, new, sale badges prominently)",Strike-through Original (Shows original price crossed out with sale price),Top Bar (Filters displayed across the top),No (Prefer filters in a different location),Sidebar Slide (Details slide in from the right),Recent 3- 5 (Show a few recent reviews),List view with expandable details,"Detailed (All information visible - specs, reviews, descriptions)","Balanced (50% images, 50% text - equal emphasis)",Balanced,Hamburger Menu (Three-line icon that opens a side menu),"Always Visible Top (Large, prominent search bar always shown)",Dropdown Menu (Text-based dropdown list),"Badge Heavy (Shows bestseller, new, sale badges prominently)",Strike-through Original (Shows original price crossed out with sale price),Drawer Overlay (Slides in from the side when clicked),Slide-Up Panel (Preview product details in a slide-up panel without leaving the product lis),Summary Only (Average rating and total count),No (Header scrolls away with content),"Large (Easier to tap, less content visible)",Somewhat Different (Adapted but recognizable),4,nan,nan
10/02/2026 14:39:06,Yes,18-24,Female,Graduate,Smartphone,Need-based (I shop when I need something specific),Research-heavy (30+ minutes - I thoroughly research before buying),Important (Price is a major factor in my decisions),Never read reviews (I don't find them useful),Prefer familiar brands (I stick with what works),Moderate influence (They help me decide),"The Researcher (I thoroughly research products, read reviews, compare options, and take my time making informed decisions)",3,4,4,4,2,3,4,2,1,3,3,3,Relaxed,"4. Bold Impact (Strong, attention-grabbing fonts)","3. Large (16-18px - Easy to read, comfortable)","Pastel Soft (Light, muted colors - gentle and soothing)","Blue (Trustworthy, professional, calm)","Cream/Off-white (Warm, comfortable, paper-like)",Balanced (Moderate spacing - comfortable middle ground),Raised / Shadowed (Button with shadow or depth effect),Medium Split (Takes up half the screen),Trending (What's popular right now),"Bestseller Badges (""Most Popular"" or ""Bestseller"" tags)",Both (Show both stock and time based urgency),Rounded Corners,"Multi step (Separate pages for shipping, payment, review)",Rounded Border Fields (Outlined field with rounded corners),Expandable Sections (Organized into collapsible sections),3,List View (One product per row with details on the side),"Moderate (Balanced - some details visible, click for more)","Image-focused (80% images, 20% text - highly visual)",Spacious (clean and uncluttered),Mega Menu (Dropdown with images and subcategories),Collapsible (Search bar that expands when clicked),Text List (Simple text links),3,Card with Shadow (Raised card effect with drop shadow),With Comparison (Shows similar products' prices),Top Bar (Filters displayed across the top),No (Prefer filters in a different location),New Tab (Opens product in a new browser tab),All Paginated (Show all reviews with pagination),Swipeable horizontal cards (carousel style),"Detailed (All information visible - specs, reviews, descriptions)","Balanced (50% images, 50% text - equal emphasis)",Balanced,Bottom Nav (Navigation bar at the bottom - mobile style),"Always Visible Top (Large, prominent search bar always shown)",Dropdown Menu (Text-based dropdown list),"Info Rich (Lots of details, ratings, specs visible)",Strike-through Original (Shows original price crossed out with sale price),Drawer Overlay (Slides in from the side when clicked),Slide-Up Panel (Preview product details in a slide-up panel without leaving the product lis),Collapsible Sections (Reviews can be expanded or collapsed within the product details),Yes (Header stays at top while scrolling),"Standard (Normal size, more content visible)","Yes, Very Different (Completely different design for each device)",3,nan,nan
10/02/2026 15:35:35,Yes,18-24,Female,Graduate,Smartphone,Gift-buying (I mainly shop for others),Research-heavy (30+ minutes - I thoroughly research before buying),Important (Price is a major factor in my decisions),Sometimes read reviews (For certain product types),Always try new brands (I love discovering new products),No influence (I ignore these indicators),"The Browser (I enjoy browsing and discovering products, often without immediate purchase intent)",3,4,3,4,2,3,2,2,1,1,3,4,Neutral,2. Classic Serif (Traditional fonts with decorative strokes like Times New Roman),"3. Large (16-18px - Easy to read, comfortable)","Pastel Soft (Light, muted colors - gentle and soothing)","Blue (Trustworthy, professional, calm)","Cream/Off-white (Warm, comfortable, paper-like)","Spacious (Lots of spacing - clean, uncluttered, breathing room)","Pill-shaped (Fully rounded ends, very smooth)",Small Strip (Thin banner across the top),Category based (Similar items from the same category),Ratings Only (Star ratings without detailed reviews),"Countdown Timers (Show ""Sale ends in 2 hours"")",Rounded Corners,Progress Bar (Multi step with visual progress indicator),Rounded Border Fields (Outlined field with rounded corners),Expandable Sections (Organized into collapsible sections),3,Mixed (Combination of different layouts),"Moderate (Balanced - some details visible, click for more)","Balanced (50% images, 50% text - equal emphasis)",Balanced,Combination of top bar and dropdowns,"Always Visible Top (Large, prominent search bar always shown)",Text List (Simple text links),3,"Info Rich (Lots of details, ratings, specs visible)",With Savings Highlighted (Shows discount amount prominently),Sidebar Left (Permanent filter panel on the left side),Yes (Always visible sidebar with filters),Modal Popup (Product details appear in a centered overlay),Ratings Bar Only (Visual breakdown of star ratings),Single-column large cards (easy to scroll and tap),"Moderate (Balanced - some details visible, click for more)","Balanced (50% images, 50% text - equal emphasis)",Balanced,Bottom Nav (Navigation bar at the bottom - mobile style),Collapsible (Search bar that expands when clicked),Visual Grid (Category tiles with images),"Info Rich (Lots of details, ratings, specs visible)",Bold Large (Price is the most prominent element),Drawer Overlay (Slides in from the side when clicked),Direct navigation (Each product card includes a button that takes you directly to the product page when tapped),Ratings Bar Only (Visual breakdown of star ratings),Yes (Header stays at top while scrolling),"Large (Easier to tap, less content visible)",Somewhat Different (Adapted but recognizable),4,Easy to use,Very high delivery fees appears after ending my shopping cart.
11/02/2026 14:32:31,Yes,18-24,Female,Graduate,Smartphone,Deal-hunting (I look for sales and discounts),Moderate (15-30 minutes - I compare a few options),Important (Price is a major factor in my decisions),Always read reviews (I won't buy without checking reviews),Balanced (I mix familiar and new brands),Moderate influence (They help me decide),"The Researcher (I thoroughly research products, read reviews, compare options, and take my time making informed decisions)",3,4,4,3,4,3,5,4,2,5,3,5,Bored,2. Classic Serif (Traditional fonts with decorative strokes like Times New Roman),"2. Medium (14-16px - Standard size, balanced)","Warm Earthy (Browns, beiges, warm oranges - natural and cozy)","Purple (Creative, luxurious, unique)","Light Gray (Soft, reduces eye strain)",Balanced (Moderate spacing - comfortable middle ground),"Rounded Corners (Soft, modern rounded edges)",Medium Split (Takes up half the screen),Trending (What's popular right now),User Photos (Photos uploaded by customers),"Stock Numbers (Show ""Only 3 left in stock"")",Rounded Corners,Progress Bar (Multi step with visual progress indicator),Rounded Border Fields (Outlined field with rounded corners),Expandable Sections (Organized into collapsible sections),3,Mixed (Combination of different layouts),"Moderate (Balanced - some details visible, click for more)","Image-focused (80% images, 20% text - highly visual)",Balanced,Combination of top bar and dropdowns,"Always Visible Top (Large, prominent search bar always shown)",Dropdown Menu (Text-based dropdown list),3,"Badge Heavy (Shows bestseller, new, sale badges prominently)",With Savings Highlighted (Shows discount amount prominently),Top Bar (Filters displayed across the top),No (Prefer filters in a different location),New Tab (Opens product in a new browser tab),Recent 3- 5 (Show a few recent reviews),Swipeable horizontal cards (carousel style),"Moderate (Balanced - some details visible, click for more)","Balanced (50% images, 50% text - equal emphasis)",Balanced,Hamburger Menu (Three-line icon that opens a side menu),"Icon Only (Magnifying glass icon, opens search when clicked)",Dropdown Menu (Text-based dropdown list),"Info Rich (Lots of details, ratings, specs visible)",Strike-through Original (Shows original price crossed out with sale price),Drawer Overlay (Slides in from the side when clicked),Direct navigation (Each product card includes a button that takes you directly to the product page when tapped),Collapsible Sections (Reviews can be expanded or collapsed within the product details),No (Header scrolls away with content),"Large (Easier to tap, less content visible)",Somewhat Different (Adapted but recognizable),4,nan,nan
15/02/2026 11:19:55,Yes,18-24,Male,Undergraduate,Laptop/Desktop,Need-based (I shop when I need something specific),Moderate (15-30 minutes - I compare a few options),Moderately important (I balance price and quality),Sometimes read reviews (For certain product types),Prefer familiar brands (I stick with what works),Strong influence (They significantly affect my choices),"The Deal Hunter (I'm motivated by sales, discounts, and getting the best value. I wait for promotions)",3,3,4,2,3,3,3,4,3,5,2,4,Stressed,"3. Rounded Friendly (Soft, approachable fonts with rounded edges)","3. Large (16-18px - Easy to read, comfortable)",Cool Blues (Blues and grays - calm and trustworthy),"Blue (Trustworthy, professional, calm)","Light Gray (Soft, reduces eye strain)",Balanced (Moderate spacing - comfortable middle ground),"Rounded Corners (Soft, modern rounded edges)",Small Strip (Thin banner across the top),Deals (Products on sale or special offers),Customer Reviews (Written reviews with ratings),"Countdown Timers (Show ""Sale ends in 2 hours"")",Rounded Corners,Express Checkout (One click purchase with saved info),Underlined/ Minimal (Line underneath only),Expandable Sections (Organized into collapsible sections),3,"3 Columns (Balanced view, moderate item size)","Moderate (Balanced - some details visible, click for more)","Balanced (50% images, 50% text - equal emphasis)",Balanced,Combination of top bar and dropdowns,"Always Visible Top (Large, prominent search bar always shown)",Visual Grid (Category tiles with images),3,"Info Rich (Lots of details, ratings, specs visible)",With Comparison (Shows similar products' prices),Sidebar Left (Permanent filter panel on the left side),Yes (Always visible sidebar with filters),Sidebar Slide (Details slide in from the right),Recent 3- 5 (Show a few recent reviews),Swipeable horizontal cards (carousel style),"Moderate (Balanced - some details visible, click for more)","Balanced (50% images, 50% text - equal emphasis)",Balanced,Bottom Nav (Navigation bar at the bottom - mobile style),Collapsible (Search bar that expands when clicked),Dropdown Menu (Text-based dropdown list),"Minimal Clean (Simple image, name, price - no clutter)",Strike-through Original (Shows original price crossed out with sale price),Drawer Overlay (Slides in from the side when clicked),No Quick View (I prefer to go to the full product page),Collapsible Sections (Reviews can be expanded or collapsed within the product details),Yes (Header stays at top while scrolling),"Standard (Normal size, more content visible)",Somewhat Different (Adapted but recognizable),4,animations and interactive with scrolling like apple website,bland & not enough info
15/02/2026 11:20:51,Yes,18-24,Female,Undergraduate,Smartphone,Entertainment (I browse for fun and enjoyment),Moderate (15-30 minutes - I compare a few options),Moderately important (I balance price and quality),Often read reviews (For most purchases),Often try new brands (I'm open to switching),Slight influence (I notice but don't rely on them),"The Minimalist (I want simple, efficient shopping. Show me what I need with minimal fuss)",3,3,5,2,4,3,4,4,2,4,2,3,Neutral,2. Classic Serif (Traditional fonts with decorative strokes like Times New Roman),"2. Medium (14-16px - Standard size, balanced)",Cool Blues (Blues and grays - calm and trustworthy),"Blue (Trustworthy, professional, calm)","Cream/Off-white (Warm, comfortable, paper-like)",Balanced (Moderate spacing - comfortable middle ground),"Sharp Square (Clean, professional 90-degree corners)",Medium Split (Takes up half the screen),Deals (Products on sale or special offers),User Photos (Photos uploaded by customers),"Countdown Timers (Show ""Sale ends in 2 hours"")",Rounded Corners,One Page (All checkout steps on a single scrolling page),Outlined (Border around the field),Detailed Full (All specifications and information visible),3,"4 Columns (Compact view, many items visible at once)","Moderate (Balanced - some details visible, click for more)","Balanced (50% images, 50% text - equal emphasis)",Balanced,Sidebar (Permanent navigation panel on the left),"Always Visible Top (Large, prominent search bar always shown)",Visual Grid (Category tiles with images),3,"Minimal Clean (Simple image, name, price - no clutter)",With Comparison (Shows similar products' prices),Top Bar (Filters displayed across the top),Yes (Always visible sidebar with filters),Sidebar Slide (Details slide in from the right),Recent 3- 5 (Show a few recent reviews),Compact stacked cards (more products per screen),"Moderate (Balanced - some details visible, click for more)","Balanced (50% images, 50% text - equal emphasis)",Balanced,Hamburger Menu (Three-line icon that opens a side menu),Collapsible (Search bar that expands when clicked),Dropdown Menu (Text-based dropdown list),"Minimal Clean (Simple image, name, price - no clutter)",Bold Large (Price is the most prominent element),Drawer Overlay (Slides in from the side when clicked),Slide-Up Panel (Preview product details in a slide-up panel without leaving the product lis),Collapsible Sections (Reviews can be expanded or collapsed within the product details),Yes (Header stays at top while scrolling),"Standard (Normal size, more content visible)",Somewhat Different (Adapted but recognizable),3,nan,nan
15/02/2026 11:20:52,Yes,18-24,Female,Undergraduate,Laptop/Desktop,Entertainment (I browse for fun and enjoyment),Moderate (15-30 minutes - I compare a few options),Moderately important (I balance price and quality),Often read reviews (For most purchases),Balanced (I mix familiar and new brands),Moderate influence (They help me decide),"The Minimalist (I want simple, efficient shopping. Show me what I need with minimal fuss)",3,3,4,3,4,3,2,4,3,4,3,4,Relaxed,"3. Rounded Friendly (Soft, approachable fonts with rounded edges)","3. Large (16-18px - Easy to read, comfortable)",Cool Blues (Blues and grays - calm and trustworthy),"Blue (Trustworthy, professional, calm)","Cream/Off-white (Warm, comfortable, paper-like)",Balanced (Moderate spacing - comfortable middle ground),"Rounded Corners (Soft, modern rounded edges)",Medium Split (Takes up half the screen),New Arrivals (Latest products added),User Photos (Photos uploaded by customers),"Countdown Timers (Show ""Sale ends in 2 hours"")",Rounded Corners,One Page (All checkout steps on a single scrolling page),Outlined (Border around the field),Moderate (Key details with option to expand),3,"2 Columns (Large product images, fewer items per row)","Moderate (Balanced - some details visible, click for more)","Image-focused (80% images, 20% text - highly visual)",Balanced,Top Bar (Categories always visible across the top),"Always Visible Top (Large, prominent search bar always shown)",Text List (Simple text links),3,"Badge Heavy (Shows bestseller, new, sale badges prominently)",Strike-through Original (Shows original price crossed out with sale price),Sidebar Left (Permanent filter panel on the left side),No (Prefer filters in a different location),Sidebar Slide (Details slide in from the right),Recent 3- 5 (Show a few recent reviews),Single-column large cards (easy to scroll and tap),"Moderate (Balanced - some details visible, click for more)","Balanced (50% images, 50% text - equal emphasis)",Balanced,Swipe-based navigation,Collapsible (Search bar that expands when clicked),Visual Grid (Category tiles with images),"Badge Heavy (Shows bestseller, new, sale badges prominently)",Strike-through Original (Shows original price crossed out with sale price),Drawer Overlay (Slides in from the side when clicked),Slide-Up Panel (Preview product details in a slide-up panel without leaving the product lis),Collapsible Sections (Reviews can be expanded or collapsed within the product details),No (Header scrolls away with content),"Large (Easier to tap, less content visible)",Similar (Mostly the same with minor adjustments),3,easy to navigate and clear websites,hard to see description or find wanted product or not enough information about the product
15/02/2026 11:23:18,Yes,18-24,Male,Undergraduate,Laptop/Desktop,Need-based (I shop when I need something specific),Research-heavy (30+ minutes - I thoroughly research before buying),Moderately important (I balance price and quality),Always read reviews (I won't buy without checking reviews),Prefer familiar brands (I stick with what works),Moderate influence (They help me decide),"The Researcher (I thoroughly research products, read reviews, compare options, and take my time making informed decisions)",3,3,5,5,4,3,3,2,3,4,2,4,Neutral,2. Classic Serif (Traditional fonts with decorative strokes like Times New Roman),"2. Medium (14-16px - Standard size, balanced)","Minimalist Black & White (Clean, high contrast, professional)","Blue (Trustworthy, professional, calm)","Pure White (Clean, bright, maximum contrast)",Balanced (Moderate spacing - comfortable middle ground),"Rounded Corners (Soft, modern rounded edges)",Medium Split (Takes up half the screen),Trending (What's popular right now),"Bestseller Badges (""Most Popular"" or ""Bestseller"" tags)","Stock Numbers (Show ""Only 3 left in stock"")",Rounded Corners,"Multi step (Separate pages for shipping, payment, review)",Rounded Border Fields (Outlined field with rounded corners),Detailed Full (All specifications and information visible),3,"3 Columns (Balanced view, moderate item size)","Moderate (Balanced - some details visible, click for more)","Balanced (50% images, 50% text - equal emphasis)",Balanced,Top Bar (Categories always visible across the top),"Always Visible Top (Large, prominent search bar always shown)",Visual Grid (Category tiles with images),3,"Badge Heavy (Shows bestseller, new, sale badges prominently)",With Savings Highlighted (Shows discount amount prominently),Top Bar (Filters displayed across the top),Yes (Always visible sidebar with filters),Sidebar Slide (Details slide in from the right),All Paginated (Show all reviews with pagination),Compact stacked cards (more products per screen),"Moderate (Balanced - some details visible, click for more)","Balanced (50% images, 50% text - equal emphasis)",Balanced,Bottom Nav (Navigation bar at the bottom - mobile style),Collapsible (Search bar that expands when clicked),Visual Grid (Category tiles with images),"Info Rich (Lots of details, ratings, specs visible)",Strike-through Original (Shows original price crossed out with sale price),Bottom Sheet (Slides up from bottom mobile style),Direct navigation (Each product card includes a button that takes you directly to the product page when tapped),Collapsible Sections (Reviews can be expanded or collapsed within the product details),Yes (Header stays at top while scrolling),"Large (Easier to tap, less content visible)",Similar (Mostly the same with minor adjustments),4,"Easy communication , clear product details and nice visually UI","Bad communication , Products with missing details and Expensive products"
15/02/2026 11:23:58,Yes,18-24,Male,Undergraduate,Smartphone,Need-based (I shop when I need something specific),Research-heavy (30+ minutes - I thoroughly research before buying),Moderately important (I balance price and quality),Always read reviews (I won't buy without checking reviews),Balanced (I mix familiar and new brands),Moderate influence (They help me decide),"The Researcher (I thoroughly research products, read reviews, compare options, and take my time making informed decisions)",3,3,3,3,3,3,3,3,3,3,3,3,Neutral,"4. Bold Impact (Strong, attention-grabbing fonts)",4. Extra Large (18+px - Maximum readability),Dark Mode (Dark backgrounds with light text - modern and easy on eyes),"Orange (Energetic, friendly, warm)",Dark (Dark gray or black background),"Spacious (Lots of spacing - clean, uncluttered, breathing room)","Flat (Solid color, no shadow or depth)",Medium Split (Takes up half the screen),Category based (Similar items from the same category),"Bestseller Badges (""Most Popular"" or ""Bestseller"" tags)",Both (Show both stock and time based urgency),Rounded Corners,"Multi step (Separate pages for shipping, payment, review)","Filled Background (Shaded background, no border)",Detailed Full (All specifications and information visible),3,List View (One product per row with details on the side),"Detailed (All information visible - specs, reviews, descriptions)","Text-focused (20% images, 80% text - detailed descriptions)",Spacious (clean and uncluttered),Combination of top bar and dropdowns,"Always Visible Top (Large, prominent search bar always shown)",Text List (Simple text links),3,Card with Shadow (Raised card effect with drop shadow),Strike-through Original (Shows original price crossed out with sale price),Top Bar (Filters displayed across the top),No (Prefer filters in a different location),Modal Popup (Product details appear in a centered overlay),All Paginated (Show all reviews with pagination),List view with expandable details,"Detailed (All information visible - specs, reviews, descriptions)","Text-focused (20% images, 80% text - detailed descriptions)",Balanced,Full-screen category menu,Collapsible (Search bar that expands when clicked),Visual Grid (Category tiles with images),Card with Shadow (Raised card effect with drop shadow),Bold Large (Price is the most prominent element),Bottom Sheet (Slides up from bottom mobile style),Direct navigation (Each product card includes a button that takes you directly to the product page when tapped),Summary Only (Average rating and total count),Yes (Header stays at top while scrolling),"Standard (Normal size, more content visible)",Identical (Exactly the same on all devices),5,sales and trustable,"not really trusted, price and reviews"
15/02/2026 11:24:32,Yes,18-24,Male,Undergraduate,Smartphone,Deal-hunting (I look for sales and discounts),Research-heavy (30+ minutes - I thoroughly research before buying),Important (Price is a major factor in my decisions),Often read reviews (For most purchases),Balanced (I mix familiar and new brands),Slight influence (I notice but don't rely on them),"The Researcher (I thoroughly research products, read reviews, compare options, and take my time making informed decisions)",3,3,2,4,2,3,2,2,4,5,4,4,Neutral,"1. Modern Sans-serif (Clean, contemporary fonts like Arial or Helvetica)","3. Large (16-18px - Easy to read, comfortable)","Minimalist Black & White (Clean, high contrast, professional)","Blue (Trustworthy, professional, calm)","Pure White (Clean, bright, maximum contrast)",Balanced (Moderate spacing - comfortable middle ground),"Rounded Corners (Soft, modern rounded edges)",Medium Split (Takes up half the screen),Trending (What's popular right now),Customer Reviews (Written reviews with ratings),"Countdown Timers (Show ""Sale ends in 2 hours"")",Rounded Corners,Progress Bar (Multi step with visual progress indicator),Floating Labels (Label moves up when you type),Moderate (Key details with option to expand),3,"3 Columns (Balanced view, moderate item size)","Minimal (Only key information - product name, price, image)","Image-focused (80% images, 20% text - highly visual)",Balanced,Mega Menu (Dropdown with images and subcategories),Collapsible (Search bar that expands when clicked),Dropdown Menu (Text-based dropdown list),3,"Badge Heavy (Shows bestseller, new, sale badges prominently)",Strike-through Original (Shows original price crossed out with sale price),Sidebar Left (Permanent filter panel on the left side),Yes (Always visible sidebar with filters),No Quick View (I prefer to go to the full product page),Ratings Bar Only (Visual breakdown of star ratings),Compact stacked cards (more products per screen),"Minimal (Only key information - product name, price, image)","Balanced (50% images, 50% text - equal emphasis)",Balanced,Hamburger Menu (Three-line icon that opens a side menu),"Icon Only (Magnifying glass icon, opens search when clicked)",Dropdown Menu (Text-based dropdown list),"Badge Heavy (Shows bestseller, new, sale badges prominently)",Strike-through Original (Shows original price crossed out with sale price),Drawer Overlay (Slides in from the side when clicked),No Quick View (I prefer to go to the full product page),Ratings Bar Only (Visual breakdown of star ratings),Yes (Header stays at top while scrolling),"Standard (Normal size, more content visible)",Somewhat Different (Adapted but recognizable),5,nan,Clicking many buttons to navigate between sections and products
15/02/2026 11:26:50,Yes,18-24,Male,Undergraduate,Smartphone,Entertainment (I browse for fun and enjoyment),Quick (5-15 minutes - I know what I want),Important (Price is a major factor in my decisions),Never read reviews (I don't find them useful),Prefer familiar brands (I stick with what works),Very strong influence (I primarily buy popular items),The Loyal Customer (I stick with brands and stores I trust. I value consistency and reliability),3,4,4,2,5,3,2,5,3,5,1,5,Relaxed,"1. Modern Sans-serif (Clean, contemporary fonts like Arial or Helvetica)",4. Extra Large (18+px - Maximum readability),"Warm Earthy (Browns, beiges, warm oranges - natural and cozy)","Blue (Trustworthy, professional, calm)","Cream/Off-white (Warm, comfortable, paper-like)",Balanced (Moderate spacing - comfortable middle ground),"Rounded Corners (Soft, modern rounded edges)",Large Full screen (Takes up entire first screen),New Arrivals (Latest products added),"Bestseller Badges (""Most Popular"" or ""Bestseller"" tags)","Stock Numbers (Show ""Only 3 left in stock"")",Rounded Corners,One Page (All checkout steps on a single scrolling page),Underlined/ Minimal (Line underneath only),Expandable Sections (Organized into collapsible sections),3,"3 Columns (Balanced view, moderate item size)","Moderate (Balanced - some details visible, click for more)","Image-focused (80% images, 20% text - highly visual)",Spacious (clean and uncluttered),Top Bar (Categories always visible across the top),"Always Visible Top (Large, prominent search bar always shown)",Visual Grid (Category tiles with images),3,"Minimal Clean (Simple image, name, price - no clutter)",Strike-through Original (Shows original price crossed out with sale price),Modal (Pops up in the center when clicked),No (Prefer filters in a different location),No Quick View (I prefer to go to the full product page),Ratings Bar Only (Visual breakdown of star ratings),Compact stacked cards (more products per screen),"Moderate (Balanced - some details visible, click for more)","Balanced (50% images, 50% text - equal emphasis)",Balanced,Hamburger Menu (Three-line icon that opens a side menu),"Icon Only (Magnifying glass icon, opens search when clicked)",Visual Grid (Category tiles with images),"Minimal Clean (Simple image, name, price - no clutter)",Strike-through Original (Shows original price crossed out with sale price),Bottom Sheet (Slides up from bottom mobile style),No Quick View (I prefer to go to the full product page),Summary Only (Average rating and total count),Yes (Header stays at top while scrolling),"Standard (Normal size, more content visible)",Somewhat Different (Adapted but recognizable),4,Clean layout. Fast performance.,Websites not adapted to mobile. Prices feeling gimmicky
15/02/2026 11:27:18,Yes,18-24,Male,Undergraduate,Smartphone,Research (I like exploring products and learning about them),Research-heavy (30+ minutes - I thoroughly research before buying),Moderately important (I balance price and quality),Sometimes read reviews (For certain product types),Balanced (I mix familiar and new brands),Moderate influence (They help me decide),"The Deal Hunter (I'm motivated by sales, discounts, and getting the best value. I wait for promotions)",3,4,2,2,4,3,4,3,4,5,3,4,Neutral,2. Classic Serif (Traditional fonts with decorative strokes like Times New Roman),"3. Large (16-18px - Easy to read, comfortable)","Minimalist Black & White (Clean, high contrast, professional)","Orange (Energetic, friendly, warm)","Pure White (Clean, bright, maximum contrast)",Balanced (Moderate spacing - comfortable middle ground),"Rounded Corners (Soft, modern rounded edges)",Small Strip (Thin banner across the top),Deals (Products on sale or special offers),Customer Reviews (Written reviews with ratings),None (I find these annoying and manipulative),Rounded Corners,"Multi step (Separate pages for shipping, payment, review)",Floating Labels (Label moves up when you type),Expandable Sections (Organized into collapsible sections),3,"2 Columns (Large product images, fewer items per row)","Moderate (Balanced - some details visible, click for more)","Text-focused (20% images, 80% text - detailed descriptions)",Balanced,Combination of top bar and dropdowns,"Always Visible Top (Large, prominent search bar always shown)",Visual Grid (Category tiles with images),3,"Badge Heavy (Shows bestseller, new, sale badges prominently)",With Savings Highlighted (Shows discount amount prominently),Top Bar (Filters displayed across the top),Yes (Always visible sidebar with filters),Sidebar Slide (Details slide in from the right),All Paginated (Show all reviews with pagination),Single-column large cards (easy to scroll and tap),"Moderate (Balanced - some details visible, click for more)","Balanced (50% images, 50% text - equal emphasis)",Balanced,Bottom Nav (Navigation bar at the bottom - mobile style),Collapsible (Search bar that expands when clicked),Visual Grid (Category tiles with images),"Info Rich (Lots of details, ratings, specs visible)",Strike-through Original (Shows original price crossed out with sale price),Drawer Overlay (Slides in from the side when clicked),Slide-Up Panel (Preview product details in a slide-up panel without leaving the product lis),Ratings Bar Only (Visual breakdown of star ratings),Yes (Header stays at top while scrolling),"Large (Easier to tap, less content visible)",Somewhat Different (Adapted but recognizable),3,nan,nan
15/02/2026 11:28:34,Yes,18-24,Male,Undergraduate,Smartphone,Research (I like exploring products and learning about them),Research-heavy (30+ minutes - I thoroughly research before buying),Important (Price is a major factor in my decisions),Always read reviews (I won't buy without checking reviews),Prefer familiar brands (I stick with what works),Moderate influence (They help me decide),"The Researcher (I thoroughly research products, read reviews, compare options, and take my time making informed decisions)",3,4,5,5,3,3,2,3,4,5,2,3,Relaxed,2. Classic Serif (Traditional fonts with decorative strokes like Times New Roman),"2. Medium (14-16px - Standard size, balanced)",Dark Mode (Dark backgrounds with light text - modern and easy on eyes),"Blue (Trustworthy, professional, calm)",Dark (Dark gray or black background),Balanced (Moderate spacing - comfortable middle ground),"Rounded Corners (Soft, modern rounded edges)",Small Strip (Thin banner across the top),Deals (Products on sale or special offers),"Bestseller Badges (""Most Popular"" or ""Bestseller"" tags)",Only on Request (Show only if I ask),Rounded Corners,Progress Bar (Multi step with visual progress indicator),Floating Labels (Label moves up when you type),Detailed Full (All specifications and information visible),3,"2 Columns (Large product images, fewer items per row)","Moderate (Balanced - some details visible, click for more)","Image-focused (80% images, 20% text - highly visual)",Balanced,Top Bar (Categories always visible across the top),Collapsible (Search bar that expands when clicked),Dropdown Menu (Text-based dropdown list),3,"Image Heavy (Large, prominent product photos)",Bold Large (Price is the most prominent element),Top Bar (Filters displayed across the top),Yes (Always visible sidebar with filters),New Tab (Opens product in a new browser tab),All Paginated (Show all reviews with pagination),Single-column large cards (easy to scroll and tap),"Moderate (Balanced - some details visible, click for more)","Balanced (50% images, 50% text - equal emphasis)",Balanced,Swipe-based navigation,Collapsible (Search bar that expands when clicked),Dropdown Menu (Text-based dropdown list),"Minimal Clean (Simple image, name, price - no clutter)",Simple Display (Price is visible but not emphasized),Drawer Overlay (Slides in from the side when clicked),Slide-Up Panel (Preview product details in a slide-up panel without leaving the product lis),Collapsible Sections (Reviews can be expanded or collapsed within the product details),Yes (Header stays at top while scrolling),"Standard (Normal size, more content visible)",Somewhat Different (Adapted but recognizable),3,modern look and fluent animations,poorly made websites
15/02/2026 11:29:48,Yes,18-24,Female,Undergraduate,Laptop/Desktop,Need-based (I shop when I need something specific),Research-heavy (30+ minutes - I thoroughly research before buying),Very important (I always look for the best price),Always read reviews (I won't buy without checking reviews),Balanced (I mix familiar and new brands),Slight influence (I notice but don't rely on them),"The Browser (I enjoy browsing and discovering products, often without immediate purchase intent)",3,2,1,4,2,3,5,4,3,2,3,4,Neutral,"3. Rounded Friendly (Soft, approachable fonts with rounded edges)","3. Large (16-18px - Easy to read, comfortable)","Vibrant Bold (Bright, energetic colors - exciting and dynamic)","Red (Bold, urgent, attention-grabbing)","Cream/Off-white (Warm, comfortable, paper-like)",Balanced (Moderate spacing - comfortable middle ground),"Rounded Corners (Soft, modern rounded edges)",Large Full screen (Takes up entire first screen),Deals (Products on sale or special offers),Customer Reviews (Written reviews with ratings),Both (Show both stock and time based urgency),Rounded Corners,One Page (All checkout steps on a single scrolling page),"Filled Background (Shaded background, no border)",Expandable Sections (Organized into collapsible sections),3,"4 Columns (Compact view, many items visible at once)","Moderate (Balanced - some details visible, click for more)","Image-focused (80% images, 20% text - highly visual)",Spacious (clean and uncluttered),Top Bar (Categories always visible across the top),Collapsible (Search bar that expands when clicked),Dropdown Menu (Text-based dropdown list),3,Card with Shadow (Raised card effect with drop shadow),With Savings Highlighted (Shows discount amount prominently),Top Bar (Filters displayed across the top),Yes (Always visible sidebar with filters),Modal Popup (Product details appear in a centered overlay),All Paginated (Show all reviews with pagination),Compact stacked cards (more products per screen),"Detailed (All information visible - specs, reviews, descriptions)","Balanced (50% images, 50% text - equal emphasis)",Balanced,Bottom Nav (Navigation bar at the bottom - mobile style),"Icon Only (Magnifying glass icon, opens search when clicked)",Mega Menu with Images (Large dropdown with category images and subcategories),"Minimal Clean (Simple image, name, price - no clutter)",Strike-through Original (Shows original price crossed out with sale price),Full-Screen Overlay (Displayed across screen),Slide-Up Panel (Preview product details in a slide-up panel without leaving the product lis),Summary Only (Average rating and total count),Yes (Header stays at top while scrolling),"Large (Easier to tap, less content visible)",Similar (Mostly the same with minor adjustments),5,"An online shopping experience feels great to me when the website is clean, fast, and easy to navigate, with clear product images, honest reviews, and transparent price","My biggest frustration is unexpected extra costs at checkout, like high shipping fees. I also leave when the website is slow, confusing, or shows items as available but out of stock."
15/02/2026 11:30:46,Yes,18-24,Male,Undergraduate,Smartphone,Entertainment (I browse for fun and enjoyment),Moderate (15-30 minutes - I compare a few options),Important (Price is a major factor in my decisions),Sometimes read reviews (For certain product types),Balanced (I mix familiar and new brands),Slight influence (I notice but don't rely on them),"The Browser (I enjoy browsing and discovering products, often without immediate purchase intent)",3,3,4,4,3,3,2,3,2,4,3,3,Neutral,"4. Bold Impact (Strong, attention-grabbing fonts)","3. Large (16-18px - Easy to read, comfortable)",Cool Blues (Blues and grays - calm and trustworthy),"Blue (Trustworthy, professional, calm)","Cream/Off-white (Warm, comfortable, paper-like)",Balanced (Moderate spacing - comfortable middle ground),Raised / Shadowed (Button with shadow or depth effect),Medium Split (Takes up half the screen),Deals (Products on sale or special offers),Customer Reviews (Written reviews with ratings),"Stock Numbers (Show ""Only 3 left in stock"")",Rounded Corners,Express Checkout (One click purchase with saved info),Outlined (Border around the field),Moderate (Key details with option to expand),3,"2 Columns (Large product images, fewer items per row)","Moderate (Balanced - some details visible, click for more)","Image-focused (80% images, 20% text - highly visual)",Balanced,Top Bar (Categories always visible across the top),Collapsible (Search bar that expands when clicked),Mega Menu with Images (Large dropdown with category images and subcategories),3,"Minimal Clean (Simple image, name, price - no clutter)",Bold Large (Price is the most prominent element),Top Bar (Filters displayed across the top),No (Prefer filters in a different location),Sidebar Slide (Details slide in from the right),All Paginated (Show all reviews with pagination),Single-column large cards (easy to scroll and tap),"Detailed (All information visible - specs, reviews, descriptions)","Balanced (50% images, 50% text - equal emphasis)",Balanced,Full-screen category menu,"Icon Only (Magnifying glass icon, opens search when clicked)",Visual Grid (Category tiles with images),"Badge Heavy (Shows bestseller, new, sale badges prominently)",Bold Large (Price is the most prominent element),Bottom Sheet (Slides up from bottom mobile style),Slide-Up Panel (Preview product details in a slide-up panel without leaving the product lis),Collapsible Sections (Reviews can be expanded or collapsed within the product details),No (Header scrolls away with content),"Large (Easier to tap, less content visible)",Somewhat Different (Adapted but recognizable),2,nan,nan
15/02/2026 11:33:00,Yes,18-24,Male,Undergraduate,Laptop/Desktop,Need-based (I shop when I need something specific),Moderate (15-30 minutes - I compare a few options),Moderately important (I balance price and quality),Sometimes read reviews (For certain product types),Prefer familiar brands (I stick with what works),Slight influence (I notice but don't rely on them),"The Browser (I enjoy browsing and discovering products, often without immediate purchase intent)",3,3,5,4,3,3,3,3,3,4,4,4,Neutral,2. Classic Serif (Traditional fonts with decorative strokes like Times New Roman),"3. Large (16-18px - Easy to read, comfortable)",Cool Blues (Blues and grays - calm and trustworthy),"Blue (Trustworthy, professional, calm)","Light Gray (Soft, reduces eye strain)",Balanced (Moderate spacing - comfortable middle ground),"Rounded Corners (Soft, modern rounded edges)",Small Strip (Thin banner across the top),Deals (Products on sale or special offers),Ratings Only (Star ratings without detailed reviews),None (I find these annoying and manipulative),Rounded Corners,Progress Bar (Multi step with visual progress indicator),Floating Labels (Label moves up when you type),Expandable Sections (Organized into collapsible sections),3,"3 Columns (Balanced view, moderate item size)","Moderate (Balanced - some details visible, click for more)","Image-focused (80% images, 20% text - highly visual)",Balanced,Mega Menu (Dropdown with images and subcategories),"Always Visible Top (Large, prominent search bar always shown)",Mega Menu with Images (Large dropdown with category images and subcategories),3,"Minimal Clean (Simple image, name, price - no clutter)",Strike-through Original (Shows original price crossed out with sale price),Sidebar Left (Permanent filter panel on the left side),Yes (Always visible sidebar with filters),Sidebar Slide (Details slide in from the right),All Paginated (Show all reviews with pagination),List view with expandable details,"Moderate (Balanced - some details visible, click for more)","Balanced (50% images, 50% text - equal emphasis)",Balanced,Bottom Nav (Navigation bar at the bottom - mobile style),"Always Visible Top (Large, prominent search bar always shown)",Dropdown Menu (Text-based dropdown list),"Minimal Clean (Simple image, name, price - no clutter)",Bold Large (Price is the most prominent element),Bottom Sheet (Slides up from bottom mobile style),No Quick View (I prefer to go to the full product page),Collapsible Sections (Reviews can be expanded or collapsed within the product details),No (Header scrolls away with content),"Standard (Normal size, more content visible)",Similar (Mostly the same with minor adjustments),3,"clean design, easy to navigate, good prices",bad interface like when I click into a product to view details it resets all filters have to put them again manually.
15/02/2026 11:34:53,Yes,18-24,Male,Undergraduate,Smartphone,Deal-hunting (I look for sales and discounts),Quick (5-15 minutes - I know what I want),Moderately important (I balance price and quality),Often read reviews (For most purchases),Prefer familiar brands (I stick with what works),Very strong influence (I primarily buy popular items),"The Impulsive Buyer (I make quick decisions based on intuition and emotion. If I like it, I buy it)",3,4,3,3,5,3,2,5,4,5,2,5,Neutral,"4. Bold Impact (Strong, attention-grabbing fonts)",4. Extra Large (18+px - Maximum readability),"Minimalist Black & White (Clean, high contrast, professional)","Red (Bold, urgent, attention-grabbing)","Pure White (Clean, bright, maximum contrast)","Spacious (Lots of spacing - clean, uncluttered, breathing room)","Outlined (Border only, no fill color)",Medium Split (Takes up half the screen),Category based (Similar items from the same category),User Photos (Photos uploaded by customers),"Countdown Timers (Show ""Sale ends in 2 hours"")",Rounded Corners,Accordion (Expandable sections on one page),Outlined (Border around the field),Expandable Sections (Organized into collapsible sections),3,"2 Columns (Large product images, fewer items per row)","Moderate (Balanced - some details visible, click for more)","Image-focused (80% images, 20% text - highly visual)",Spacious (clean and uncluttered),Mega Menu (Dropdown with images and subcategories),"Icon Only (Magnifying glass icon, opens search when clicked)",Visual Grid (Category tiles with images),3,"Image Heavy (Large, prominent product photos)",Strike-through Original (Shows original price crossed out with sale price),Top Bar (Filters displayed across the top),Yes (Always visible sidebar with filters),Modal Popup (Product details appear in a centered overlay),Recent 3- 5 (Show a few recent reviews),Single-column large cards (easy to scroll and tap),"Moderate (Balanced - some details visible, click for more)","Text-focused (20% images, 80% text - detailed descriptions)",Balanced,Bottom Nav (Navigation bar at the bottom - mobile style),"Always Visible Top (Large, prominent search bar always shown)",Visual Grid (Category tiles with images),"Info Rich (Lots of details, ratings, specs visible)",Bold Large (Price is the most prominent element),Drawer Overlay (Slides in from the side when clicked),No Quick View (I prefer to go to the full product page),Summary Only (Average rating and total count),No (Header scrolls away with content),"Extra Large (Maximum tap accuracy, minimal content)","Yes, Very Different (Completely different design for each device)",3,perfect and easy use for the website,quality of the product
15/02/2026 11:36:50,Yes,18-24,Male,Undergraduate,Laptop/Desktop,Need-based (I shop when I need something specific),Moderate (15-30 minutes - I compare a few options),Important (Price is a major factor in my decisions),Rarely read reviews (Only for expensive items),Prefer familiar brands (I stick with what works),Slight influence (I notice but don't rely on them),"The Minimalist (I want simple, efficient shopping. Show me what I need with minimal fuss)",3,4,4,5,4,3,2,3,3,4,4,2,Happy,2. Classic Serif (Traditional fonts with decorative strokes like Times New Roman),"3. Large (16-18px - Easy to read, comfortable)","Vibrant Bold (Bright, energetic colors - exciting and dynamic)","Red (Bold, urgent, attention-grabbing)","Cream/Off-white (Warm, comfortable, paper-like)",Balanced (Moderate spacing - comfortable middle ground),Raised / Shadowed (Button with shadow or depth effect),Medium Split (Takes up half the screen),Category based (Similar items from the same category),None (I don't need social proof indicators),Only on Request (Show only if I ask),Rounded Corners,Progress Bar (Multi step with visual progress indicator),Rounded Border Fields (Outlined field with rounded corners),Expandable Sections (Organized into collapsible sections),3,"4 Columns (Compact view, many items visible at once)","Moderate (Balanced - some details visible, click for more)","Image-focused (80% images, 20% text - highly visual)",Balanced,Combination of top bar and dropdowns,Collapsible (Search bar that expands when clicked),Visual Grid (Category tiles with images),3,"Minimal Clean (Simple image, name, price - no clutter)",With Savings Highlighted (Shows discount amount prominently),Sidebar Left (Permanent filter panel on the left side),Yes (Always visible sidebar with filters),Sidebar Slide (Details slide in from the right),All Paginated (Show all reviews with pagination),List view with expandable details,"Detailed (All information visible - specs, reviews, descriptions)","Balanced (50% images, 50% text - equal emphasis)",Balanced,Bottom Nav (Navigation bar at the bottom - mobile style),Collapsible (Search bar that expands when clicked),Visual Grid (Category tiles with images),"Info Rich (Lots of details, ratings, specs visible)",Strike-through Original (Shows original price crossed out with sale price),Drawer Overlay (Slides in from the side when clicked),Direct navigation (Each product card includes a button that takes you directly to the product page when tapped),Collapsible Sections (Reviews can be expanded or collapsed within the product details),Yes (Header stays at top while scrolling),"Large (Easier to tap, less content visible)","Yes, Very Different (Completely different design for each device)",4,Great filters systems and visible and shows detailed reviews and prices are clearly stated with spcifications,Bad UI not being able to filter and see my filters and not being able to see detailed reviews when needed
15/02/2026 12:46:15,Yes,18-24,Female,Undergraduate,Laptop/Desktop,Entertainment (I browse for fun and enjoyment),Research-heavy (30+ minutes - I thoroughly research before buying),Moderately important (I balance price and quality),Often read reviews (For most purchases),Prefer familiar brands (I stick with what works),Slight influence (I notice but don't rely on them),"The Researcher (I thoroughly research products, read reviews, compare options, and take my time making informed decisions)",3,4,3,3,2,3,5,3,1,2,4,4,Stressed,"1. Modern Sans-serif (Clean, contemporary fonts like Arial or Helvetica)","1. Small (12-14px - Compact, more content visible)","Vibrant Bold (Bright, energetic colors - exciting and dynamic)","Blue (Trustworthy, professional, calm)","Pure White (Clean, bright, maximum contrast)",Balanced (Moderate spacing - comfortable middle ground),"Rounded Corners (Soft, modern rounded edges)",Large Full screen (Takes up entire first screen),Trending (What's popular right now),Customer Reviews (Written reviews with ratings),Both (Show both stock and time based urgency),Rounded Corners,One Page (All checkout steps on a single scrolling page),Outlined (Border around the field),Brief Summary (Just the essential information),3,"3 Columns (Balanced view, moderate item size)","Moderate (Balanced - some details visible, click for more)","Balanced (50% images, 50% text - equal emphasis)",Balanced,Top Bar (Categories always visible across the top),"Always Visible Top (Large, prominent search bar always shown)",Dropdown Menu (Text-based dropdown list),3,"Minimal Clean (Simple image, name, price - no clutter)",Bold Large (Price is the most prominent element),Sidebar Left (Permanent filter panel on the left side),Yes (Always visible sidebar with filters),Sidebar Slide (Details slide in from the right),Ratings Bar Only (Visual breakdown of star ratings),Swipeable horizontal cards (carousel style),"Minimal (Only key information - product name, price, image)","Balanced (50% images, 50% text - equal emphasis)",Balanced,Hamburger Menu (Three-line icon that opens a side menu),Collapsible (Search bar that expands when clicked),Visual Grid (Category tiles with images),"Minimal Clean (Simple image, name, price - no clutter)",Simple Display (Price is visible but not emphasized),Bottom Sheet (Slides up from bottom mobile style),No Quick View (I prefer to go to the full product page),Collapsible Sections (Reviews can be expanded or collapsed within the product details),No (Header scrolls away with content),"Standard (Normal size, more content visible)",Similar (Mostly the same with minor adjustments),2,easy to navigate. clean design,hides important information like shipping costs until checkout. and when the wensite is slow
16/02/2026 14:35:16,Yes,18-24,Male,Undergraduate,Smartphone,Need-based (I shop when I need something specific),Quick (5-15 minutes - I know what I want),Moderately important (I balance price and quality),Always read reviews (I won't buy without checking reviews),Prefer familiar brands (I stick with what works),Strong influence (They significantly affect my choices),The Loyal Customer (I stick with brands and stores I trust. I value consistency and reliability),3,4,4,4,5,3,2,4,1,4,1,2,Relaxed,2. Classic Serif (Traditional fonts with decorative strokes like Times New Roman),"3. Large (16-18px - Easy to read, comfortable)",Dark Mode (Dark backgrounds with light text - modern and easy on eyes),"Green (Natural, positive, go-ahead)",Dark (Dark gray or black background),Balanced (Moderate spacing - comfortable middle ground),"Pill-shaped (Fully rounded ends, very smooth)",Large Full screen (Takes up entire first screen),New Arrivals (Latest products added),User Photos (Photos uploaded by customers),"Countdown Timers (Show ""Sale ends in 2 hours"")",Rounded Corners,"Multi step (Separate pages for shipping, payment, review)","Filled Background (Shaded background, no border)",Detailed Full (All specifications and information visible),3,"2 Columns (Large product images, fewer items per row)","Moderate (Balanced - some details visible, click for more)","Text-focused (20% images, 80% text - detailed descriptions)",Balanced,Sidebar (Permanent navigation panel on the left),"Icon Only (Magnifying glass icon, opens search when clicked)",Text List (Simple text links),3,"Image Heavy (Large, prominent product photos)",With Savings Highlighted (Shows discount amount prominently),Sidebar Left (Permanent filter panel on the left side),Yes (Always visible sidebar with filters),Modal Popup (Product details appear in a centered overlay),Recent 3- 5 (Show a few recent reviews),Compact stacked cards (more products per screen),"Detailed (All information visible - specs, reviews, descriptions)","Balanced (50% images, 50% text - equal emphasis)",Balanced,Full-screen category menu,Collapsible (Search bar that expands when clicked),Visual Grid (Category tiles with images),"Image Heavy (Large, prominent product photos)",Bold Large (Price is the most prominent element),Drawer Overlay (Slides in from the side when clicked),Slide-Up Panel (Preview product details in a slide-up panel without leaving the product lis),Collapsible Sections (Reviews can be expanded or collapsed within the product details),Yes (Header stays at top while scrolling),"Standard (Normal size, more content visible)","Yes, Very Different (Completely different design for each device)",4,nan,nan
16/02/2026 14:36:37,Yes,18-24,Male,Undergraduate,Smartphone,Need-based (I shop when I need something specific),Quick (5-15 minutes - I know what I want),Important (Price is a major factor in my decisions),Often read reviews (For most purchases),Always try new brands (I love discovering new products),Slight influence (I notice but don't rely on them),"The Researcher (I thoroughly research products, read reviews, compare options, and take my time making informed decisions)",3,4,5,2,4,3,2,5,5,3,4,2,Excited,2. Classic Serif (Traditional fonts with decorative strokes like Times New Roman),"2. Medium (14-16px - Standard size, balanced)",Cool Blues (Blues and grays - calm and trustworthy),"Blue (Trustworthy, professional, calm)","Soft Color (Subtle tint - light blue, pink, etc.)",Balanced (Moderate spacing - comfortable middle ground),"Rounded Corners (Soft, modern rounded edges)",Medium Split (Takes up half the screen),Deals (Products on sale or special offers),Customer Reviews (Written reviews with ratings),"Stock Numbers (Show ""Only 3 left in stock"")",Rounded Corners,Progress Bar (Multi step with visual progress indicator),Material Design Style (Underline-focused field with animated label and focus accent),Expandable Sections (Organized into collapsible sections),3,"2 Columns (Large product images, fewer items per row)","Moderate (Balanced - some details visible, click for more)","Balanced (50% images, 50% text - equal emphasis)",Balanced,Sidebar (Permanent navigation panel on the left),"Always Visible Top (Large, prominent search bar always shown)",Visual Grid (Category tiles with images),3,"Info Rich (Lots of details, ratings, specs visible)",Subtle Small (Price is visible but not emphasized),Modal (Pops up in the center when clicked),Yes (Always visible sidebar with filters),Sidebar Slide (Details slide in from the right),Summary Only (Average rating and total count),Compact stacked cards (more products per screen),"Moderate (Balanced - some details visible, click for more)","Balanced (50% images, 50% text - equal emphasis)",Balanced,Bottom Nav (Navigation bar at the bottom - mobile style),"Always Visible Top (Large, prominent search bar always shown)",Visual Grid (Category tiles with images),"Info Rich (Lots of details, ratings, specs visible)",Strike-through Original (Shows original price crossed out with sale price),Drawer Overlay (Slides in from the side when clicked),Direct navigation (Each product card includes a button that takes you directly to the product page when tapped),Ratings Bar Only (Visual breakdown of star ratings),Yes (Header stays at top while scrolling),"Standard (Normal size, more content visible)","Yes, Very Different (Completely different design for each device)",4,friendly user interface minimal and modern design,laggy website sluggish design
16/02/2026 14:38:33,Yes,18-24,Male,Undergraduate,Smartphone,Need-based (I shop when I need something specific),Research-heavy (30+ minutes - I thoroughly research before buying),Very important (I always look for the best price),Never read reviews (I don't find them useful),Prefer familiar brands (I stick with what works),Moderate influence (They help me decide),"The Deal Hunter (I'm motivated by sales, discounts, and getting the best value. I wait for promotions)",3,5,5,4,5,3,1,5,3,4,1,5,Relaxed,"3. Rounded Friendly (Soft, approachable fonts with rounded edges)","3. Large (16-18px - Easy to read, comfortable)",Dark Mode (Dark backgrounds with light text - modern and easy on eyes),"Red (Bold, urgent, attention-grabbing)","Cream/Off-white (Warm, comfortable, paper-like)",Balanced (Moderate spacing - comfortable middle ground),"Sharp Square (Clean, professional 90-degree corners)",Medium Split (Takes up half the screen),Trending (What's popular right now),None (I don't need social proof indicators),Both (Show both stock and time based urgency),Rounded Corners,"Multi step (Separate pages for shipping, payment, review)",Outlined (Border around the field),Expandable Sections (Organized into collapsible sections),3,List View (One product per row with details on the side),"Minimal (Only key information - product name, price, image)","Image-focused (80% images, 20% text - highly visual)",Balanced,Sidebar (Permanent navigation panel on the left),"Always Visible Top (Large, prominent search bar always shown)",Dropdown Menu (Text-based dropdown list),3,"Minimal Clean (Simple image, name, price - no clutter)",With Comparison (Shows similar products' prices),Top Bar (Filters displayed across the top),Yes (Always visible sidebar with filters),Sidebar Slide (Details slide in from the right),Recent 3- 5 (Show a few recent reviews),Single-column large cards (easy to scroll and tap),"Moderate (Balanced - some details visible, click for more)","Image-focused (80% images, 20% text - highly visual)",Balanced,Hamburger Menu (Three-line icon that opens a side menu),"Icon Only (Magnifying glass icon, opens search when clicked)",Visual Grid (Category tiles with images),"Minimal Clean (Simple image, name, price - no clutter)",Strike-through Original (Shows original price crossed out with sale price),Bottom Sheet (Slides up from bottom mobile style),Direct navigation (Each product card includes a button that takes you directly to the product page when tapped),Summary Only (Average rating and total count),Yes (Header stays at top while scrolling),"Large (Easier to tap, less content visible)","Yes, Very Different (Completely different design for each device)",5,good customer support,bad customer support
16/02/2026 14:38:46,Yes,18-24,Female,Undergraduate,Smartphone,Need-based (I shop when I need something specific),Moderate (15-30 minutes - I compare a few options),Very important (I always look for the best price),Often read reviews (For most purchases),Balanced (I mix familiar and new brands),Moderate influence (They help me decide),"The Browser (I enjoy browsing and discovering products, often without immediate purchase intent)",3,3,4,2,3,3,1,4,3,4,4,3,Stressed,"1. Modern Sans-serif (Clean, contemporary fonts like Arial or Helvetica)","2. Medium (14-16px - Standard size, balanced)","Warm Earthy (Browns, beiges, warm oranges - natural and cozy)","Red (Bold, urgent, attention-grabbing)","Light Gray (Soft, reduces eye strain)","Spacious (Lots of spacing - clean, uncluttered, breathing room)","Sharp Square (Clean, professional 90-degree corners)",Large Full screen (Takes up entire first screen),Trending (What's popular right now),"Bestseller Badges (""Most Popular"" or ""Bestseller"" tags)",None (I find these annoying and manipulative),Rounded Corners,Express Checkout (One click purchase with saved info),Underlined/ Minimal (Line underneath only),Moderate (Key details with option to expand),3,"2 Columns (Large product images, fewer items per row)","Minimal (Only key information - product name, price, image)","Balanced (50% images, 50% text - equal emphasis)",Balanced,Mega Menu (Dropdown with images and subcategories),"Always Visible Top (Large, prominent search bar always shown)",Dropdown Menu (Text-based dropdown list),3,"Minimal Clean (Simple image, name, price - no clutter)",Strike-through Original (Shows original price crossed out with sale price),Sidebar Left (Permanent filter panel on the left side),Yes (Always visible sidebar with filters),Sidebar Slide (Details slide in from the right),Ratings Bar Only (Visual breakdown of star ratings),Single-column large cards (easy to scroll and tap),"Minimal (Only key information - product name, price, image)","Image-focused (80% images, 20% text - highly visual)",Compact (more content visible),Hamburger Menu (Three-line icon that opens a side menu),"Icon Only (Magnifying glass icon, opens search when clicked)",Dropdown Menu (Text-based dropdown list),"Minimal Clean (Simple image, name, price - no clutter)",Bold Large (Price is the most prominent element),Bottom Sheet (Slides up from bottom mobile style),Slide-Up Panel (Preview product details in a slide-up panel without leaving the product lis),Summary Only (Average rating and total count),Yes (Header stays at top while scrolling),"Large (Easier to tap, less content visible)","Yes, Very Different (Completely different design for each device)",2,nan,nan
16/02/2026 14:41:08,Yes,18-24,Male,College,Smartphone,Entertainment (I browse for fun and enjoyment),Research-heavy (30+ minutes - I thoroughly research before buying),Moderately important (I balance price and quality),Sometimes read reviews (For certain product types),Often try new brands (I'm open to switching),Moderate influence (They help me decide),"The Browser (I enjoy browsing and discovering products, often without immediate purchase intent)",3,2,3,4,2,3,1,4,3,5,4,4,Bored,2. Classic Serif (Traditional fonts with decorative strokes like Times New Roman),"3. Large (16-18px - Easy to read, comfortable)",Dark Mode (Dark backgrounds with light text - modern and easy on eyes),"Blue (Trustworthy, professional, calm)",Dark (Dark gray or black background),Compact (Minimal spacing - more content visible at once),"Rounded Corners (Soft, modern rounded edges)",Small Strip (Thin banner across the top),Deals (Products on sale or special offers),None (I don't need social proof indicators),Both (Show both stock and time based urgency),Rounded Corners,One Page (All checkout steps on a single scrolling page),Underlined/ Minimal (Line underneath only),Brief Summary (Just the essential information),3,List View (One product per row with details on the side),"Minimal (Only key information - product name, price, image)","Image-focused (80% images, 20% text - highly visual)",Compact (more content visible),Top Bar (Categories always visible across the top),"Always Visible Top (Large, prominent search bar always shown)",Visual Grid (Category tiles with images),3,"Minimal Clean (Simple image, name, price - no clutter)",Bold Large (Price is the most prominent element),Modal (Pops up in the center when clicked),No (Prefer filters in a different location),Modal Popup (Product details appear in a centered overlay),Ratings Bar Only (Visual breakdown of star ratings),List view with expandable details,"Minimal (Only key information - product name, price, image)","Image-focused (80% images, 20% text - highly visual)",Compact (more content visible),Hamburger Menu (Three-line icon that opens a side menu),"Icon Only (Magnifying glass icon, opens search when clicked)",Visual Grid (Category tiles with images),"Image Heavy (Large, prominent product photos)",Bold Large (Price is the most prominent element),Drawer Overlay (Slides in from the side when clicked),No Quick View (I prefer to go to the full product page),Summary Only (Average rating and total count),No (Header scrolls away with content),"Standard (Normal size, more content visible)",Somewhat Different (Adapted but recognizable),5,"Smoothness, large selection of products visible at one time and easy filtering","laggyness, hard to use sites that feel cheap or made in a rush that are hard to navigate"
16/02/2026 14:46:08,Yes,18-24,Female,Undergraduate,Smartphone,Entertainment (I browse for fun and enjoyment),Moderate (15-30 minutes - I compare a few options),Moderately important (I balance price and quality),Always read reviews (I won't buy without checking reviews),Always try new brands (I love discovering new products),Strong influence (They significantly affect my choices),"The Impulsive Buyer (I make quick decisions based on intuition and emotion. If I like it, I buy it)",3,3,4,4,5,3,5,4,3,3,3,4,Bored,"3. Rounded Friendly (Soft, approachable fonts with rounded edges)","3. Large (16-18px - Easy to read, comfortable)","Warm Earthy (Browns, beiges, warm oranges - natural and cozy)","Green (Natural, positive, go-ahead)","Light Gray (Soft, reduces eye strain)",Balanced (Moderate spacing - comfortable middle ground),"Pill-shaped (Fully rounded ends, very smooth)",Medium Split (Takes up half the screen),Trending (What's popular right now),User Photos (Photos uploaded by customers),"Stock Numbers (Show ""Only 3 left in stock"")",Rounded Corners,Progress Bar (Multi step with visual progress indicator),Floating Labels (Label moves up when you type),Expandable Sections (Organized into collapsible sections),3,"3 Columns (Balanced view, moderate item size)","Moderate (Balanced - some details visible, click for more)","Image-focused (80% images, 20% text - highly visual)",Spacious (clean and uncluttered),Top Bar (Categories always visible across the top),Collapsible (Search bar that expands when clicked),Visual Grid (Category tiles with images),3,"Image Heavy (Large, prominent product photos)",Bold Large (Price is the most prominent element),Top Bar (Filters displayed across the top),Yes (Always visible sidebar with filters),Sidebar Slide (Details slide in from the right),All Paginated (Show all reviews with pagination),List view with expandable details,"Moderate (Balanced - some details visible, click for more)","Balanced (50% images, 50% text - equal emphasis)",Balanced,Bottom Nav (Navigation bar at the bottom - mobile style),"Always Visible Top (Large, prominent search bar always shown)",Dropdown Menu (Text-based dropdown list),"Info Rich (Lots of details, ratings, specs visible)",Strike-through Original (Shows original price crossed out with sale price),Bottom Sheet (Slides up from bottom mobile style),Slide-Up Panel (Preview product details in a slide-up panel without leaving the product lis),Collapsible Sections (Reviews can be expanded or collapsed within the product details),Yes (Header stays at top while scrolling),"Standard (Normal size, more content visible)",Somewhat Different (Adapted but recognizable),4,easy to navigate and easy to use,when its hard to look for a product and its not divided into clear categories
16/02/2026 14:47:41,Yes,18-24,Male,Undergraduate,Smartphone,Need-based (I shop when I need something specific),Moderate (15-30 minutes - I compare a few options),Moderately important (I balance price and quality),Always read reviews (I won't buy without checking reviews),Balanced (I mix familiar and new brands),Moderate influence (They help me decide),"The Researcher (I thoroughly research products, read reviews, compare options, and take my time making informed decisions)",3,5,3,3,4,3,4,3,3,4,2,4,Relaxed,2. Classic Serif (Traditional fonts with decorative strokes like Times New Roman),"3. Large (16-18px - Easy to read, comfortable)","Warm Earthy (Browns, beiges, warm oranges - natural and cozy)","Blue (Trustworthy, professional, calm)","Light Gray (Soft, reduces eye strain)","Spacious (Lots of spacing - clean, uncluttered, breathing room)","Rounded Corners (Soft, modern rounded edges)",Medium Split (Takes up half the screen),Category based (Similar items from the same category),User Photos (Photos uploaded by customers),Both (Show both stock and time based urgency),Rounded Corners,Progress Bar (Multi step with visual progress indicator),Rounded Border Fields (Outlined field with rounded corners),Expandable Sections (Organized into collapsible sections),3,"3 Columns (Balanced view, moderate item size)","Moderate (Balanced - some details visible, click for more)","Balanced (50% images, 50% text - equal emphasis)",Balanced,Sidebar (Permanent navigation panel on the left),"Always Visible Top (Large, prominent search bar always shown)",Visual Grid (Category tiles with images),3,"Badge Heavy (Shows bestseller, new, sale badges prominently)",Strike-through Original (Shows original price crossed out with sale price),Modal (Pops up in the center when clicked),No (Prefer filters in a different location),Modal Popup (Product details appear in a centered overlay),All Paginated (Show all reviews with pagination),Compact stacked cards (more products per screen),"Moderate (Balanced - some details visible, click for more)","Balanced (50% images, 50% text - equal emphasis)",Balanced,Hamburger Menu (Three-line icon that opens a side menu),"Icon Only (Magnifying glass icon, opens search when clicked)",Visual Grid (Category tiles with images),"Info Rich (Lots of details, ratings, specs visible)",Simple Display (Price is visible but not emphasized),Drawer Overlay (Slides in from the side when clicked),Slide-Up Panel (Preview product details in a slide-up panel without leaving the product lis),Collapsible Sections (Reviews can be expanded or collapsed within the product details),No (Header scrolls away with content),"Large (Easier to tap, less content visible)",Somewhat Different (Adapted but recognizable),4,"Simple and straighthrough UI experience where i can directly find what i need to find and allowing me to purchase it in a direct, clear matter",Uneven UI and the amount of steps it takes to reach/find the product that i need.
16/02/2026 14:48:30,Yes,18-24,Male,Undergraduate,Smartphone,Entertainment (I browse for fun and enjoyment),Quick (5-15 minutes - I know what I want),Important (Price is a major factor in my decisions),Often read reviews (For most purchases),Prefer familiar brands (I stick with what works),Very strong influence (I primarily buy popular items),"The Minimalist (I want simple, efficient shopping. Show me what I need with minimal fuss)",3,3,4,4,3,3,2,3,4,4,3,5,Relaxed,"1. Modern Sans-serif (Clean, contemporary fonts like Arial or Helvetica)","2. Medium (14-16px - Standard size, balanced)","Minimalist Black & White (Clean, high contrast, professional)","Blue (Trustworthy, professional, calm)","Light Gray (Soft, reduces eye strain)",Balanced (Moderate spacing - comfortable middle ground),Raised / Shadowed (Button with shadow or depth effect),Large Full screen (Takes up entire first screen),Deals (Products on sale or special offers),Customer Reviews (Written reviews with ratings),"Stock Numbers (Show ""Only 3 left in stock"")",Rounded Corners,One Page (All checkout steps on a single scrolling page),Underlined/ Minimal (Line underneath only),Expandable Sections (Organized into collapsible sections),3,"3 Columns (Balanced view, moderate item size)","Moderate (Balanced - some details visible, click for more)","Image-focused (80% images, 20% text - highly visual)",Compact (more content visible),Top Bar (Categories always visible across the top),Collapsible (Search bar that expands when clicked),Dropdown Menu (Text-based dropdown list),3,"Minimal Clean (Simple image, name, price - no clutter)",With Comparison (Shows similar products' prices),Top Bar (Filters displayed across the top),No (Prefer filters in a different location),Sidebar Slide (Details slide in from the right),Recent 3- 5 (Show a few recent reviews),Compact stacked cards (more products per screen),"Detailed (All information visible - specs, reviews, descriptions)","Balanced (50% images, 50% text - equal emphasis)",Balanced,Hamburger Menu (Three-line icon that opens a side menu),"Always Visible Top (Large, prominent search bar always shown)",Visual Grid (Category tiles with images),"Badge Heavy (Shows bestseller, new, sale badges prominently)",Simple Display (Price is visible but not emphasized),Bottom Sheet (Slides up from bottom mobile style),No Quick View (I prefer to go to the full product page),Ratings Bar Only (Visual breakdown of star ratings),Yes (Header stays at top while scrolling),"Standard (Normal size, more content visible)","Yes, Very Different (Completely different design for each device)",4,Seeing relevant products based on my recent activity Artistic design for good branding,shopping cart gets cleared when I close the site before checkout
16/02/2026 14:50:59,Yes,18-24,Male,Undergraduate,Smartphone,Need-based (I shop when I need something specific),Quick (5-15 minutes - I know what I want),Important (Price is a major factor in my decisions),Rarely read reviews (Only for expensive items),Prefer familiar brands (I stick with what works),Moderate influence (They help me decide),"The Deal Hunter (I'm motivated by sales, discounts, and getting the best value. I wait for promotions)",3,4,5,2,4,3,3,4,2,4,1,4,Happy,"1. Modern Sans-serif (Clean, contemporary fonts like Arial or Helvetica)","3. Large (16-18px - Easy to read, comfortable)",Cool Blues (Blues and grays - calm and trustworthy),"Blue (Trustworthy, professional, calm)","Pure White (Clean, bright, maximum contrast)",Balanced (Moderate spacing - comfortable middle ground),"Rounded Corners (Soft, modern rounded edges)",Medium Split (Takes up half the screen),New Arrivals (Latest products added),"Bestseller Badges (""Most Popular"" or ""Bestseller"" tags)",None (I find these annoying and manipulative),Rounded Corners,Progress Bar (Multi step with visual progress indicator),Rounded Border Fields (Outlined field with rounded corners),Expandable Sections (Organized into collapsible sections),3,"4 Columns (Compact view, many items visible at once)","Minimal (Only key information - product name, price, image)","Image-focused (80% images, 20% text - highly visual)",Balanced,Top Bar (Categories always visible across the top),Collapsible (Search bar that expands when clicked),Dropdown Menu (Text-based dropdown list),3,"Minimal Clean (Simple image, name, price - no clutter)",With Savings Highlighted (Shows discount amount prominently),Top Bar (Filters displayed across the top),Yes (Always visible sidebar with filters),No Quick View (I prefer to go to the full product page),Recent 3- 5 (Show a few recent reviews),Single-column large cards (easy to scroll and tap),"Moderate (Balanced - some details visible, click for more)","Balanced (50% images, 50% text - equal emphasis)",Balanced,Bottom Nav (Navigation bar at the bottom - mobile style),"Icon Only (Magnifying glass icon, opens search when clicked)",Visual Grid (Category tiles with images),"Image Heavy (Large, prominent product photos)",Strike-through Original (Shows original price crossed out with sale price),Bottom Sheet (Slides up from bottom mobile style),No Quick View (I prefer to go to the full product page),Ratings Bar Only (Visual breakdown of star ratings),No (Header scrolls away with content),"Large (Easier to tap, less content visible)","Yes, Very Different (Completely different design for each device)",3,nan,nan
16/02/2026 14:51:04,Yes,18-24,Male,Undergraduate,Smartphone,Entertainment (I browse for fun and enjoyment),Moderate (15-30 minutes - I compare a few options),Moderately important (I balance price and quality),Sometimes read reviews (For certain product types),Always try new brands (I love discovering new products),Strong influence (They significantly affect my choices),"The Browser (I enjoy browsing and discovering products, often without immediate purchase intent)",3,4,3,5,4,3,2,5,5,3,3,5,Bored,"1. Modern Sans-serif (Clean, contemporary fonts like Arial or Helvetica)",4. Extra Large (18+px - Maximum readability),"Warm Earthy (Browns, beiges, warm oranges - natural and cozy)","Blue (Trustworthy, professional, calm)","Pure White (Clean, bright, maximum contrast)",Balanced (Moderate spacing - comfortable middle ground),"Pill-shaped (Fully rounded ends, very smooth)",Medium Split (Takes up half the screen),Trending (What's popular right now),"Bestseller Badges (""Most Popular"" or ""Bestseller"" tags)",Both (Show both stock and time based urgency),Rounded Corners,One Page (All checkout steps on a single scrolling page),Outlined (Border around the field),Moderate (Key details with option to expand),3,"4 Columns (Compact view, many items visible at once)","Detailed (All information visible - specs, reviews, descriptions)","Image-focused (80% images, 20% text - highly visual)",Balanced,Sidebar (Permanent navigation panel on the left),"Always Visible Top (Large, prominent search bar always shown)",Dropdown Menu (Text-based dropdown list),3,"Badge Heavy (Shows bestseller, new, sale badges prominently)",Subtle Small (Price is visible but not emphasized),Sidebar Left (Permanent filter panel on the left side),Yes (Always visible sidebar with filters),New Tab (Opens product in a new browser tab),Recent 3- 5 (Show a few recent reviews),Compact stacked cards (more products per screen),"Moderate (Balanced - some details visible, click for more)","Balanced (50% images, 50% text - equal emphasis)",Spacious (clean and uncluttered),Bottom Nav (Navigation bar at the bottom - mobile style),"Icon Only (Magnifying glass icon, opens search when clicked)",Dropdown Menu (Text-based dropdown list),"Minimal Clean (Simple image, name, price - no clutter)",Strike-through Original (Shows original price crossed out with sale price),Drawer Overlay (Slides in from the side when clicked),No Quick View (I prefer to go to the full product page),Collapsible Sections (Reviews can be expanded or collapsed within the product details),Yes (Header stays at top while scrolling),"Large (Easier to tap, less content visible)",Somewhat Different (Adapted but recognizable),3,I Honestly take Mariam’s shopping advice,When I find items low on stock
16/02/2026 14:54:00,Yes,18-24,Male,Undergraduate,Smartphone,Need-based (I shop when I need something specific),Research-heavy (30+ minutes - I thoroughly research before buying),Somewhat unimportant (Price matters but isn't a dealbreaker),Often read reviews (For most purchases),Prefer familiar brands (I stick with what works),Moderate influence (They help me decide),"The Researcher (I thoroughly research products, read reviews, compare options, and take my time making informed decisions)",3,3,5,3,3,3,5,4,5,5,4,5,Relaxed,2. Classic Serif (Traditional fonts with decorative strokes like Times New Roman),4. Extra Large (18+px - Maximum readability),Dark Mode (Dark backgrounds with light text - modern and easy on eyes),"Yellow (Cheerful, optimistic, bright)",Dark (Dark gray or black background),Compact (Minimal spacing - more content visible at once),"Pill-shaped (Fully rounded ends, very smooth)",Medium Split (Takes up half the screen),Deals (Products on sale or special offers),"Bestseller Badges (""Most Popular"" or ""Bestseller"" tags)",Both (Show both stock and time based urgency),Rounded Corners,One Page (All checkout steps on a single scrolling page),"Filled Background (Shaded background, no border)",Expandable Sections (Organized into collapsible sections),3,"3 Columns (Balanced view, moderate item size)","Moderate (Balanced - some details visible, click for more)","Image-focused (80% images, 20% text - highly visual)",Spacious (clean and uncluttered),Sidebar (Permanent navigation panel on the left),"Always Visible Top (Large, prominent search bar always shown)",Visual Grid (Category tiles with images),3,"Info Rich (Lots of details, ratings, specs visible)",With Savings Highlighted (Shows discount amount prominently),Top Bar (Filters displayed across the top),Yes (Always visible sidebar with filters),Sidebar Slide (Details slide in from the right),Ratings Bar Only (Visual breakdown of star ratings),Compact stacked cards (more products per screen),"Moderate (Balanced - some details visible, click for more)","Balanced (50% images, 50% text - equal emphasis)",Balanced,Bottom Nav (Navigation bar at the bottom - mobile style),Collapsible (Search bar that expands when clicked),Visual Grid (Category tiles with images),"Info Rich (Lots of details, ratings, specs visible)",Strike-through Original (Shows original price crossed out with sale price),Drawer Overlay (Slides in from the side when clicked),No Quick View (I prefer to go to the full product page),Summary Only (Average rating and total count),Yes (Header stays at top while scrolling),"Standard (Normal size, more content visible)",Somewhat Different (Adapted but recognizable),5,"I love when the website is clean look, simple and straightforward","When the site isn't clean, clear and not straight forward"
16/02/2026 15:10:30,Yes,18-24,Male,Undergraduate,Smartphone,Need-based (I shop when I need something specific),Moderate (15-30 minutes - I compare a few options),Somewhat unimportant (Price matters but isn't a dealbreaker),Often read reviews (For most purchases),Prefer familiar brands (I stick with what works),Slight influence (I notice but don't rely on them),"The Deal Hunter (I'm motivated by sales, discounts, and getting the best value. I wait for promotions)",3,3,2,2,4,3,3,5,3,3,3,3,Happy,2. Classic Serif (Traditional fonts with decorative strokes like Times New Roman),"2. Medium (14-16px - Standard size, balanced)","Warm Earthy (Browns, beiges, warm oranges - natural and cozy)","Blue (Trustworthy, professional, calm)","Light Gray (Soft, reduces eye strain)",Balanced (Moderate spacing - comfortable middle ground),"Pill-shaped (Fully rounded ends, very smooth)",Medium Split (Takes up half the screen),Deals (Products on sale or special offers),User Photos (Photos uploaded by customers),Only on Request (Show only if I ask),Rounded Corners,"Multi step (Separate pages for shipping, payment, review)","Filled Background (Shaded background, no border)",Moderate (Key details with option to expand),3,List View (One product per row with details on the side),"Moderate (Balanced - some details visible, click for more)","Balanced (50% images, 50% text - equal emphasis)",Balanced,Top Bar (Categories always visible across the top),"Always Visible Top (Large, prominent search bar always shown)",Text List (Simple text links),3,"Badge Heavy (Shows bestseller, new, sale badges prominently)",With Comparison (Shows similar products' prices),Modal (Pops up in the center when clicked),Yes (Always visible sidebar with filters),Modal Popup (Product details appear in a centered overlay),All Paginated (Show all reviews with pagination),Compact stacked cards (more products per screen),"Moderate (Balanced - some details visible, click for more)","Balanced (50% images, 50% text - equal emphasis)",Balanced,Bottom Nav (Navigation bar at the bottom - mobile style),Collapsible (Search bar that expands when clicked),Dropdown Menu (Text-based dropdown list),"Info Rich (Lots of details, ratings, specs visible)",Strike-through Original (Shows original price crossed out with sale price),Drawer Overlay (Slides in from the side when clicked),Slide-Up Panel (Preview product details in a slide-up panel without leaving the product lis),Summary Only (Average rating and total count),No (Header scrolls away with content),"Standard (Normal size, more content visible)",Somewhat Different (Adapted but recognizable),3,The vibe,When it’s not dynamically active or boring
19/02/2026 10:10:20,Yes,18-24,Male,Undergraduate,Smartphone,Entertainment (I browse for fun and enjoyment),Moderate (15-30 minutes - I compare a few options),Moderately important (I balance price and quality),Sometimes read reviews (For certain product types),Balanced (I mix familiar and new brands),Moderate influence (They help me decide),"The Deal Hunter (I'm motivated by sales, discounts, and getting the best value. I wait for promotions)",3,3,1,5,3,3,4,1,3,3,3,5,Bored,"3. Rounded Friendly (Soft, approachable fonts with rounded edges)","3. Large (16-18px - Easy to read, comfortable)",Cool Blues (Blues and grays - calm and trustworthy),"Green (Natural, positive, go-ahead)","Soft Color (Subtle tint - light blue, pink, etc.)",Balanced (Moderate spacing - comfortable middle ground),"Pill-shaped (Fully rounded ends, very smooth)",Medium Split (Takes up half the screen),Deals (Products on sale or special offers),User Photos (Photos uploaded by customers),None (I find these annoying and manipulative),Rounded Corners,Accordion (Expandable sections on one page),Rounded Border Fields (Outlined field with rounded corners),Expandable Sections (Organized into collapsible sections),3,"4 Columns (Compact view, many items visible at once)","Minimal (Only key information - product name, price, image)","Balanced (50% images, 50% text - equal emphasis)",Balanced,Sidebar (Permanent navigation panel on the left),Collapsible (Search bar that expands when clicked),Dropdown Menu (Text-based dropdown list),3,"Info Rich (Lots of details, ratings, specs visible)",Subtle Small (Price is visible but not emphasized),Modal (Pops up in the center when clicked),No (Prefer filters in a different location),Sidebar Slide (Details slide in from the right),All Paginated (Show all reviews with pagination),Swipeable horizontal cards (carousel style),"Moderate (Balanced - some details visible, click for more)","Balanced (50% images, 50% text - equal emphasis)",Balanced,Bottom Nav (Navigation bar at the bottom - mobile style),"Always Visible Top (Large, prominent search bar always shown)",Dropdown Menu (Text-based dropdown list),"Info Rich (Lots of details, ratings, specs visible)",Simple Display (Price is visible but not emphasized),Drawer Overlay (Slides in from the side when clicked),Slide-Up Panel (Preview product details in a slide-up panel without leaving the product lis),Summary Only (Average rating and total count),Yes (Header stays at top while scrolling),"Large (Easier to tap, less content visible)",Somewhat Different (Adapted but recognizable),3,Having a design that is comfortable to look at,nan
19/02/2026 10:11:10,Yes,18-24,Male,Undergraduate,Smartphone,Research (I like exploring products and learning about them),Impulsive (Less than 5 minutes - I decide quickly),Very important (I always look for the best price),Rarely read reviews (Only for expensive items),Balanced (I mix familiar and new brands),Very strong influence (I primarily buy popular items),"The Impulsive Buyer (I make quick decisions based on intuition and emotion. If I like it, I buy it)",3,3,5,3,5,3,5,2,3,3,4,5,Relaxed,"3. Rounded Friendly (Soft, approachable fonts with rounded edges)","1. Small (12-14px - Compact, more content visible)",Dark Mode (Dark backgrounds with light text - modern and easy on eyes),"Red (Bold, urgent, attention-grabbing)","Cream/Off-white (Warm, comfortable, paper-like)",Balanced (Moderate spacing - comfortable middle ground),"Pill-shaped (Fully rounded ends, very smooth)",Large Full screen (Takes up entire first screen),Category based (Similar items from the same category),User Photos (Photos uploaded by customers),Both (Show both stock and time based urgency),Rounded Corners,"Multi step (Separate pages for shipping, payment, review)",Outlined (Border around the field),Moderate (Key details with option to expand),3,"3 Columns (Balanced view, moderate item size)","Moderate (Balanced - some details visible, click for more)","Balanced (50% images, 50% text - equal emphasis)",Balanced,Mega Menu (Dropdown with images and subcategories),Collapsible (Search bar that expands when clicked),Visual Grid (Category tiles with images),3,"Info Rich (Lots of details, ratings, specs visible)",With Comparison (Shows similar products' prices),Sidebar Left (Permanent filter panel on the left side),Yes (Always visible sidebar with filters),Modal Popup (Product details appear in a centered overlay),Recent 3- 5 (Show a few recent reviews),Compact stacked cards (more products per screen),"Moderate (Balanced - some details visible, click for more)","Balanced (50% images, 50% text - equal emphasis)",Balanced,Full-screen category menu,Collapsible (Search bar that expands when clicked),Dropdown Menu (Text-based dropdown list),"Info Rich (Lots of details, ratings, specs visible)",Strike-through Original (Shows original price crossed out with sale price),Drawer Overlay (Slides in from the side when clicked),Slide-Up Panel (Preview product details in a slide-up panel without leaving the product lis),Collapsible Sections (Reviews can be expanded or collapsed within the product details),No (Header scrolls away with content),"Large (Easier to tap, less content visible)","Yes, Very Different (Completely different design for each device)",3,User experience,Bad design
19/02/2026 10:11:28,Yes,18-24,Female,Undergraduate,Smartphone,Deal-hunting (I look for sales and discounts),Research-heavy (30+ minutes - I thoroughly research before buying),Important (Price is a major factor in my decisions),Sometimes read reviews (For certain product types),Balanced (I mix familiar and new brands),No influence (I ignore these indicators),"The Deal Hunter (I'm motivated by sales, discounts, and getting the best value. I wait for promotions)",3,4,4,3,4,3,2,4,2,5,4,3,Neutral,"3. Rounded Friendly (Soft, approachable fonts with rounded edges)","3. Large (16-18px - Easy to read, comfortable)","Vibrant Bold (Bright, energetic colors - exciting and dynamic)","Pink (Playful, modern, soft)","Pure White (Clean, bright, maximum contrast)","Spacious (Lots of spacing - clean, uncluttered, breathing room)","Sharp Square (Clean, professional 90-degree corners)",Small Strip (Thin banner across the top),Deals (Products on sale or special offers),"Bestseller Badges (""Most Popular"" or ""Bestseller"" tags)",None (I find these annoying and manipulative),Rounded Corners,Progress Bar (Multi step with visual progress indicator),Rounded Border Fields (Outlined field with rounded corners),Expandable Sections (Organized into collapsible sections),3,"4 Columns (Compact view, many items visible at once)","Detailed (All information visible - specs, reviews, descriptions)","Image-focused (80% images, 20% text - highly visual)",Spacious (clean and uncluttered),Sidebar (Permanent navigation panel on the left),"Icon Only (Magnifying glass icon, opens search when clicked)",Mega Menu with Images (Large dropdown with category images and subcategories),3,"Minimal Clean (Simple image, name, price - no clutter)",With Comparison (Shows similar products' prices),Sidebar Left (Permanent filter panel on the left side),No (Prefer filters in a different location),Modal Popup (Product details appear in a centered overlay),Summary Only (Average rating and total count),Compact stacked cards (more products per screen),"Minimal (Only key information - product name, price, image)","Image-focused (80% images, 20% text - highly visual)",Compact (more content visible),Hamburger Menu (Three-line icon that opens a side menu),"Icon Only (Magnifying glass icon, opens search when clicked)",Visual Grid (Category tiles with images),"Image Heavy (Large, prominent product photos)",Bold Large (Price is the most prominent element),Bottom Sheet (Slides up from bottom mobile style),No Quick View (I prefer to go to the full product page),Summary Only (Average rating and total count),Yes (Header stays at top while scrolling),"Large (Easier to tap, less content visible)",Similar (Mostly the same with minor adjustments),3,nan,nan
19/02/2026 10:11:30,Yes,18-24,Male,Undergraduate,Laptop/Desktop,Deal-hunting (I look for sales and discounts),Impulsive (Less than 5 minutes - I decide quickly),Moderately important (I balance price and quality),Always read reviews (I won't buy without checking reviews),Prefer familiar brands (I stick with what works),Moderate influence (They help me decide),"The Minimalist (I want simple, efficient shopping. Show me what I need with minimal fuss)",3,3,2,5,1,3,1,3,4,3,5,5,Stressed,"4. Bold Impact (Strong, attention-grabbing fonts)","1. Small (12-14px - Compact, more content visible)","Minimalist Black & White (Clean, high contrast, professional)","Blue (Trustworthy, professional, calm)","Cream/Off-white (Warm, comfortable, paper-like)",Balanced (Moderate spacing - comfortable middle ground),"Rounded Corners (Soft, modern rounded edges)",Small Strip (Thin banner across the top),Deals (Products on sale or special offers),User Photos (Photos uploaded by customers),Both (Show both stock and time based urgency),Rounded Corners,One Page (All checkout steps on a single scrolling page),Outlined (Border around the field),Detailed Full (All specifications and information visible),3,"4 Columns (Compact view, many items visible at once)","Moderate (Balanced - some details visible, click for more)","Text-focused (20% images, 80% text - detailed descriptions)",Balanced,Mega Menu (Dropdown with images and subcategories),"Icon Only (Magnifying glass icon, opens search when clicked)",Dropdown Menu (Text-based dropdown list),3,"Minimal Clean (Simple image, name, price - no clutter)",Bold Large (Price is the most prominent element),Sidebar Left (Permanent filter panel on the left side),Yes (Always visible sidebar with filters),Modal Popup (Product details appear in a centered overlay),Ratings Bar Only (Visual breakdown of star ratings),Single-column large cards (easy to scroll and tap),"Moderate (Balanced - some details visible, click for more)","Balanced (50% images, 50% text - equal emphasis)",Compact (more content visible),Hamburger Menu (Three-line icon that opens a side menu),"Icon Only (Magnifying glass icon, opens search when clicked)",Dropdown Menu (Text-based dropdown list),"Minimal Clean (Simple image, name, price - no clutter)",Strike-through Original (Shows original price crossed out with sale price),Bottom Sheet (Slides up from bottom mobile style),No Quick View (I prefer to go to the full product page),Collapsible Sections (Reviews can be expanded or collapsed within the product details),No (Header scrolls away with content),"Standard (Normal size, more content visible)",Somewhat Different (Adapted but recognizable),5,I like when websites r easy to navigate and don’t require too much effort,nan
19/02/2026 10:13:19,Yes,18-24,Male,Undergraduate,Laptop/Desktop,Need-based (I shop when I need something specific),Research-heavy (30+ minutes - I thoroughly research before buying),Very important (I always look for the best price),Sometimes read reviews (For certain product types),Prefer familiar brands (I stick with what works),Slight influence (I notice but don't rely on them),"The Minimalist (I want simple, efficient shopping. Show me what I need with minimal fuss)",3,3,3,5,5,3,4,2,3,4,3,4,Neutral,"3. Rounded Friendly (Soft, approachable fonts with rounded edges)","3. Large (16-18px - Easy to read, comfortable)","Warm Earthy (Browns, beiges, warm oranges - natural and cozy)","Blue (Trustworthy, professional, calm)",Dark (Dark gray or black background),Balanced (Moderate spacing - comfortable middle ground),"Rounded Corners (Soft, modern rounded edges)",Small Strip (Thin banner across the top),Deals (Products on sale or special offers),None (I don't need social proof indicators),Both (Show both stock and time based urgency),Rounded Corners,Express Checkout (One click purchase with saved info),"Filled Background (Shaded background, no border)",Moderate (Key details with option to expand),3,"2 Columns (Large product images, fewer items per row)","Detailed (All information visible - specs, reviews, descriptions)","Balanced (50% images, 50% text - equal emphasis)",Balanced,Top Bar (Categories always visible across the top),"Always Visible Top (Large, prominent search bar always shown)",Visual Grid (Category tiles with images),3,Card with Shadow (Raised card effect with drop shadow),With Comparison (Shows similar products' prices),Modal (Pops up in the center when clicked),Yes (Always visible sidebar with filters),Modal Popup (Product details appear in a centered overlay),Recent 3- 5 (Show a few recent reviews),Compact stacked cards (more products per screen),"Moderate (Balanced - some details visible, click for more)","Balanced (50% images, 50% text - equal emphasis)",Balanced,Bottom Nav (Navigation bar at the bottom - mobile style),Collapsible (Search bar that expands when clicked),Visual Grid (Category tiles with images),"Minimal Clean (Simple image, name, price - no clutter)",Simple Display (Price is visible but not emphasized),Bottom Sheet (Slides up from bottom mobile style),No Quick View (I prefer to go to the full product page),Summary Only (Average rating and total count),Yes (Header stays at top while scrolling),"Standard (Normal size, more content visible)",Somewhat Different (Adapted but recognizable),4,Smooth and easy access to wanted object,No clear instructions and and navigation
19/02/2026 10:13:33,Yes,18-24,Male,Undergraduate,Laptop/Desktop,Research (I like exploring products and learning about them),Moderate (15-30 minutes - I compare a few options),Moderately important (I balance price and quality),Rarely read reviews (Only for expensive items),Prefer familiar brands (I stick with what works),Strong influence (They significantly affect my choices),"The Minimalist (I want simple, efficient shopping. Show me what I need with minimal fuss)",3,4,3,5,4,3,2,3,2,3,2,3,Relaxed,"4. Bold Impact (Strong, attention-grabbing fonts)","3. Large (16-18px - Easy to read, comfortable)","Warm Earthy (Browns, beiges, warm oranges - natural and cozy)","Blue (Trustworthy, professional, calm)","Cream/Off-white (Warm, comfortable, paper-like)",Balanced (Moderate spacing - comfortable middle ground),"Pill-shaped (Fully rounded ends, very smooth)",Small Strip (Thin banner across the top),Category based (Similar items from the same category),Ratings Only (Star ratings without detailed reviews),"Countdown Timers (Show ""Sale ends in 2 hours"")",Rounded Corners,One Page (All checkout steps on a single scrolling page),Underlined/ Minimal (Line underneath only),Moderate (Key details with option to expand),3,List View (One product per row with details on the side),"Moderate (Balanced - some details visible, click for more)","Image-focused (80% images, 20% text - highly visual)",Spacious (clean and uncluttered),Mega Menu (Dropdown with images and subcategories),Collapsible (Search bar that expands when clicked),Dropdown Menu (Text-based dropdown list),3,"Minimal Clean (Simple image, name, price - no clutter)",With Savings Highlighted (Shows discount amount prominently),Modal (Pops up in the center when clicked),Yes (Always visible sidebar with filters),Modal Popup (Product details appear in a centered overlay),Ratings Bar Only (Visual breakdown of star ratings),Swipeable horizontal cards (carousel style),"Moderate (Balanced - some details visible, click for more)","Text-focused (20% images, 80% text - detailed descriptions)",Balanced,Hamburger Menu (Three-line icon that opens a side menu),"Always Visible Top (Large, prominent search bar always shown)",Mega Menu with Images (Large dropdown with category images and subcategories),"Info Rich (Lots of details, ratings, specs visible)",Bold Large (Price is the most prominent element),Drawer Overlay (Slides in from the side when clicked),Slide-Up Panel (Preview product details in a slide-up panel without leaving the product lis),Collapsible Sections (Reviews can be expanded or collapsed within the product details),Yes (Header stays at top while scrolling),"Extra Large (Maximum tap accuracy, minimal content)","Yes, Very Different (Completely different design for each device)",5,"Easy interface,filters in searching, mostly based on the brand or Department store i want to shop at.",When i click and the website opens new tabs
19/02/2026 10:16:53,Yes,18-24,Male,Undergraduate,Smartphone,Need-based (I shop when I need something specific),Moderate (15-30 minutes - I compare a few options),Very important (I always look for the best price),Always read reviews (I won't buy without checking reviews),Prefer familiar brands (I stick with what works),Strong influence (They significantly affect my choices),The Loyal Customer (I stick with brands and stores I trust. I value consistency and reliability),3,5,2,3,4,3,2,3,5,5,3,4,Stressed,"4. Bold Impact (Strong, attention-grabbing fonts)","2. Medium (14-16px - Standard size, balanced)",Dark Mode (Dark backgrounds with light text - modern and easy on eyes),"Blue (Trustworthy, professional, calm)",Dark (Dark gray or black background),Balanced (Moderate spacing - comfortable middle ground),"Rounded Corners (Soft, modern rounded edges)",Medium Split (Takes up half the screen),Trending (What's popular right now),Ratings Only (Star ratings without detailed reviews),"Countdown Timers (Show ""Sale ends in 2 hours"")",Rounded Corners,One Page (All checkout steps on a single scrolling page),Rounded Border Fields (Outlined field with rounded corners),Detailed Full (All specifications and information visible),3,List View (One product per row with details on the side),"Moderate (Balanced - some details visible, click for more)","Balanced (50% images, 50% text - equal emphasis)",Balanced,Sidebar (Permanent navigation panel on the left),"Always Visible Top (Large, prominent search bar always shown)",Visual Grid (Category tiles with images),3,"Image Heavy (Large, prominent product photos)",Subtle Small (Price is visible but not emphasized),Top Bar (Filters displayed across the top),Yes (Always visible sidebar with filters),Sidebar Slide (Details slide in from the right),Recent 3- 5 (Show a few recent reviews),Compact stacked cards (more products per screen),"Moderate (Balanced - some details visible, click for more)","Balanced (50% images, 50% text - equal emphasis)",Balanced,Bottom Nav (Navigation bar at the bottom - mobile style),"Icon Only (Magnifying glass icon, opens search when clicked)",Mega Menu with Images (Large dropdown with category images and subcategories),"Info Rich (Lots of details, ratings, specs visible)",Strike-through Original (Shows original price crossed out with sale price),Bottom Sheet (Slides up from bottom mobile style),Slide-Up Panel (Preview product details in a slide-up panel without leaving the product lis),Summary Only (Average rating and total count),No (Header scrolls away with content),"Large (Easier to tap, less content visible)",Somewhat Different (Adapted but recognizable),4,Good navigation options and not being too complex,Secure shopping
19/02/2026 10:21:26,Yes,18-24,Female,Undergraduate,Smartphone,Deal-hunting (I look for sales and discounts),Research-heavy (30+ minutes - I thoroughly research before buying),Moderately important (I balance price and quality),Never read reviews (I don't find them useful),Balanced (I mix familiar and new brands),Moderate influence (They help me decide),"The Minimalist (I want simple, efficient shopping. Show me what I need with minimal fuss)",3,2,4,5,1,3,3,3,1,3,5,1,Neutral,"3. Rounded Friendly (Soft, approachable fonts with rounded edges)","3. Large (16-18px - Easy to read, comfortable)","Minimalist Black & White (Clean, high contrast, professional)","Blue (Trustworthy, professional, calm)","Pure White (Clean, bright, maximum contrast)",Balanced (Moderate spacing - comfortable middle ground),"Rounded Corners (Soft, modern rounded edges)",Large Full screen (Takes up entire first screen),New Arrivals (Latest products added),User Photos (Photos uploaded by customers),Both (Show both stock and time based urgency),Rounded Corners,Accordion (Expandable sections on one page),Rounded Border Fields (Outlined field with rounded corners),Moderate (Key details with option to expand),3,"3 Columns (Balanced view, moderate item size)","Moderate (Balanced - some details visible, click for more)","Balanced (50% images, 50% text - equal emphasis)",Balanced,Sidebar (Permanent navigation panel on the left),"Icon Only (Magnifying glass icon, opens search when clicked)",Visual Grid (Category tiles with images),3,"Image Heavy (Large, prominent product photos)",With Comparison (Shows similar products' prices),Modal (Pops up in the center when clicked),Yes (Always visible sidebar with filters),Sidebar Slide (Details slide in from the right),Recent 3- 5 (Show a few recent reviews),Single-column large cards (easy to scroll and tap),"Detailed (All information visible - specs, reviews, descriptions)","Balanced (50% images, 50% text - equal emphasis)",Balanced,Bottom Nav (Navigation bar at the bottom - mobile style),"Always Visible Top (Large, prominent search bar always shown)",Dropdown Menu (Text-based dropdown list),"Badge Heavy (Shows bestseller, new, sale badges prominently)",Strike-through Original (Shows original price crossed out with sale price),Drawer Overlay (Slides in from the side when clicked),Direct navigation (Each product card includes a button that takes you directly to the product page when tapped),Ratings Bar Only (Visual breakdown of star ratings),No (Header scrolls away with content),"Standard (Normal size, more content visible)",Identical (Exactly the same on all devices),3,user friendly,complex interface
19/02/2026 10:28:16,Yes,18-24,Male,Undergraduate,Laptop/Desktop,Need-based (I shop when I need something specific),Moderate (15-30 minutes - I compare a few options),Moderately important (I balance price and quality),Often read reviews (For most purchases),Balanced (I mix familiar and new brands),Strong influence (They significantly affect my choices),"The Minimalist (I want simple, efficient shopping. Show me what I need with minimal fuss)",3,3,2,1,5,3,3,4,2,1,1,4,Neutral,2. Classic Serif (Traditional fonts with decorative strokes like Times New Roman),"2. Medium (14-16px - Standard size, balanced)","Warm Earthy (Browns, beiges, warm oranges - natural and cozy)","Red (Bold, urgent, attention-grabbing)","Cream/Off-white (Warm, comfortable, paper-like)",Balanced (Moderate spacing - comfortable middle ground),"Flat (Solid color, no shadow or depth)",Medium Split (Takes up half the screen),Trending (What's popular right now),Customer Reviews (Written reviews with ratings),"Stock Numbers (Show ""Only 3 left in stock"")",Rounded Corners,Progress Bar (Multi step with visual progress indicator),Underlined/ Minimal (Line underneath only),Brief Summary (Just the essential information),3,"3 Columns (Balanced view, moderate item size)","Moderate (Balanced - some details visible, click for more)","Balanced (50% images, 50% text - equal emphasis)",Balanced,Top Bar (Categories always visible across the top),"Icon Only (Magnifying glass icon, opens search when clicked)",Dropdown Menu (Text-based dropdown list),3,"Minimal Clean (Simple image, name, price - no clutter)",Subtle Small (Price is visible but not emphasized),Sidebar Left (Permanent filter panel on the left side),Yes (Always visible sidebar with filters),Sidebar Slide (Details slide in from the right),Recent 3- 5 (Show a few recent reviews),Compact stacked cards (more products per screen),"Moderate (Balanced - some details visible, click for more)","Balanced (50% images, 50% text - equal emphasis)",Balanced,Bottom Nav (Navigation bar at the bottom - mobile style),Collapsible (Search bar that expands when clicked),Dropdown Menu (Text-based dropdown list),"Minimal Clean (Simple image, name, price - no clutter)",Simple Display (Price is visible but not emphasized),Drawer Overlay (Slides in from the side when clicked),Slide-Up Panel (Preview product details in a slide-up panel without leaving the product lis),Collapsible Sections (Reviews can be expanded or collapsed within the product details),Yes (Header stays at top while scrolling),"Standard (Normal size, more content visible)","Yes, Very Different (Completely different design for each device)",5,"the design, reviews, overall quality","bad design, bad reviews"
19/02/2026 10:30:35,Yes,18-24,Female,Undergraduate,Smartphone,Need-based (I shop when I need something specific),Moderate (15-30 minutes - I compare a few options),Somewhat unimportant (Price matters but isn't a dealbreaker),Often read reviews (For most purchases),Balanced (I mix familiar and new brands),Moderate influence (They help me decide),The Loyal Customer (I stick with brands and stores I trust. I value consistency and reliability),3,3,3,3,2,3,4,3,2,3,3,3,Neutral,"3. Rounded Friendly (Soft, approachable fonts with rounded edges)",4. Extra Large (18+px - Maximum readability),"Pastel Soft (Light, muted colors - gentle and soothing)","Pink (Playful, modern, soft)",Dark (Dark gray or black background),Balanced (Moderate spacing - comfortable middle ground),"Rounded Corners (Soft, modern rounded edges)",Small Strip (Thin banner across the top),Deals (Products on sale or special offers),User Photos (Photos uploaded by customers),Both (Show both stock and time based urgency),Rounded Corners,Progress Bar (Multi step with visual progress indicator),Rounded Border Fields (Outlined field with rounded corners),Moderate (Key details with option to expand),3,"3 Columns (Balanced view, moderate item size)","Moderate (Balanced - some details visible, click for more)","Image-focused (80% images, 20% text - highly visual)",Balanced,Mega Menu (Dropdown with images and subcategories),"Icon Only (Magnifying glass icon, opens search when clicked)",Dropdown Menu (Text-based dropdown list),3,"Badge Heavy (Shows bestseller, new, sale badges prominently)",Strike-through Original (Shows original price crossed out with sale price),Top Bar (Filters displayed across the top),No (Prefer filters in a different location),Modal Popup (Product details appear in a centered overlay),All Paginated (Show all reviews with pagination),List view with expandable details,"Moderate (Balanced - some details visible, click for more)","Balanced (50% images, 50% text - equal emphasis)",Balanced,Bottom Nav (Navigation bar at the bottom - mobile style),"Icon Only (Magnifying glass icon, opens search when clicked)",Dropdown Menu (Text-based dropdown list),"Minimal Clean (Simple image, name, price - no clutter)",Bold Large (Price is the most prominent element),Drawer Overlay (Slides in from the side when clicked),Slide-Up Panel (Preview product details in a slide-up panel without leaving the product lis),Collapsible Sections (Reviews can be expanded or collapsed within the product details),No (Header scrolls away with content),"Standard (Normal size, more content visible)",Somewhat Different (Adapted but recognizable),5,A store with good products and sales with clean and eye resting aesthetic. Easy to use and to focus on my task,"When i go buy something but i keep getting adds to “similar items” or when they add tax at the end and not within the product price, it sucks when u are going to pay."
19/02/2026 13:42:19,Yes,18-24,Female,Undergraduate,Smartphone,Research (I like exploring products and learning about them),Moderate (15-30 minutes - I compare a few options),Moderately important (I balance price and quality),Sometimes read reviews (For certain product types),Balanced (I mix familiar and new brands),Moderate influence (They help me decide),"The Deal Hunter (I'm motivated by sales, discounts, and getting the best value. I wait for promotions)",3,3,3,3,3,3,3,3,3,3,3,3,Happy,2. Classic Serif (Traditional fonts with decorative strokes like Times New Roman),"3. Large (16-18px - Easy to read, comfortable)",Cool Blues (Blues and grays - calm and trustworthy),"Pink (Playful, modern, soft)","Cream/Off-white (Warm, comfortable, paper-like)",Balanced (Moderate spacing - comfortable middle ground),"Pill-shaped (Fully rounded ends, very smooth)",Medium Split (Takes up half the screen),Deals (Products on sale or special offers),User Photos (Photos uploaded by customers),Both (Show both stock and time based urgency),Rounded Corners,Progress Bar (Multi step with visual progress indicator),Rounded Border Fields (Outlined field with rounded corners),Moderate (Key details with option to expand),3,"4 Columns (Compact view, many items visible at once)","Moderate (Balanced - some details visible, click for more)","Balanced (50% images, 50% text - equal emphasis)",Balanced,Mega Menu (Dropdown with images and subcategories),Collapsible (Search bar that expands when clicked),Visual Grid (Category tiles with images),3,"Image Heavy (Large, prominent product photos)",With Comparison (Shows similar products' prices),Top Bar (Filters displayed across the top),Yes (Always visible sidebar with filters),New Tab (Opens product in a new browser tab),Recent 3- 5 (Show a few recent reviews),Compact stacked cards (more products per screen),"Moderate (Balanced - some details visible, click for more)","Balanced (50% images, 50% text - equal emphasis)",Balanced,Full-screen category menu,Collapsible (Search bar that expands when clicked),Mega Menu with Images (Large dropdown with category images and subcategories),"Info Rich (Lots of details, ratings, specs visible)",Strike-through Original (Shows original price crossed out with sale price),Drawer Overlay (Slides in from the side when clicked),Slide-Up Panel (Preview product details in a slide-up panel without leaving the product lis),Collapsible Sections (Reviews can be expanded or collapsed within the product details),Yes (Header stays at top while scrolling),"Large (Easier to tap, less content visible)",Somewhat Different (Adapted but recognizable),3,nan,nan
19/02/2026 13:45:20,Yes,18-24,Male,Undergraduate,Smartphone,Entertainment (I browse for fun and enjoyment),Research-heavy (30+ minutes - I thoroughly research before buying),Very important (I always look for the best price),Always read reviews (I won't buy without checking reviews),Always try new brands (I love discovering new products),No influence (I ignore these indicators),"The Researcher (I thoroughly research products, read reviews, compare options, and take my time making informed decisions)",3,4,5,3,1,3,1,2,2,4,5,5,Stressed,"3. Rounded Friendly (Soft, approachable fonts with rounded edges)","2. Medium (14-16px - Standard size, balanced)","Minimalist Black & White (Clean, high contrast, professional)","Green (Natural, positive, go-ahead)","Pure White (Clean, bright, maximum contrast)","Spacious (Lots of spacing - clean, uncluttered, breathing room)","Sharp Square (Clean, professional 90-degree corners)",Large Full screen (Takes up entire first screen),Category based (Similar items from the same category),"Bestseller Badges (""Most Popular"" or ""Bestseller"" tags)","Countdown Timers (Show ""Sale ends in 2 hours"")",Rounded Corners,One Page (All checkout steps on a single scrolling page),"Filled Background (Shaded background, no border)",Detailed Full (All specifications and information visible),3,List View (One product per row with details on the side),"Moderate (Balanced - some details visible, click for more)","Image-focused (80% images, 20% text - highly visual)",Balanced,Top Bar (Categories always visible across the top),"Always Visible Top (Large, prominent search bar always shown)",Mega Menu with Images (Large dropdown with category images and subcategories),3,Card with Shadow (Raised card effect with drop shadow),Subtle Small (Price is visible but not emphasized),Top Bar (Filters displayed across the top),Yes (Always visible sidebar with filters),New Tab (Opens product in a new browser tab),Recent 3- 5 (Show a few recent reviews),Single-column large cards (easy to scroll and tap),"Moderate (Balanced - some details visible, click for more)","Image-focused (80% images, 20% text - highly visual)",Balanced,Hamburger Menu (Three-line icon that opens a side menu),"Icon Only (Magnifying glass icon, opens search when clicked)",Visual Grid (Category tiles with images),"Minimal Clean (Simple image, name, price - no clutter)",Strike-through Original (Shows original price crossed out with sale price),Drawer Overlay (Slides in from the side when clicked),Slide-Up Panel (Preview product details in a slide-up panel without leaving the product lis),Collapsible Sections (Reviews can be expanded or collapsed within the product details),Yes (Header stays at top while scrolling),"Standard (Normal size, more content visible)",Similar (Mostly the same with minor adjustments),3,Diversity of products and easy to buy,Delivery fees and delivery time
19/02/2026 13:47:42,Yes,18-24,Male,Postgraduate,Smartphone,Entertainment (I browse for fun and enjoyment),Moderate (15-30 minutes - I compare a few options),Important (Price is a major factor in my decisions),Always read reviews (I won't buy without checking reviews),Prefer familiar brands (I stick with what works),Strong influence (They significantly affect my choices),"The Deal Hunter (I'm motivated by sales, discounts, and getting the best value. I wait for promotions)",3,3,5,2,2,3,3,3,2,3,5,4,Neutral,"3. Rounded Friendly (Soft, approachable fonts with rounded edges)","2. Medium (14-16px - Standard size, balanced)","Pastel Soft (Light, muted colors - gentle and soothing)","Blue (Trustworthy, professional, calm)","Cream/Off-white (Warm, comfortable, paper-like)","Spacious (Lots of spacing - clean, uncluttered, breathing room)","Outlined (Border only, no fill color)",Small Strip (Thin banner across the top),Deals (Products on sale or special offers),User Photos (Photos uploaded by customers),"Stock Numbers (Show ""Only 3 left in stock"")",Rounded Corners,One Page (All checkout steps on a single scrolling page),Rounded Border Fields (Outlined field with rounded corners),Moderate (Key details with option to expand),3,"2 Columns (Large product images, fewer items per row)","Moderate (Balanced - some details visible, click for more)","Image-focused (80% images, 20% text - highly visual)",Balanced,Top Bar (Categories always visible across the top),"Icon Only (Magnifying glass icon, opens search when clicked)",Visual Grid (Category tiles with images),3,"Minimal Clean (Simple image, name, price - no clutter)",Subtle Small (Price is visible but not emphasized),Top Bar (Filters displayed across the top),Yes (Always visible sidebar with filters),Sidebar Slide (Details slide in from the right),Recent 3- 5 (Show a few recent reviews),Single-column large cards (easy to scroll and tap),"Moderate (Balanced - some details visible, click for more)","Balanced (50% images, 50% text - equal emphasis)",Spacious (clean and uncluttered),Hamburger Menu (Three-line icon that opens a side menu),Collapsible (Search bar that expands when clicked),Dropdown Menu (Text-based dropdown list),"Info Rich (Lots of details, ratings, specs visible)",Strike-through Original (Shows original price crossed out with sale price),Drawer Overlay (Slides in from the side when clicked),Slide-Up Panel (Preview product details in a slide-up panel without leaving the product lis),Collapsible Sections (Reviews can be expanded or collapsed within the product details),Yes (Header stays at top while scrolling),"Large (Easier to tap, less content visible)",Somewhat Different (Adapted but recognizable),3,Having features like search and seeing rating,Pop up ads
19/02/2026 13:50:07,Yes,18-24,Male,Undergraduate,Smartphone,Need-based (I shop when I need something specific),Impulsive (Less than 5 minutes - I decide quickly),Very important (I always look for the best price),Sometimes read reviews (For certain product types),Prefer familiar brands (I stick with what works),Very strong influence (I primarily buy popular items),"The Researcher (I thoroughly research products, read reviews, compare options, and take my time making informed decisions)",3,2,4,3,4,3,4,4,3,3,4,4,Relaxed,2. Classic Serif (Traditional fonts with decorative strokes like Times New Roman),"3. Large (16-18px - Easy to read, comfortable)",Dark Mode (Dark backgrounds with light text - modern and easy on eyes),"Green (Natural, positive, go-ahead)",Dark (Dark gray or black background),Balanced (Moderate spacing - comfortable middle ground),"Pill-shaped (Fully rounded ends, very smooth)",Medium Split (Takes up half the screen),Trending (What's popular right now),"Bestseller Badges (""Most Popular"" or ""Bestseller"" tags)","Stock Numbers (Show ""Only 3 left in stock"")",Rounded Corners,"Multi step (Separate pages for shipping, payment, review)",Outlined (Border around the field),Moderate (Key details with option to expand),3,"3 Columns (Balanced view, moderate item size)","Moderate (Balanced - some details visible, click for more)","Image-focused (80% images, 20% text - highly visual)",Spacious (clean and uncluttered),Sidebar (Permanent navigation panel on the left),Collapsible (Search bar that expands when clicked),Dropdown Menu (Text-based dropdown list),3,"Info Rich (Lots of details, ratings, specs visible)",With Savings Highlighted (Shows discount amount prominently),Sidebar Left (Permanent filter panel on the left side),Yes (Always visible sidebar with filters),Sidebar Slide (Details slide in from the right),Recent 3- 5 (Show a few recent reviews),List view with expandable details,"Minimal (Only key information - product name, price, image)","Balanced (50% images, 50% text - equal emphasis)",Balanced,Bottom Nav (Navigation bar at the bottom - mobile style),Collapsible (Search bar that expands when clicked),Dropdown Menu (Text-based dropdown list),"Minimal Clean (Simple image, name, price - no clutter)",Strike-through Original (Shows original price crossed out with sale price),Drawer Overlay (Slides in from the side when clicked),No Quick View (I prefer to go to the full product page),Summary Only (Average rating and total count),No (Header scrolls away with content),"Standard (Normal size, more content visible)",Somewhat Different (Adapted but recognizable),4,great features costmized front end and design dark modded,scamming the product isn’t working delivered different colors
19/02/2026 13:50:19,Yes,18-24,Male,Undergraduate,Smartphone,Need-based (I shop when I need something specific),Moderate (15-30 minutes - I compare a few options),Somewhat unimportant (Price matters but isn't a dealbreaker),Often read reviews (For most purchases),Balanced (I mix familiar and new brands),Slight influence (I notice but don't rely on them),"The Impulsive Buyer (I make quick decisions based on intuition and emotion. If I like it, I buy it)",3,3,5,3,2,3,3,3,4,4,5,3,Relaxed,"3. Rounded Friendly (Soft, approachable fonts with rounded edges)","2. Medium (14-16px - Standard size, balanced)","Warm Earthy (Browns, beiges, warm oranges - natural and cozy)","Blue (Trustworthy, professional, calm)","Light Gray (Soft, reduces eye strain)",Balanced (Moderate spacing - comfortable middle ground),"Rounded Corners (Soft, modern rounded edges)",Medium Split (Takes up half the screen),Deals (Products on sale or special offers),User Photos (Photos uploaded by customers),Both (Show both stock and time based urgency),Rounded Corners,Progress Bar (Multi step with visual progress indicator),Rounded Border Fields (Outlined field with rounded corners),Detailed Full (All specifications and information visible),3,"3 Columns (Balanced view, moderate item size)","Moderate (Balanced - some details visible, click for more)","Image-focused (80% images, 20% text - highly visual)",Spacious (clean and uncluttered),Top Bar (Categories always visible across the top),"Always Visible Top (Large, prominent search bar always shown)",Visual Grid (Category tiles with images),3,"Info Rich (Lots of details, ratings, specs visible)",Bold Large (Price is the most prominent element),Sidebar Left (Permanent filter panel on the left side),Yes (Always visible sidebar with filters),Modal Popup (Product details appear in a centered overlay),Summary Only (Average rating and total count),Single-column large cards (easy to scroll and tap),"Moderate (Balanced - some details visible, click for more)","Balanced (50% images, 50% text - equal emphasis)",Balanced,Full-screen category menu,"Icon Only (Magnifying glass icon, opens search when clicked)",Visual Grid (Category tiles with images),"Image Heavy (Large, prominent product photos)",Bold Large (Price is the most prominent element),Drawer Overlay (Slides in from the side when clicked),Slide-Up Panel (Preview product details in a slide-up panel without leaving the product lis),Summary Only (Average rating and total count),Yes (Header stays at top while scrolling),"Standard (Normal size, more content visible)",Somewhat Different (Adapted but recognizable),5,"simple design,easy to access categories",too complex and hard to find categories
19/02/2026 13:50:53,Yes,18-24,Male,Undergraduate,Smartphone,Research (I like exploring products and learning about them),Moderate (15-30 minutes - I compare a few options),Moderately important (I balance price and quality),Sometimes read reviews (For certain product types),Often try new brands (I'm open to switching),Moderate influence (They help me decide),"The Deal Hunter (I'm motivated by sales, discounts, and getting the best value. I wait for promotions)",3,3,5,1,4,3,2,5,4,4,5,4,Happy,"1. Modern Sans-serif (Clean, contemporary fonts like Arial or Helvetica)","2. Medium (14-16px - Standard size, balanced)",Dark Mode (Dark backgrounds with light text - modern and easy on eyes),"Green (Natural, positive, go-ahead)","Cream/Off-white (Warm, comfortable, paper-like)",Balanced (Moderate spacing - comfortable middle ground),"Sharp Square (Clean, professional 90-degree corners)",Medium Split (Takes up half the screen),New Arrivals (Latest products added),"Bestseller Badges (""Most Popular"" or ""Bestseller"" tags)",Both (Show both stock and time based urgency),Rounded Corners,"Multi step (Separate pages for shipping, payment, review)",Rounded Border Fields (Outlined field with rounded corners),Brief Summary (Just the essential information),3,"2 Columns (Large product images, fewer items per row)","Moderate (Balanced - some details visible, click for more)","Balanced (50% images, 50% text - equal emphasis)",Balanced,Sidebar (Permanent navigation panel on the left),Collapsible (Search bar that expands when clicked),Visual Grid (Category tiles with images),3,"Info Rich (Lots of details, ratings, specs visible)",With Comparison (Shows similar products' prices),Sidebar Left (Permanent filter panel on the left side),Yes (Always visible sidebar with filters),Sidebar Slide (Details slide in from the right),Recent 3- 5 (Show a few recent reviews),Compact stacked cards (more products per screen),"Moderate (Balanced - some details visible, click for more)","Balanced (50% images, 50% text - equal emphasis)",Balanced,Bottom Nav (Navigation bar at the bottom - mobile style),Collapsible (Search bar that expands when clicked),Dropdown Menu (Text-based dropdown list),"Info Rich (Lots of details, ratings, specs visible)",Strike-through Original (Shows original price crossed out with sale price),Drawer Overlay (Slides in from the side when clicked),No Quick View (I prefer to go to the full product page),Summary Only (Average rating and total count),Yes (Header stays at top while scrolling),"Standard (Normal size, more content visible)","Yes, Very Different (Completely different design for each device)",2,Deals Type of the product,I can’t see the product in real life
19/02/2026 13:51:07,Yes,18-24,Male,Undergraduate,Smartphone,Need-based (I shop when I need something specific),Research-heavy (30+ minutes - I thoroughly research before buying),Moderately important (I balance price and quality),Always read reviews (I won't buy without checking reviews),Prefer familiar brands (I stick with what works),Moderate influence (They help me decide),"The Deal Hunter (I'm motivated by sales, discounts, and getting the best value. I wait for promotions)",3,4,4,3,2,3,3,3,2,4,4,3,Bored,"3. Rounded Friendly (Soft, approachable fonts with rounded edges)","3. Large (16-18px - Easy to read, comfortable)","Minimalist Black & White (Clean, high contrast, professional)","Blue (Trustworthy, professional, calm)","Light Gray (Soft, reduces eye strain)",Balanced (Moderate spacing - comfortable middle ground),"Rounded Corners (Soft, modern rounded edges)",Medium Split (Takes up half the screen),Deals (Products on sale or special offers),Customer Reviews (Written reviews with ratings),Both (Show both stock and time based urgency),Rounded Corners,Progress Bar (Multi step with visual progress indicator),Underlined/ Minimal (Line underneath only),Expandable Sections (Organized into collapsible sections),3,"4 Columns (Compact view, many items visible at once)","Moderate (Balanced - some details visible, click for more)","Image-focused (80% images, 20% text - highly visual)",Balanced,Combination of top bar and dropdowns,"Always Visible Top (Large, prominent search bar always shown)",Text List (Simple text links),3,"Minimal Clean (Simple image, name, price - no clutter)",With Savings Highlighted (Shows discount amount prominently),Top Bar (Filters displayed across the top),Yes (Always visible sidebar with filters),Modal Popup (Product details appear in a centered overlay),All Paginated (Show all reviews with pagination),Compact stacked cards (more products per screen),"Moderate (Balanced - some details visible, click for more)","Balanced (50% images, 50% text - equal emphasis)",Balanced,Bottom Nav (Navigation bar at the bottom - mobile style),"Always Visible Top (Large, prominent search bar always shown)",Visual Grid (Category tiles with images),"Badge Heavy (Shows bestseller, new, sale badges prominently)",Strike-through Original (Shows original price crossed out with sale price),Bottom Sheet (Slides up from bottom mobile style),No Quick View (I prefer to go to the full product page),Collapsible Sections (Reviews can be expanded or collapsed within the product details),Yes (Header stays at top while scrolling),"Large (Easier to tap, less content visible)",Somewhat Different (Adapted but recognizable),3,"Ease of access, User friendly, simple, not crammed, clear workflow of checkout.",Slow website loading
19/02/2026 13:51:22,Yes,18-24,Male,Undergraduate,Laptop/Desktop,Need-based (I shop when I need something specific),Moderate (15-30 minutes - I compare a few options),Moderately important (I balance price and quality),Always read reviews (I won't buy without checking reviews),Very loyal (I rarely switch from my favorite brands),Moderate influence (They help me decide),The Loyal Customer (I stick with brands and stores I trust. I value consistency and reliability),3,2,4,3,1,3,2,1,4,5,5,4,Relaxed,"1. Modern Sans-serif (Clean, contemporary fonts like Arial or Helvetica)","3. Large (16-18px - Easy to read, comfortable)",Dark Mode (Dark backgrounds with light text - modern and easy on eyes),"Blue (Trustworthy, professional, calm)",Dark (Dark gray or black background),Balanced (Moderate spacing - comfortable middle ground),"Pill-shaped (Fully rounded ends, very smooth)","None (No promotional banner, go straight to products)",Category based (Similar items from the same category),Customer Reviews (Written reviews with ratings),Both (Show both stock and time based urgency),Rounded Corners,"Multi step (Separate pages for shipping, payment, review)",Rounded Border Fields (Outlined field with rounded corners),Detailed Full (All specifications and information visible),3,"3 Columns (Balanced view, moderate item size)","Detailed (All information visible - specs, reviews, descriptions)","Balanced (50% images, 50% text - equal emphasis)",Spacious (clean and uncluttered),Combination of top bar and dropdowns,"Always Visible Top (Large, prominent search bar always shown)",Mega Menu with Images (Large dropdown with category images and subcategories),3,"Info Rich (Lots of details, ratings, specs visible)",Subtle Small (Price is visible but not emphasized),Top Bar (Filters displayed across the top),Yes (Always visible sidebar with filters),Modal Popup (Product details appear in a centered overlay),All Paginated (Show all reviews with pagination),List view with expandable details,"Detailed (All information visible - specs, reviews, descriptions)","Balanced (50% images, 50% text - equal emphasis)",Spacious (clean and uncluttered),Bottom Nav (Navigation bar at the bottom - mobile style),"Always Visible Top (Large, prominent search bar always shown)",Mega Menu with Images (Large dropdown with category images and subcategories),"Info Rich (Lots of details, ratings, specs visible)",Simple Display (Price is visible but not emphasized),Bottom Sheet (Slides up from bottom mobile style),Slide-Up Panel (Preview product details in a slide-up panel without leaving the product lis),Collapsible Sections (Reviews can be expanded or collapsed within the product details),Yes (Header stays at top while scrolling),"Standard (Normal size, more content visible)",Similar (Mostly the same with minor adjustments),5,"Speed, ease of use and simple checkout.",Slow navigation and loading and complicated checkout.
19/02/2026 13:51:36,Yes,18-24,Female,Undergraduate,Smartphone,Entertainment (I browse for fun and enjoyment),Moderate (15-30 minutes - I compare a few options),Important (Price is a major factor in my decisions),Always read reviews (I won't buy without checking reviews),Balanced (I mix familiar and new brands),Strong influence (They significantly affect my choices),"The Researcher (I thoroughly research products, read reviews, compare options, and take my time making informed decisions)",3,4,4,5,3,3,4,2,3,4,5,5,Neutral,2. Classic Serif (Traditional fonts with decorative strokes like Times New Roman),"2. Medium (14-16px - Standard size, balanced)","Minimalist Black & White (Clean, high contrast, professional)","Blue (Trustworthy, professional, calm)","Pure White (Clean, bright, maximum contrast)",Balanced (Moderate spacing - comfortable middle ground),"Sharp Square (Clean, professional 90-degree corners)",Medium Split (Takes up half the screen),Deals (Products on sale or special offers),Customer Reviews (Written reviews with ratings),"Stock Numbers (Show ""Only 3 left in stock"")",Rounded Corners,One Page (All checkout steps on a single scrolling page),"Filled Background (Shaded background, no border)",Moderate (Key details with option to expand),3,"4 Columns (Compact view, many items visible at once)","Minimal (Only key information - product name, price, image)","Image-focused (80% images, 20% text - highly visual)",Balanced,Top Bar (Categories always visible across the top),"Icon Only (Magnifying glass icon, opens search when clicked)",Text List (Simple text links),3,"Image Heavy (Large, prominent product photos)",Subtle Small (Price is visible but not emphasized),Sidebar Left (Permanent filter panel on the left side),No (Prefer filters in a different location),Sidebar Slide (Details slide in from the right),All Paginated (Show all reviews with pagination),Compact stacked cards (more products per screen),"Moderate (Balanced - some details visible, click for more)","Image-focused (80% images, 20% text - highly visual)",Balanced,Hamburger Menu (Three-line icon that opens a side menu),Collapsible (Search bar that expands when clicked),Dropdown Menu (Text-based dropdown list),"Minimal Clean (Simple image, name, price - no clutter)",Simple Display (Price is visible but not emphasized),Drawer Overlay (Slides in from the side when clicked),No Quick View (I prefer to go to the full product page),Summary Only (Average rating and total count),No (Header scrolls away with content),"Standard (Normal size, more content visible)",Somewhat Different (Adapted but recognizable),2,All items are on stock there’s discounts readily available to use . Website adjusts depending on the device you use,When there’s not many options of specific stuff I’m looking for or if the price range is not what I want
19/02/2026 13:58:19,Yes,18-24,Male,Undergraduate,Laptop/Desktop,Entertainment (I browse for fun and enjoyment),Moderate (15-30 minutes - I compare a few options),Important (Price is a major factor in my decisions),Sometimes read reviews (For certain product types),Prefer familiar brands (I stick with what works),Strong influence (They significantly affect my choices),The Loyal Customer (I stick with brands and stores I trust. I value consistency and reliability),3,3,3,5,4,3,2,3,2,3,4,3,Stressed,"3. Rounded Friendly (Soft, approachable fonts with rounded edges)","3. Large (16-18px - Easy to read, comfortable)","Warm Earthy (Browns, beiges, warm oranges - natural and cozy)","Blue (Trustworthy, professional, calm)","Light Gray (Soft, reduces eye strain)",Balanced (Moderate spacing - comfortable middle ground),"Pill-shaped (Fully rounded ends, very smooth)",Small Strip (Thin banner across the top),Deals (Products on sale or special offers),Customer Reviews (Written reviews with ratings),Both (Show both stock and time based urgency),Rounded Corners,Progress Bar (Multi step with visual progress indicator),"Filled Background (Shaded background, no border)",Moderate (Key details with option to expand),3,"4 Columns (Compact view, many items visible at once)","Moderate (Balanced - some details visible, click for more)","Image-focused (80% images, 20% text - highly visual)",Balanced,Combination of top bar and dropdowns,"Always Visible Top (Large, prominent search bar always shown)",Dropdown Menu (Text-based dropdown list),3,"Minimal Clean (Simple image, name, price - no clutter)",Bold Large (Price is the most prominent element),Sidebar Left (Permanent filter panel on the left side),Yes (Always visible sidebar with filters),Modal Popup (Product details appear in a centered overlay),All Paginated (Show all reviews with pagination),Compact stacked cards (more products per screen),"Moderate (Balanced - some details visible, click for more)","Balanced (50% images, 50% text - equal emphasis)",Balanced,Bottom Nav (Navigation bar at the bottom - mobile style),"Always Visible Top (Large, prominent search bar always shown)",Dropdown Menu (Text-based dropdown list),"Minimal Clean (Simple image, name, price - no clutter)",Strike-through Original (Shows original price crossed out with sale price),Drawer Overlay (Slides in from the side when clicked),Slide-Up Panel (Preview product details in a slide-up panel without leaving the product lis),Summary Only (Average rating and total count),No (Header scrolls away with content),"Large (Easier to tap, less content visible)",Similar (Mostly the same with minor adjustments),3,Speed and ease of use,Complicated Ui
19/02/2026 14:27:00,Yes,18-24,Female,Undergraduate,Smartphone,Entertainment (I browse for fun and enjoyment),Moderate (15-30 minutes - I compare a few options),Important (Price is a major factor in my decisions),Sometimes read reviews (For certain product types),Prefer familiar brands (I stick with what works),Slight influence (I notice but don't rely on them),"The Browser (I enjoy browsing and discovering products, often without immediate purchase intent)",3,3,2,4,3,3,4,2,2,4,1,4,Sad,"3. Rounded Friendly (Soft, approachable fonts with rounded edges)","3. Large (16-18px - Easy to read, comfortable)","Minimalist Black & White (Clean, high contrast, professional)","Red (Bold, urgent, attention-grabbing)","Cream/Off-white (Warm, comfortable, paper-like)",Balanced (Moderate spacing - comfortable middle ground),"Pill-shaped (Fully rounded ends, very smooth)",Medium Split (Takes up half the screen),Deals (Products on sale or special offers),Customer Reviews (Written reviews with ratings),None (I find these annoying and manipulative),Rounded Corners,Express Checkout (One click purchase with saved info),Rounded Border Fields (Outlined field with rounded corners),Expandable Sections (Organized into collapsible sections),3,"2 Columns (Large product images, fewer items per row)","Moderate (Balanced - some details visible, click for more)","Image-focused (80% images, 20% text - highly visual)",Balanced,Combination of top bar and dropdowns,Collapsible (Search bar that expands when clicked),Text List (Simple text links),3,"Info Rich (Lots of details, ratings, specs visible)",Strike-through Original (Shows original price crossed out with sale price),Modal (Pops up in the center when clicked),Yes (Always visible sidebar with filters),Sidebar Slide (Details slide in from the right),All Paginated (Show all reviews with pagination),Compact stacked cards (more products per screen),"Moderate (Balanced - some details visible, click for more)","Image-focused (80% images, 20% text - highly visual)",Balanced,Bottom Nav (Navigation bar at the bottom - mobile style),Collapsible (Search bar that expands when clicked),Dropdown Menu (Text-based dropdown list),"Info Rich (Lots of details, ratings, specs visible)",Strike-through Original (Shows original price crossed out with sale price),Drawer Overlay (Slides in from the side when clicked),Direct navigation (Each product card includes a button that takes you directly to the product page when tapped),Collapsible Sections (Reviews can be expanded or collapsed within the product details),Yes (Header stays at top while scrolling),"Standard (Normal size, more content visible)",Similar (Mostly the same with minor adjustments),2,The direction to pages be easy and not making me loose what products i saw and the product details would be presented and one of the most things is to tell me the size of the model with her length and weight,If the website do take time in loading and if i didn’t find any details about the material or the size
19/02/2026 15:55:12,Yes,18-24,Male,Undergraduate,Smartphone,Need-based (I shop when I need something specific),Research-heavy (30+ minutes - I thoroughly research before buying),Important (Price is a major factor in my decisions),Often read reviews (For most purchases),Balanced (I mix familiar and new brands),Moderate influence (They help me decide),"The Impulsive Buyer (I make quick decisions based on intuition and emotion. If I like it, I buy it)",3,3,4,5,2,3,4,4,3,2,4,4,Bored,2. Classic Serif (Traditional fonts with decorative strokes like Times New Roman),"3. Large (16-18px - Easy to read, comfortable)","Warm Earthy (Browns, beiges, warm oranges - natural and cozy)","Red (Bold, urgent, attention-grabbing)","Cream/Off-white (Warm, comfortable, paper-like)",Balanced (Moderate spacing - comfortable middle ground),"Pill-shaped (Fully rounded ends, very smooth)",Medium Split (Takes up half the screen),Category based (Similar items from the same category),Customer Reviews (Written reviews with ratings),"Stock Numbers (Show ""Only 3 left in stock"")",Rounded Corners,One Page (All checkout steps on a single scrolling page),Outlined (Border around the field),Moderate (Key details with option to expand),3,"2 Columns (Large product images, fewer items per row)","Moderate (Balanced - some details visible, click for more)","Image-focused (80% images, 20% text - highly visual)",Balanced,Top Bar (Categories always visible across the top),"Always Visible Top (Large, prominent search bar always shown)",Visual Grid (Category tiles with images),3,"Badge Heavy (Shows bestseller, new, sale badges prominently)",With Comparison (Shows similar products' prices),Sidebar Left (Permanent filter panel on the left side),No (Prefer filters in a different location),Sidebar Slide (Details slide in from the right),All Paginated (Show all reviews with pagination),Compact stacked cards (more products per screen),"Moderate (Balanced - some details visible, click for more)","Balanced (50% images, 50% text - equal emphasis)",Balanced,Bottom Nav (Navigation bar at the bottom - mobile style),"Icon Only (Magnifying glass icon, opens search when clicked)",Dropdown Menu (Text-based dropdown list),"Badge Heavy (Shows bestseller, new, sale badges prominently)",Strike-through Original (Shows original price crossed out with sale price),Bottom Sheet (Slides up from bottom mobile style),Slide-Up Panel (Preview product details in a slide-up panel without leaving the product lis),Summary Only (Average rating and total count),No (Header scrolls away with content),"Large (Easier to tap, less content visible)",Somewhat Different (Adapted but recognizable),3,To have easy navigation between content and have the buttons big enough for comfortable clicking,Inaccurate or missing listings or description about a product
20/02/2026 10:59:48,Yes,18-24,Female,Undergraduate,Smartphone,Entertainment (I browse for fun and enjoyment),Research-heavy (30+ minutes - I thoroughly research before buying),Very important (I always look for the best price),Often read reviews (For most purchases),Prefer familiar brands (I stick with what works),No influence (I ignore these indicators),"The Browser (I enjoy browsing and discovering products, often without immediate purchase intent)",3,4,3,2,1,3,3,5,3,4,4,5,Sad,"1. Modern Sans-serif (Clean, contemporary fonts like Arial or Helvetica)","2. Medium (14-16px - Standard size, balanced)","Vibrant Bold (Bright, energetic colors - exciting and dynamic)","Blue (Trustworthy, professional, calm)","Pure White (Clean, bright, maximum contrast)",Balanced (Moderate spacing - comfortable middle ground),"Outlined (Border only, no fill color)",Medium Split (Takes up half the screen),Deals (Products on sale or special offers),User Photos (Photos uploaded by customers),Both (Show both stock and time based urgency),Rounded Corners,One Page (All checkout steps on a single scrolling page),Outlined (Border around the field),Expandable Sections (Organized into collapsible sections),3,Mixed (Combination of different layouts),"Moderate (Balanced - some details visible, click for more)","Image-focused (80% images, 20% text - highly visual)",Spacious (clean and uncluttered),Combination of top bar and dropdowns,"Always Visible Top (Large, prominent search bar always shown)",Visual Grid (Category tiles with images),3,"Minimal Clean (Simple image, name, price - no clutter)",Strike-through Original (Shows original price crossed out with sale price),Sidebar Left (Permanent filter panel on the left side),Yes (Always visible sidebar with filters),Modal Popup (Product details appear in a centered overlay),All Paginated (Show all reviews with pagination),Compact stacked cards (more products per screen),"Detailed (All information visible - specs, reviews, descriptions)","Balanced (50% images, 50% text - equal emphasis)",Balanced,Hamburger Menu (Three-line icon that opens a side menu),Collapsible (Search bar that expands when clicked),Visual Grid (Category tiles with images),"Info Rich (Lots of details, ratings, specs visible)",Strike-through Original (Shows original price crossed out with sale price),Drawer Overlay (Slides in from the side when clicked),Slide-Up Panel (Preview product details in a slide-up panel without leaving the product lis),Collapsible Sections (Reviews can be expanded or collapsed within the product details),Yes (Header stays at top while scrolling),"Standard (Normal size, more content visible)",Somewhat Different (Adapted but recognizable),4,advanced ui/ux,lag.. unavailability
03/03/2026 17:01:55,Yes,18-24,Male,Undergraduate,Smartphone,Need-based (I shop when I need something specific),Research-heavy (30+ minutes - I thoroughly research before buying),Very important (I always look for the best price),Sometimes read reviews (For certain product types),Balanced (I mix familiar and new brands),Slight influence (I notice but don't rely on them),"The Researcher (I thoroughly research products, read reviews, compare options, and take my time making informed decisions)",3,4,3,3,2,3,4,3,3,4,5,5,Stressed,"3. Rounded Friendly (Soft, approachable fonts with rounded edges)","3. Large (16-18px - Easy to read, comfortable)","Minimalist Black & White (Clean, high contrast, professional)","Red (Bold, urgent, attention-grabbing)","Pure White (Clean, bright, maximum contrast)",Balanced (Moderate spacing - comfortable middle ground),"Outlined (Border only, no fill color)",Small Strip (Thin banner across the top),Deals (Products on sale or special offers),Ratings Only (Star ratings without detailed reviews),"Stock Numbers (Show ""Only 3 left in stock"")",Rounded Corners,Express Checkout (One click purchase with saved info),"Filled Background (Shaded background, no border)",Expandable Sections (Organized into collapsible sections),3,"4 Columns (Compact view, many items visible at once)","Moderate (Balanced - some details visible, click for more)","Balanced (50% images, 50% text - equal emphasis)",Balanced,Top Bar (Categories always visible across the top),"Icon Only (Magnifying glass icon, opens search when clicked)",Dropdown Menu (Text-based dropdown list),3,"Minimal Clean (Simple image, name, price - no clutter)",With Savings Highlighted (Shows discount amount prominently),Top Bar (Filters displayed across the top),Yes (Always visible sidebar with filters),Modal Popup (Product details appear in a centered overlay),Summary Only (Average rating and total count),Single-column large cards (easy to scroll and tap),"Minimal (Only key information - product name, price, image)","Image-focused (80% images, 20% text - highly visual)",Compact (more content visible),Hamburger Menu (Three-line icon that opens a side menu),"Icon Only (Magnifying glass icon, opens search when clicked)",Visual Grid (Category tiles with images),"Image Heavy (Large, prominent product photos)",Bold Large (Price is the most prominent element),Bottom Sheet (Slides up from bottom mobile style),No Quick View (I prefer to go to the full product page),Summary Only (Average rating and total count),Yes (Header stays at top while scrolling),"Standard (Normal size, more content visible)","Yes, Very Different (Completely different design for each device)",4,nan,nan
08/04/2026 12:38:12,Yes,25-34,Female,Postgraduate,Smartphone,Need-based (I shop when I need something specific),Research-heavy (30+ minutes - I thoroughly research before buying),Moderately important (I balance price and quality),Always read reviews (I won't buy without checking reviews),Prefer familiar brands (I stick with what works),Strong influence (They significantly affect my choices),"The Minimalist (I want simple, efficient shopping. Show me what I need with minimal fuss)",3,5,5,3,2,3,4,4,1,5,3,5,Happy,2. Classic Serif (Traditional fonts with decorative strokes like Times New Roman),"3. Large (16-18px - Easy to read, comfortable)","Vibrant Bold (Bright, energetic colors - exciting and dynamic)","Purple (Creative, luxurious, unique)","Pure White (Clean, bright, maximum contrast)",Balanced (Moderate spacing - comfortable middle ground),"Rounded Corners (Soft, modern rounded edges)",Small Strip (Thin banner across the top),Deals (Products on sale or special offers),Customer Reviews (Written reviews with ratings),None (I find these annoying and manipulative),Rounded Corners,Progress Bar (Multi step with visual progress indicator),Rounded Border Fields (Outlined field with rounded corners),Detailed Full (All specifications and information visible),3,List View (One product per row with details on the side),"Moderate (Balanced - some details visible, click for more)","Image-focused (80% images, 20% text - highly visual)",Balanced,Mega Menu (Dropdown with images and subcategories),"Always Visible Top (Large, prominent search bar always shown)",Visual Grid (Category tiles with images),3,"Info Rich (Lots of details, ratings, specs visible)",With Savings Highlighted (Shows discount amount prominently),Top Bar (Filters displayed across the top),No (Prefer filters in a different location),New Tab (Opens product in a new browser tab),All Paginated (Show all reviews with pagination),Compact stacked cards (more products per screen),"Detailed (All information visible - specs, reviews, descriptions)","Balanced (50% images, 50% text - equal emphasis)",Balanced,Bottom Nav (Navigation bar at the bottom - mobile style),"Icon Only (Magnifying glass icon, opens search when clicked)",Visual Grid (Category tiles with images),"Info Rich (Lots of details, ratings, specs visible)",Strike-through Original (Shows original price crossed out with sale price),Drawer Overlay (Slides in from the side when clicked),No Quick View (I prefer to go to the full product page),Summary Only (Average rating and total count),Yes (Header stays at top while scrolling),"Large (Easier to tap, less content visible)",Somewhat Different (Adapted but recognizable),5,"if the website is arranged well, colored well, and all options are visible in good font",if the website has too many sections and it is hard to find a product
29/04/2026 10:53:17,Yes,18-24,Female,Undergraduate,Smartphone,Entertainment (I browse for fun and enjoyment),Quick (5-15 minutes - I know what I want),Very important (I always look for the best price),Often read reviews (For most purchases),Balanced (I mix familiar and new brands),No influence (I ignore these indicators),"The Impulsive Buyer (I make quick decisions based on intuition and emotion. If I like it, I buy it)",3,3,4,4,3,3,2,4,2,3,3,3,Neutral,2. Classic Serif (Traditional fonts with decorative strokes like Times New Roman),4. Extra Large (18+px - Maximum readability),"Minimalist Black & White (Clean, high contrast, professional)","Blue (Trustworthy, professional, calm)","Cream/Off-white (Warm, comfortable, paper-like)",Balanced (Moderate spacing - comfortable middle ground),Raised / Shadowed (Button with shadow or depth effect),Small Strip (Thin banner across the top),Deals (Products on sale or special offers),Customer Reviews (Written reviews with ratings),"Stock Numbers (Show ""Only 3 left in stock"")",Rounded Corners,Progress Bar (Multi step with visual progress indicator),Underlined/ Minimal (Line underneath only),Expandable Sections (Organized into collapsible sections),3,"4 Columns (Compact view, many items visible at once)","Moderate (Balanced - some details visible, click for more)","Image-focused (80% images, 20% text - highly visual)",Spacious (clean and uncluttered),Combination of top bar and dropdowns,"Icon Only (Magnifying glass icon, opens search when clicked)",Text List (Simple text links),3,"Badge Heavy (Shows bestseller, new, sale badges prominently)",Strike-through Original (Shows original price crossed out with sale price),Top Bar (Filters displayed across the top),No (Prefer filters in a different location),Modal Popup (Product details appear in a centered overlay),All Paginated (Show all reviews with pagination),Compact stacked cards (more products per screen),"Moderate (Balanced - some details visible, click for more)","Balanced (50% images, 50% text - equal emphasis)",Balanced,Bottom Nav (Navigation bar at the bottom - mobile style),"Icon Only (Magnifying glass icon, opens search when clicked)",Mega Menu with Images (Large dropdown with category images and subcategories),"Info Rich (Lots of details, ratings, specs visible)",Strike-through Original (Shows original price crossed out with sale price),Drawer Overlay (Slides in from the side when clicked),Slide-Up Panel (Preview product details in a slide-up panel without leaving the product lis),Collapsible Sections (Reviews can be expanded or collapsed within the product details),No (Header scrolls away with content),"Standard (Normal size, more content visible)",Somewhat Different (Adapted but recognizable),4,"easy navigation, easy on the eyes, recommendations based on my preferences, and personalized offers",no online payment and hard navigation
29/04/2026 11:01:53,Yes,18-24,Male,Undergraduate,Smartphone,Deal-hunting (I look for sales and discounts),Quick (5-15 minutes - I know what I want),Moderately important (I balance price and quality),Always read reviews (I won't buy without checking reviews),Prefer familiar brands (I stick with what works),Strong influence (They significantly affect my choices),"The Deal Hunter (I'm motivated by sales, discounts, and getting the best value. I wait for promotions)",3,4,4,5,5,3,3,3,2,2,5,5,Stressed,"3. Rounded Friendly (Soft, approachable fonts with rounded edges)","3. Large (16-18px - Easy to read, comfortable)","Vibrant Bold (Bright, energetic colors - exciting and dynamic)","Blue (Trustworthy, professional, calm)","Pure White (Clean, bright, maximum contrast)",Balanced (Moderate spacing - comfortable middle ground),"Rounded Corners (Soft, modern rounded edges)",Medium Split (Takes up half the screen),Deals (Products on sale or special offers),Customer Reviews (Written reviews with ratings),"Stock Numbers (Show ""Only 3 left in stock"")",Rounded Corners,One Page (All checkout steps on a single scrolling page),Rounded Border Fields (Outlined field with rounded corners),Brief Summary (Just the essential information),3,"2 Columns (Large product images, fewer items per row)","Moderate (Balanced - some details visible, click for more)","Balanced (50% images, 50% text - equal emphasis)",Balanced,Mega Menu (Dropdown with images and subcategories),Collapsible (Search bar that expands when clicked),Visual Grid (Category tiles with images),3,"Info Rich (Lots of details, ratings, specs visible)",With Comparison (Shows similar products' prices),Top Bar (Filters displayed across the top),Yes (Always visible sidebar with filters),Sidebar Slide (Details slide in from the right),Recent 3- 5 (Show a few recent reviews),Compact stacked cards (more products per screen),"Moderate (Balanced - some details visible, click for more)","Balanced (50% images, 50% text - equal emphasis)",Balanced,Bottom Nav (Navigation bar at the bottom - mobile style),Collapsible (Search bar that expands when clicked),Dropdown Menu (Text-based dropdown list),"Minimal Clean (Simple image, name, price - no clutter)",Strike-through Original (Shows original price crossed out with sale price),Drawer Overlay (Slides in from the side when clicked),Slide-Up Panel (Preview product details in a slide-up panel without leaving the product lis),Collapsible Sections (Reviews can be expanded or collapsed within the product details),Yes (Header stays at top while scrolling),"Large (Easier to tap, less content visible)",Similar (Mostly the same with minor adjustments),5,Experience and design both are important,Trusting the website or if experience is hard to make a purchase
29/04/2026 11:03:47,Yes,18-24,Female,Undergraduate,Laptop/Desktop,Need-based (I shop when I need something specific),Moderate (15-30 minutes - I compare a few options),Moderately important (I balance price and quality),Often read reviews (For most purchases),Balanced (I mix familiar and new brands),Slight influence (I notice but don't rely on them),"The Minimalist (I want simple, efficient shopping. Show me what I need with minimal fuss)",3,4,5,3,3,3,4,4,2,4,4,4,Bored,"4. Bold Impact (Strong, attention-grabbing fonts)",4. Extra Large (18+px - Maximum readability),Cool Blues (Blues and grays - calm and trustworthy),"Blue (Trustworthy, professional, calm)","Cream/Off-white (Warm, comfortable, paper-like)",Balanced (Moderate spacing - comfortable middle ground),"Rounded Corners (Soft, modern rounded edges)",Medium Split (Takes up half the screen),Trending (What's popular right now),Customer Reviews (Written reviews with ratings),"Stock Numbers (Show ""Only 3 left in stock"")",Rounded Corners,One Page (All checkout steps on a single scrolling page),Material Design Style (Underline-focused field with animated label and focus accent),Brief Summary (Just the essential information),3,"3 Columns (Balanced view, moderate item size)","Moderate (Balanced - some details visible, click for more)","Balanced (50% images, 50% text - equal emphasis)",Balanced,Top Bar (Categories always visible across the top),Collapsible (Search bar that expands when clicked),Visual Grid (Category tiles with images),3,"Image Heavy (Large, prominent product photos)",Subtle Small (Price is visible but not emphasized),Sidebar Left (Permanent filter panel on the left side),Yes (Always visible sidebar with filters),Modal Popup (Product details appear in a centered overlay),All Paginated (Show all reviews with pagination),Single-column large cards (easy to scroll and tap),"Moderate (Balanced - some details visible, click for more)","Balanced (50% images, 50% text - equal emphasis)",Balanced,Bottom Nav (Navigation bar at the bottom - mobile style),Collapsible (Search bar that expands when clicked),Visual Grid (Category tiles with images),"Image Heavy (Large, prominent product photos)",Simple Display (Price is visible but not emphasized),Drawer Overlay (Slides in from the side when clicked),Slide-Up Panel (Preview product details in a slide-up panel without leaving the product lis),Collapsible Sections (Reviews can be expanded or collapsed within the product details),Yes (Header stays at top while scrolling),"Standard (Normal size, more content visible)",Somewhat Different (Adapted but recognizable),4,attracting colors and images,when its hard to navigate
29/04/2026 11:06:05,Yes,18-24,Female,Undergraduate,Smartphone,Entertainment (I browse for fun and enjoyment),Impulsive (Less than 5 minutes - I decide quickly),Moderately important (I balance price and quality),Always read reviews (I won't buy without checking reviews),Prefer familiar brands (I stick with what works),Strong influence (They significantly affect my choices),"The Minimalist (I want simple, efficient shopping. Show me what I need with minimal fuss)",3,3,3,3,5,3,5,4,2,4,2,4,Neutral,"3. Rounded Friendly (Soft, approachable fonts with rounded edges)","3. Large (16-18px - Easy to read, comfortable)","Minimalist Black & White (Clean, high contrast, professional)","Blue (Trustworthy, professional, calm)","Pure White (Clean, bright, maximum contrast)",Balanced (Moderate spacing - comfortable middle ground),"Sharp Square (Clean, professional 90-degree corners)",Medium Split (Takes up half the screen),New Arrivals (Latest products added),"Bestseller Badges (""Most Popular"" or ""Bestseller"" tags)","Stock Numbers (Show ""Only 3 left in stock"")",Rounded Corners,Express Checkout (One click purchase with saved info),Rounded Border Fields (Outlined field with rounded corners),Moderate (Key details with option to expand),3,List View (One product per row with details on the side),"Moderate (Balanced - some details visible, click for more)","Balanced (50% images, 50% text - equal emphasis)",Spacious (clean and uncluttered),Sidebar (Permanent navigation panel on the left),Collapsible (Search bar that expands when clicked),Text List (Simple text links),3,"Badge Heavy (Shows bestseller, new, sale badges prominently)",Strike-through Original (Shows original price crossed out with sale price),Top Bar (Filters displayed across the top),Yes (Always visible sidebar with filters),Modal Popup (Product details appear in a centered overlay),Summary Only (Average rating and total count),Swipeable horizontal cards (carousel style),"Detailed (All information visible - specs, reviews, descriptions)","Balanced (50% images, 50% text - equal emphasis)",Balanced,Hamburger Menu (Three-line icon that opens a side menu),"Icon Only (Magnifying glass icon, opens search when clicked)",Dropdown Menu (Text-based dropdown list),"Minimal Clean (Simple image, name, price - no clutter)",Simple Display (Price is visible but not emphasized),Drawer Overlay (Slides in from the side when clicked),Slide-Up Panel (Preview product details in a slide-up panel without leaving the product lis),Summary Only (Average rating and total count),Yes (Header stays at top while scrolling),"Standard (Normal size, more content visible)",Similar (Mostly the same with minor adjustments),2,price and details of the product be displayed properly. the new collection be displayed first and have reviews,add product to cart and doesnt say its sold out till i checkout
29/04/2026 11:06:59,Yes,18-24,Male,Undergraduate,Smartphone,Need-based (I shop when I need something specific),Research-heavy (30+ minutes - I thoroughly research before buying),Important (Price is a major factor in my decisions),Often read reviews (For most purchases),Balanced (I mix familiar and new brands),No influence (I ignore these indicators),"The Researcher (I thoroughly research products, read reviews, compare options, and take my time making informed decisions)",3,4,2,2,4,3,5,2,3,4,2,2,Neutral,2. Classic Serif (Traditional fonts with decorative strokes like Times New Roman),"3. Large (16-18px - Easy to read, comfortable)","Warm Earthy (Browns, beiges, warm oranges - natural and cozy)","Blue (Trustworthy, professional, calm)","Pure White (Clean, bright, maximum contrast)",Balanced (Moderate spacing - comfortable middle ground),"Rounded Corners (Soft, modern rounded edges)",Medium Split (Takes up half the screen),Deals (Products on sale or special offers),Ratings Only (Star ratings without detailed reviews),"Stock Numbers (Show ""Only 3 left in stock"")",Rounded Corners,Express Checkout (One click purchase with saved info),Rounded Border Fields (Outlined field with rounded corners),Moderate (Key details with option to expand),3,"3 Columns (Balanced view, moderate item size)","Moderate (Balanced - some details visible, click for more)","Image-focused (80% images, 20% text - highly visual)",Balanced,Top Bar (Categories always visible across the top),"Always Visible Top (Large, prominent search bar always shown)",Visual Grid (Category tiles with images),3,"Minimal Clean (Simple image, name, price - no clutter)",Strike-through Original (Shows original price crossed out with sale price),Sidebar Left (Permanent filter panel on the left side),Yes (Always visible sidebar with filters),Modal Popup (Product details appear in a centered overlay),Recent 3- 5 (Show a few recent reviews),Compact stacked cards (more products per screen),"Moderate (Balanced - some details visible, click for more)","Balanced (50% images, 50% text - equal emphasis)",Balanced,Bottom Nav (Navigation bar at the bottom - mobile style),"Icon Only (Magnifying glass icon, opens search when clicked)",Visual Grid (Category tiles with images),Card with Shadow (Raised card effect with drop shadow),Strike-through Original (Shows original price crossed out with sale price),Bottom Sheet (Slides up from bottom mobile style),No Quick View (I prefer to go to the full product page),Summary Only (Average rating and total count),Yes (Header stays at top while scrolling),"Large (Easier to tap, less content visible)",Somewhat Different (Adapted but recognizable),3,"quick and responsive, no ads or pop ups, saves info(no need to log in every time)","ads, multiple redirections, unresponsiveness"
29/04/2026 11:08:02,Yes,18-24,Male,Undergraduate,Laptop/Desktop,Need-based (I shop when I need something specific),Moderate (15-30 minutes - I compare a few options),Moderately important (I balance price and quality),Sometimes read reviews (For certain product types),Balanced (I mix familiar and new brands),Slight influence (I notice but don't rely on them),"The Researcher (I thoroughly research products, read reviews, compare options, and take my time making informed decisions)",3,3,4,2,4,3,4,5,4,4,3,3,Neutral,"3. Rounded Friendly (Soft, approachable fonts with rounded edges)","2. Medium (14-16px - Standard size, balanced)","Vibrant Bold (Bright, energetic colors - exciting and dynamic)","Blue (Trustworthy, professional, calm)","Pure White (Clean, bright, maximum contrast)","Spacious (Lots of spacing - clean, uncluttered, breathing room)","Outlined (Border only, no fill color)",Medium Split (Takes up half the screen),New Arrivals (Latest products added),Customer Reviews (Written reviews with ratings),Both (Show both stock and time based urgency),Rounded Corners,Progress Bar (Multi step with visual progress indicator),Underlined/ Minimal (Line underneath only),Expandable Sections (Organized into collapsible sections),3,"3 Columns (Balanced view, moderate item size)","Moderate (Balanced - some details visible, click for more)","Image-focused (80% images, 20% text - highly visual)",Balanced,Combination of top bar and dropdowns,Collapsible (Search bar that expands when clicked),Mega Menu with Images (Large dropdown with category images and subcategories),3,"Badge Heavy (Shows bestseller, new, sale badges prominently)",Strike-through Original (Shows original price crossed out with sale price),Top Bar (Filters displayed across the top),No (Prefer filters in a different location),Modal Popup (Product details appear in a centered overlay),All Paginated (Show all reviews with pagination),Swipeable horizontal cards (carousel style),"Moderate (Balanced - some details visible, click for more)","Balanced (50% images, 50% text - equal emphasis)",Balanced,Hamburger Menu (Three-line icon that opens a side menu),"Always Visible Top (Large, prominent search bar always shown)",Mega Menu with Images (Large dropdown with category images and subcategories),"Info Rich (Lots of details, ratings, specs visible)",Strike-through Original (Shows original price crossed out with sale price),Bottom Sheet (Slides up from bottom mobile style),No Quick View (I prefer to go to the full product page),Collapsible Sections (Reviews can be expanded or collapsed within the product details),No (Header scrolls away with content),"Standard (Normal size, more content visible)",Somewhat Different (Adapted but recognizable),4,nan,nan
29/04/2026 13:59:58,Yes,18-24,Female,Undergraduate,Smartphone,Deal-hunting (I look for sales and discounts),Quick (5-15 minutes - I know what I want),Moderately important (I balance price and quality),Rarely read reviews (Only for expensive items),Balanced (I mix familiar and new brands),Moderate influence (They help me decide),"The Minimalist (I want simple, efficient shopping. Show me what I need with minimal fuss)",3,3,4,4,2,3,4,3,3,4,4,2,Bored,"3. Rounded Friendly (Soft, approachable fonts with rounded edges)","2. Medium (14-16px - Standard size, balanced)","Warm Earthy (Browns, beiges, warm oranges - natural and cozy)","Green (Natural, positive, go-ahead)","Light Gray (Soft, reduces eye strain)",Balanced (Moderate spacing - comfortable middle ground),"Pill-shaped (Fully rounded ends, very smooth)",Medium Split (Takes up half the screen),Deals (Products on sale or special offers),"Bestseller Badges (""Most Popular"" or ""Bestseller"" tags)",Both (Show both stock and time based urgency),Rounded Corners,One Page (All checkout steps on a single scrolling page),Material Design Style (Underline-focused field with animated label and focus accent),Expandable Sections (Organized into collapsible sections),3,"3 Columns (Balanced view, moderate item size)","Detailed (All information visible - specs, reviews, descriptions)","Balanced (50% images, 50% text - equal emphasis)",Spacious (clean and uncluttered),Mega Menu (Dropdown with images and subcategories),Collapsible (Search bar that expands when clicked),Text List (Simple text links),3,"Info Rich (Lots of details, ratings, specs visible)",With Savings Highlighted (Shows discount amount prominently),Top Bar (Filters displayed across the top),Yes (Always visible sidebar with filters),Sidebar Slide (Details slide in from the right),Recent 3- 5 (Show a few recent reviews),List view with expandable details,"Moderate (Balanced - some details visible, click for more)","Balanced (50% images, 50% text - equal emphasis)",Balanced,Bottom Nav (Navigation bar at the bottom - mobile style),"Always Visible Top (Large, prominent search bar always shown)",Dropdown Menu (Text-based dropdown list),"Info Rich (Lots of details, ratings, specs visible)",Strike-through Original (Shows original price crossed out with sale price),Drawer Overlay (Slides in from the side when clicked),Slide-Up Panel (Preview product details in a slide-up panel without leaving the product lis),Collapsible Sections (Reviews can be expanded or collapsed within the product details),No (Header scrolls away with content),"Standard (Normal size, more content visible)","Yes, Very Different (Completely different design for each device)",4,nan,nan
29/04/2026 14:02:19,Yes,18-24,Female,Undergraduate,Smartphone,Need-based (I shop when I need something specific),Moderate (15-30 minutes - I compare a few options),Very important (I always look for the best price),Often read reviews (For most purchases),Balanced (I mix familiar and new brands),Moderate influence (They help me decide),"The Deal Hunter (I'm motivated by sales, discounts, and getting the best value. I wait for promotions)",3,2,4,4,2,3,2,4,2,4,4,4,Bored,2. Classic Serif (Traditional fonts with decorative strokes like Times New Roman),"2. Medium (14-16px - Standard size, balanced)","Pastel Soft (Light, muted colors - gentle and soothing)","Green (Natural, positive, go-ahead)","Cream/Off-white (Warm, comfortable, paper-like)",Balanced (Moderate spacing - comfortable middle ground),"Rounded Corners (Soft, modern rounded edges)",Small Strip (Thin banner across the top),Category based (Similar items from the same category),User Photos (Photos uploaded by customers),"Stock Numbers (Show ""Only 3 left in stock"")",Rounded Corners,One Page (All checkout steps on a single scrolling page),Outlined (Border around the field),Detailed Full (All specifications and information visible),3,"3 Columns (Balanced view, moderate item size)","Moderate (Balanced - some details visible, click for more)","Balanced (50% images, 50% text - equal emphasis)",Balanced,Sidebar (Permanent navigation panel on the left),"Always Visible Top (Large, prominent search bar always shown)",Text List (Simple text links),3,"Info Rich (Lots of details, ratings, specs visible)",Bold Large (Price is the most prominent element),Top Bar (Filters displayed across the top),No (Prefer filters in a different location),Modal Popup (Product details appear in a centered overlay),All Paginated (Show all reviews with pagination),Compact stacked cards (more products per screen),"Moderate (Balanced - some details visible, click for more)","Balanced (50% images, 50% text - equal emphasis)",Balanced,Full-screen category menu,"Always Visible Top (Large, prominent search bar always shown)",Dropdown Menu (Text-based dropdown list),"Info Rich (Lots of details, ratings, specs visible)",Strike-through Original (Shows original price crossed out with sale price),Full-Screen Overlay (Displayed across screen),Direct navigation (Each product card includes a button that takes you directly to the product page when tapped),Ratings Bar Only (Visual breakdown of star ratings),Yes (Header stays at top while scrolling),"Large (Easier to tap, less content visible)",Somewhat Different (Adapted but recognizable),4,nan,nan
29/04/2026 14:05:16,Yes,18-24,Male,Undergraduate,Smartphone,Need-based (I shop when I need something specific),Moderate (15-30 minutes - I compare a few options),Important (Price is a major factor in my decisions),Often read reviews (For most purchases),Often try new brands (I'm open to switching),Slight influence (I notice but don't rely on them),"The Impulsive Buyer (I make quick decisions based on intuition and emotion. If I like it, I buy it)",3,3,3,5,3,3,3,4,1,3,4,2,Neutral,"4. Bold Impact (Strong, attention-grabbing fonts)","3. Large (16-18px - Easy to read, comfortable)",Dark Mode (Dark backgrounds with light text - modern and easy on eyes),"Blue (Trustworthy, professional, calm)","Soft Color (Subtle tint - light blue, pink, etc.)",Balanced (Moderate spacing - comfortable middle ground),"Outlined (Border only, no fill color)",Medium Split (Takes up half the screen),Deals (Products on sale or special offers),User Photos (Photos uploaded by customers),Both (Show both stock and time based urgency),Rounded Corners,Accordion (Expandable sections on one page),Outlined (Border around the field),Moderate (Key details with option to expand),3,"3 Columns (Balanced view, moderate item size)","Moderate (Balanced - some details visible, click for more)","Image-focused (80% images, 20% text - highly visual)",Balanced,Mega Menu (Dropdown with images and subcategories),"Always Visible Top (Large, prominent search bar always shown)",Mega Menu with Images (Large dropdown with category images and subcategories),3,"Image Heavy (Large, prominent product photos)",With Comparison (Shows similar products' prices),Sidebar Left (Permanent filter panel on the left side),Yes (Always visible sidebar with filters),Sidebar Slide (Details slide in from the right),Summary Only (Average rating and total count),Compact stacked cards (more products per screen),"Minimal (Only key information - product name, price, image)","Balanced (50% images, 50% text - equal emphasis)",Compact (more content visible),Bottom Nav (Navigation bar at the bottom - mobile style),"Icon Only (Magnifying glass icon, opens search when clicked)",Visual Grid (Category tiles with images),"Badge Heavy (Shows bestseller, new, sale badges prominently)",Strike-through Original (Shows original price crossed out with sale price),Drawer Overlay (Slides in from the side when clicked),No Quick View (I prefer to go to the full product page),Collapsible Sections (Reviews can be expanded or collapsed within the product details),Yes (Header stays at top while scrolling),"Standard (Normal size, more content visible)","Yes, Very Different (Completely different design for each device)",3,"easy secure paying ,fast delivery","delayed purchases , expensive shipping, scetchy website"
29/04/2026 14:05:23,Yes,18-24,Female,Undergraduate,Smartphone,Need-based (I shop when I need something specific),Quick (5-15 minutes - I know what I want),Moderately important (I balance price and quality),Sometimes read reviews (For certain product types),Balanced (I mix familiar and new brands),Slight influence (I notice but don't rely on them),"The Impulsive Buyer (I make quick decisions based on intuition and emotion. If I like it, I buy it)",3,5,5,5,2,3,1,5,2,5,2,2,Bored,2. Classic Serif (Traditional fonts with decorative strokes like Times New Roman),"3. Large (16-18px - Easy to read, comfortable)",Cool Blues (Blues and grays - calm and trustworthy),"Pink (Playful, modern, soft)","Light Gray (Soft, reduces eye strain)",Balanced (Moderate spacing - comfortable middle ground),"Rounded Corners (Soft, modern rounded edges)",Medium Split (Takes up half the screen),Category based (Similar items from the same category),User Photos (Photos uploaded by customers),"Stock Numbers (Show ""Only 3 left in stock"")",Rounded Corners,One Page (All checkout steps on a single scrolling page),Underlined/ Minimal (Line underneath only),Brief Summary (Just the essential information),3,"2 Columns (Large product images, fewer items per row)","Moderate (Balanced - some details visible, click for more)","Image-focused (80% images, 20% text - highly visual)",Spacious (clean and uncluttered),Combination of top bar and dropdowns,"Icon Only (Magnifying glass icon, opens search when clicked)",Text List (Simple text links),3,"Minimal Clean (Simple image, name, price - no clutter)",Bold Large (Price is the most prominent element),Sidebar Left (Permanent filter panel on the left side),No (Prefer filters in a different location),Modal Popup (Product details appear in a centered overlay),Summary Only (Average rating and total count),Swipeable horizontal cards (carousel style),"Detailed (All information visible - specs, reviews, descriptions)","Image-focused (80% images, 20% text - highly visual)",Balanced,Bottom Nav (Navigation bar at the bottom - mobile style),Collapsible (Search bar that expands when clicked),Dropdown Menu (Text-based dropdown list),Card with Shadow (Raised card effect with drop shadow),Bold Large (Price is the most prominent element),Drawer Overlay (Slides in from the side when clicked),Slide-Up Panel (Preview product details in a slide-up panel without leaving the product lis),Collapsible Sections (Reviews can be expanded or collapsed within the product details),Yes (Header stays at top while scrolling),"Large (Easier to tap, less content visible)",Similar (Mostly the same with minor adjustments),3,nan,nan
29/04/2026 14:06:28,Yes,18-24,Female,Undergraduate,Laptop/Desktop,Entertainment (I browse for fun and enjoyment),Research-heavy (30+ minutes - I thoroughly research before buying),Moderately important (I balance price and quality),Rarely read reviews (Only for expensive items),Balanced (I mix familiar and new brands),Slight influence (I notice but don't rely on them),"The Impulsive Buyer (I make quick decisions based on intuition and emotion. If I like it, I buy it)",3,3,4,5,3,3,4,4,4,4,5,5,Happy,2. Classic Serif (Traditional fonts with decorative strokes like Times New Roman),"2. Medium (14-16px - Standard size, balanced)","Warm Earthy (Browns, beiges, warm oranges - natural and cozy)","Purple (Creative, luxurious, unique)","Soft Color (Subtle tint - light blue, pink, etc.)",Balanced (Moderate spacing - comfortable middle ground),Raised / Shadowed (Button with shadow or depth effect),Medium Split (Takes up half the screen),Deals (Products on sale or special offers),Customer Reviews (Written reviews with ratings),"Stock Numbers (Show ""Only 3 left in stock"")",Rounded Corners,"Multi step (Separate pages for shipping, payment, review)",Underlined/ Minimal (Line underneath only),Moderate (Key details with option to expand),3,"4 Columns (Compact view, many items visible at once)","Minimal (Only key information - product name, price, image)","Balanced (50% images, 50% text - equal emphasis)",Compact (more content visible),Mega Menu (Dropdown with images and subcategories),"Icon Only (Magnifying glass icon, opens search when clicked)",Visual Grid (Category tiles with images),3,"Image Heavy (Large, prominent product photos)",Bold Large (Price is the most prominent element),Sidebar Left (Permanent filter panel on the left side),Yes (Always visible sidebar with filters),New Tab (Opens product in a new browser tab),Summary Only (Average rating and total count),Swipeable horizontal cards (carousel style),"Detailed (All information visible - specs, reviews, descriptions)","Image-focused (80% images, 20% text - highly visual)",Balanced,Full-screen category menu,Collapsible (Search bar that expands when clicked),Dropdown Menu (Text-based dropdown list),"Image Heavy (Large, prominent product photos)",Bold Large (Price is the most prominent element),Drawer Overlay (Slides in from the side when clicked),No Quick View (I prefer to go to the full product page),Summary Only (Average rating and total count),Yes (Header stays at top while scrolling),"Large (Easier to tap, less content visible)",Somewhat Different (Adapted but recognizable),3,easy and amazing userunterface,having to put in the my details everytime or when i put something the cart and when i go to another website and comeback its not there
29/04/2026 14:08:33,Yes,18-24,Male,Undergraduate,Smartphone,Deal-hunting (I look for sales and discounts),Moderate (15-30 minutes - I compare a few options),Very important (I always look for the best price),Often read reviews (For most purchases),Balanced (I mix familiar and new brands),No influence (I ignore these indicators),"The Minimalist (I want simple, efficient shopping. Show me what I need with minimal fuss)",3,3,1,3,5,3,2,2,2,4,1,3,Bored,2. Classic Serif (Traditional fonts with decorative strokes like Times New Roman),"3. Large (16-18px - Easy to read, comfortable)","Minimalist Black & White (Clean, high contrast, professional)","Pink (Playful, modern, soft)",Dark (Dark gray or black background),Balanced (Moderate spacing - comfortable middle ground),"Rounded Corners (Soft, modern rounded edges)",Small Strip (Thin banner across the top),Deals (Products on sale or special offers),User Photos (Photos uploaded by customers),Only on Request (Show only if I ask),Rounded Corners,Progress Bar (Multi step with visual progress indicator),Rounded Border Fields (Outlined field with rounded corners),Brief Summary (Just the essential information),3,"2 Columns (Large product images, fewer items per row)","Minimal (Only key information - product name, price, image)","Image-focused (80% images, 20% text - highly visual)",Spacious (clean and uncluttered),Top Bar (Categories always visible across the top),Collapsible (Search bar that expands when clicked),Text List (Simple text links),3,"Minimal Clean (Simple image, name, price - no clutter)",With Savings Highlighted (Shows discount amount prominently),Sidebar Left (Permanent filter panel on the left side),Yes (Always visible sidebar with filters),Sidebar Slide (Details slide in from the right),Recent 3- 5 (Show a few recent reviews),Single-column large cards (easy to scroll and tap),"Moderate (Balanced - some details visible, click for more)","Balanced (50% images, 50% text - equal emphasis)",Balanced,Full-screen category menu,Collapsible (Search bar that expands when clicked),Dropdown Menu (Text-based dropdown list),"Info Rich (Lots of details, ratings, specs visible)",Strike-through Original (Shows original price crossed out with sale price),Drawer Overlay (Slides in from the side when clicked),No Quick View (I prefer to go to the full product page),Collapsible Sections (Reviews can be expanded or collapsed within the product details),No (Header scrolls away with content),"Large (Easier to tap, less content visible)",Similar (Mostly the same with minor adjustments),1,nan,nan
29/04/2026 14:09:00,Yes,18-24,Female,Undergraduate,Smartphone,Need-based (I shop when I need something specific),Quick (5-15 minutes - I know what I want),Very important (I always look for the best price),Always read reviews (I won't buy without checking reviews),Balanced (I mix familiar and new brands),Slight influence (I notice but don't rely on them),"The Browser (I enjoy browsing and discovering products, often without immediate purchase intent)",3,1,3,2,3,3,1,3,2,2,2,5,Relaxed,"3. Rounded Friendly (Soft, approachable fonts with rounded edges)","2. Medium (14-16px - Standard size, balanced)","Pastel Soft (Light, muted colors - gentle and soothing)","Blue (Trustworthy, professional, calm)","Pure White (Clean, bright, maximum contrast)",Balanced (Moderate spacing - comfortable middle ground),"Outlined (Border only, no fill color)",Medium Split (Takes up half the screen),Deals (Products on sale or special offers),User Photos (Photos uploaded by customers),Only on Request (Show only if I ask),Rounded Corners,One Page (All checkout steps on a single scrolling page),Underlined/ Minimal (Line underneath only),Brief Summary (Just the essential information),3,List View (One product per row with details on the side),"Moderate (Balanced - some details visible, click for more)","Balanced (50% images, 50% text - equal emphasis)",Spacious (clean and uncluttered),Mega Menu (Dropdown with images and subcategories),"Always Visible Top (Large, prominent search bar always shown)",Visual Grid (Category tiles with images),3,"Badge Heavy (Shows bestseller, new, sale badges prominently)",With Comparison (Shows similar products' prices),Top Bar (Filters displayed across the top),Yes (Always visible sidebar with filters),Sidebar Slide (Details slide in from the right),All Paginated (Show all reviews with pagination),Single-column large cards (easy to scroll and tap),"Moderate (Balanced - some details visible, click for more)","Balanced (50% images, 50% text - equal emphasis)",Balanced,Full-screen category menu,Collapsible (Search bar that expands when clicked),Visual Grid (Category tiles with images),"Info Rich (Lots of details, ratings, specs visible)",Bold Large (Price is the most prominent element),Full-Screen Overlay (Displayed across screen),No Quick View (I prefer to go to the full product page),Collapsible Sections (Reviews can be expanded or collapsed within the product details),No (Header scrolls away with content),"Large (Easier to tap, less content visible)",Somewhat Different (Adapted but recognizable),3,"fj,gfdjkgfd",dfdfdfd
29/04/2026 15:32:36,Yes,18-24,Female,Undergraduate,Smartphone,Entertainment (I browse for fun and enjoyment),Research-heavy (30+ minutes - I thoroughly research before buying),Moderately important (I balance price and quality),Always read reviews (I won't buy without checking reviews),Always try new brands (I love discovering new products),Moderate influence (They help me decide),"The Browser (I enjoy browsing and discovering products, often without immediate purchase intent)",3,3,5,2,2,3,4,4,2,5,5,5,Relaxed,"4. Bold Impact (Strong, attention-grabbing fonts)","3. Large (16-18px - Easy to read, comfortable)","Vibrant Bold (Bright, energetic colors - exciting and dynamic)","Orange (Energetic, friendly, warm)","Cream/Off-white (Warm, comfortable, paper-like)",Compact (Minimal spacing - more content visible at once),"Rounded Corners (Soft, modern rounded edges)",Medium Split (Takes up half the screen),Deals (Products on sale or special offers),User Photos (Photos uploaded by customers),"Countdown Timers (Show ""Sale ends in 2 hours"")",Rounded Corners,One Page (All checkout steps on a single scrolling page),Underlined/ Minimal (Line underneath only),Expandable Sections (Organized into collapsible sections),3,"3 Columns (Balanced view, moderate item size)","Moderate (Balanced - some details visible, click for more)","Image-focused (80% images, 20% text - highly visual)",Balanced,Mega Menu (Dropdown with images and subcategories),Collapsible (Search bar that expands when clicked),Mega Menu with Images (Large dropdown with category images and subcategories),3,"Info Rich (Lots of details, ratings, specs visible)",With Savings Highlighted (Shows discount amount prominently),Sidebar Left (Permanent filter panel on the left side),Yes (Always visible sidebar with filters),Sidebar Slide (Details slide in from the right),All Paginated (Show all reviews with pagination),Compact stacked cards (more products per screen),"Moderate (Balanced - some details visible, click for more)","Balanced (50% images, 50% text - equal emphasis)",Balanced,Bottom Nav (Navigation bar at the bottom - mobile style),Collapsible (Search bar that expands when clicked),Visual Grid (Category tiles with images),"Info Rich (Lots of details, ratings, specs visible)",Simple Display (Price is visible but not emphasized),Bottom Sheet (Slides up from bottom mobile style),Slide-Up Panel (Preview product details in a slide-up panel without leaving the product lis),Collapsible Sections (Reviews can be expanded or collapsed within the product details),No (Header scrolls away with content),"Standard (Normal size, more content visible)",Somewhat Different (Adapted but recognizable),2,nan,nan
29/04/2026 19:55:10,Yes,18-24,Male,Undergraduate,Smartphone,Need-based (I shop when I need something specific),Moderate (15-30 minutes - I compare a few options),Moderately important (I balance price and quality),Always read reviews (I won't buy without checking reviews),Balanced (I mix familiar and new brands),Moderate influence (They help me decide),"The Minimalist (I want simple, efficient shopping. Show me what I need with minimal fuss)",3,2,4,3,5,3,2,5,4,3,3,4,Neutral,"3. Rounded Friendly (Soft, approachable fonts with rounded edges)","2. Medium (14-16px - Standard size, balanced)","Minimalist Black & White (Clean, high contrast, professional)","Blue (Trustworthy, professional, calm)","Soft Color (Subtle tint - light blue, pink, etc.)","Spacious (Lots of spacing - clean, uncluttered, breathing room)","Rounded Corners (Soft, modern rounded edges)",Medium Split (Takes up half the screen),Trending (What's popular right now),Customer Reviews (Written reviews with ratings),Both (Show both stock and time based urgency),Rounded Corners,Progress Bar (Multi step with visual progress indicator),Rounded Border Fields (Outlined field with rounded corners),Moderate (Key details with option to expand),3,"4 Columns (Compact view, many items visible at once)","Minimal (Only key information - product name, price, image)","Balanced (50% images, 50% text - equal emphasis)",Balanced,Combination of top bar and dropdowns,Collapsible (Search bar that expands when clicked),Visual Grid (Category tiles with images),3,"Minimal Clean (Simple image, name, price - no clutter)",Strike-through Original (Shows original price crossed out with sale price),Top Bar (Filters displayed across the top),Yes (Always visible sidebar with filters),Sidebar Slide (Details slide in from the right),Summary Only (Average rating and total count),Compact stacked cards (more products per screen),"Moderate (Balanced - some details visible, click for more)","Balanced (50% images, 50% text - equal emphasis)",Balanced,Bottom Nav (Navigation bar at the bottom - mobile style),Collapsible (Search bar that expands when clicked),Visual Grid (Category tiles with images),"Minimal Clean (Simple image, name, price - no clutter)",Strike-through Original (Shows original price crossed out with sale price),Drawer Overlay (Slides in from the side when clicked),Direct navigation (Each product card includes a button that takes you directly to the product page when tapped),Summary Only (Average rating and total count),No (Header scrolls away with content),"Large (Easier to tap, less content visible)",Similar (Mostly the same with minor adjustments),5,nan,nan
03/05/2026 16:21:29,Yes,18-24,Male,Undergraduate,Smartphone,Need-based (I shop when I need something specific),Moderate (15-30 minutes - I compare a few options),Important (Price is a major factor in my decisions),Sometimes read reviews (For certain product types),Prefer familiar brands (I stick with what works),Strong influence (They significantly affect my choices),"The Minimalist (I want simple, efficient shopping. Show me what I need with minimal fuss)",3,3,5,3,4,3,4,3,2,4,4,3,Relaxed,2. Classic Serif (Traditional fonts with decorative strokes like Times New Roman),4. Extra Large (18+px - Maximum readability),Cool Blues (Blues and grays - calm and trustworthy),"Blue (Trustworthy, professional, calm)","Soft Color (Subtle tint - light blue, pink, etc.)",Compact (Minimal spacing - more content visible at once),"Outlined (Border only, no fill color)",Large Full screen (Takes up entire first screen),Deals (Products on sale or special offers),Ratings Only (Star ratings without detailed reviews),Only on Request (Show only if I ask),Rounded Corners,Accordion (Expandable sections on one page),Rounded Border Fields (Outlined field with rounded corners),Expandable Sections (Organized into collapsible sections),3,Mixed (Combination of different layouts),"Detailed (All information visible - specs, reviews, descriptions)","Text-focused (20% images, 80% text - detailed descriptions)",Spacious (clean and uncluttered),Sidebar (Permanent navigation panel on the left),"Icon Only (Magnifying glass icon, opens search when clicked)",Dropdown Menu (Text-based dropdown list),3,Card with Shadow (Raised card effect with drop shadow),Strike-through Original (Shows original price crossed out with sale price),Top Bar (Filters displayed across the top),No (Prefer filters in a different location),New Tab (Opens product in a new browser tab),All Paginated (Show all reviews with pagination),Compact stacked cards (more products per screen),"Detailed (All information visible - specs, reviews, descriptions)","Image-focused (80% images, 20% text - highly visual)",Spacious (clean and uncluttered),Bottom Nav (Navigation bar at the bottom - mobile style),Collapsible (Search bar that expands when clicked),Dropdown Menu (Text-based dropdown list),Card with Shadow (Raised card effect with drop shadow),Simple Display (Price is visible but not emphasized),Drawer Overlay (Slides in from the side when clicked),Slide-Up Panel (Preview product details in a slide-up panel without leaving the product lis),Ratings Bar Only (Visual breakdown of star ratings),Yes (Header stays at top while scrolling),"Standard (Normal size, more content visible)","Yes, Very Different (Completely different design for each device)",3,"I like simple easy websites, I like brands that sells specific things and not large websites that are well organized, I don't like brands that sell everything, I want websites that sell specific things but with great quality and pricing","Catfishing, when something tells you there is an add or specific offer that isn't real or has a condition that makes it impossible"
03/05/2026 18:07:45,Yes,18-24,Female,Undergraduate,Smartphone,Entertainment (I browse for fun and enjoyment),Quick (5-15 minutes - I know what I want),Moderately important (I balance price and quality),Often read reviews (For most purchases),Prefer familiar brands (I stick with what works),Strong influence (They significantly affect my choices),The Loyal Customer (I stick with brands and stores I trust. I value consistency and reliability),3,2,4,3,2,3,5,5,3,5,5,5,Sad,"3. Rounded Friendly (Soft, approachable fonts with rounded edges)","2. Medium (14-16px - Standard size, balanced)",Cool Blues (Blues and grays - calm and trustworthy),"Green (Natural, positive, go-ahead)","Pure White (Clean, bright, maximum contrast)",Balanced (Moderate spacing - comfortable middle ground),"Outlined (Border only, no fill color)",Small Strip (Thin banner across the top),New Arrivals (Latest products added),User Photos (Photos uploaded by customers),"Stock Numbers (Show ""Only 3 left in stock"")",Rounded Corners,One Page (All checkout steps on a single scrolling page),Rounded Border Fields (Outlined field with rounded corners),Detailed Full (All specifications and information visible),3,"3 Columns (Balanced view, moderate item size)","Minimal (Only key information - product name, price, image)","Image-focused (80% images, 20% text - highly visual)",Spacious (clean and uncluttered),Top Bar (Categories always visible across the top),"Icon Only (Magnifying glass icon, opens search when clicked)",Mega Menu with Images (Large dropdown with category images and subcategories),3,Card with Shadow (Raised card effect with drop shadow),With Savings Highlighted (Shows discount amount prominently),Sidebar Left (Permanent filter panel on the left side),Yes (Always visible sidebar with filters),Sidebar Slide (Details slide in from the right),Recent 3- 5 (Show a few recent reviews),Single-column large cards (easy to scroll and tap),"Moderate (Balanced - some details visible, click for more)","Balanced (50% images, 50% text - equal emphasis)",Balanced,Bottom Nav (Navigation bar at the bottom - mobile style),"Always Visible Top (Large, prominent search bar always shown)",Mega Menu with Images (Large dropdown with category images and subcategories),"Minimal Clean (Simple image, name, price - no clutter)",Strike-through Original (Shows original price crossed out with sale price),Bottom Sheet (Slides up from bottom mobile style),No Quick View (I prefer to go to the full product page),Summary Only (Average rating and total count),Yes (Header stays at top while scrolling),"Standard (Normal size, more content visible)",Somewhat Different (Adapted but recognizable),4,nan,nan
03/05/2026 18:18:05,Yes,25-34,Female,Graduate,Laptop/Desktop,Need-based (I shop when I need something specific),Research-heavy (30+ minutes - I thoroughly research before buying),Important (Price is a major factor in my decisions),Often read reviews (For most purchases),Balanced (I mix familiar and new brands),Strong influence (They significantly affect my choices),"The Researcher (I thoroughly research products, read reviews, compare options, and take my time making informed decisions)",3,4,3,4,2,3,5,3,2,5,2,4,Stressed,2. Classic Serif (Traditional fonts with decorative strokes like Times New Roman),"2. Medium (14-16px - Standard size, balanced)",Cool Blues (Blues and grays - calm and trustworthy),"Blue (Trustworthy, professional, calm)","Cream/Off-white (Warm, comfortable, paper-like)",Compact (Minimal spacing - more content visible at once),Raised / Shadowed (Button with shadow or depth effect),Medium Split (Takes up half the screen),Category based (Similar items from the same category),User Photos (Photos uploaded by customers),None (I find these annoying and manipulative),Rounded Corners,Progress Bar (Multi step with visual progress indicator),Floating Labels (Label moves up when you type),Expandable Sections (Organized into collapsible sections),3,List View (One product per row with details on the side),"Moderate (Balanced - some details visible, click for more)","Balanced (50% images, 50% text - equal emphasis)",Spacious (clean and uncluttered),Top Bar (Categories always visible across the top),Collapsible (Search bar that expands when clicked),Text List (Simple text links),3,"Minimal Clean (Simple image, name, price - no clutter)",Bold Large (Price is the most prominent element),Modal (Pops up in the center when clicked),Yes (Always visible sidebar with filters),Sidebar Slide (Details slide in from the right),Recent 3- 5 (Show a few recent reviews),Single-column large cards (easy to scroll and tap),"Moderate (Balanced - some details visible, click for more)","Balanced (50% images, 50% text - equal emphasis)",Balanced,Bottom Nav (Navigation bar at the bottom - mobile style),"Icon Only (Magnifying glass icon, opens search when clicked)",Dropdown Menu (Text-based dropdown list),Card with Shadow (Raised card effect with drop shadow),Strike-through Original (Shows original price crossed out with sale price),Bottom Sheet (Slides up from bottom mobile style),Slide-Up Panel (Preview product details in a slide-up panel without leaving the product lis),Ratings Bar Only (Visual breakdown of star ratings),Yes (Header stays at top while scrolling),"Standard (Normal size, more content visible)",Somewhat Different (Adapted but recognizable),4,Visual animation confirming adding to cart so I do recheck again. And smart search bar that can get a similar item based on my description,Pop ups and glitchy top or bottom bars that move while scrolling
03/05/2026 18:59:02,Yes,25-34,Male,Graduate,Smartphone,Need-based (I shop when I need something specific),Research-heavy (30+ minutes - I thoroughly research before buying),Moderately important (I balance price and quality),Often read reviews (For most purchases),Balanced (I mix familiar and new brands),Slight influence (I notice but don't rely on them),"The Researcher (I thoroughly research products, read reviews, compare options, and take my time making informed decisions)",3,3,3,4,3,3,4,3,3,4,3,4,Neutral,2. Classic Serif (Traditional fonts with decorative strokes like Times New Roman),4. Extra Large (18+px - Maximum readability),Dark Mode (Dark backgrounds with light text - modern and easy on eyes),"Green (Natural, positive, go-ahead)","Cream/Off-white (Warm, comfortable, paper-like)",Balanced (Moderate spacing - comfortable middle ground),"Flat (Solid color, no shadow or depth)",Medium Split (Takes up half the screen),Category based (Similar items from the same category),None (I don't need social proof indicators),None (I find these annoying and manipulative),Rounded Corners,Progress Bar (Multi step with visual progress indicator),Rounded Border Fields (Outlined field with rounded corners),Detailed Full (All specifications and information visible),3,List View (One product per row with details on the side),"Detailed (All information visible - specs, reviews, descriptions)","Image-focused (80% images, 20% text - highly visual)",Balanced,Mega Menu (Dropdown with images and subcategories),"Always Visible Top (Large, prominent search bar always shown)",Visual Grid (Category tiles with images),3,"Info Rich (Lots of details, ratings, specs visible)",Bold Large (Price is the most prominent element),Top Bar (Filters displayed across the top),Yes (Always visible sidebar with filters),Sidebar Slide (Details slide in from the right),All Paginated (Show all reviews with pagination),Compact stacked cards (more products per screen),"Moderate (Balanced - some details visible, click for more)","Balanced (50% images, 50% text - equal emphasis)",Balanced,Full-screen category menu,"Icon Only (Magnifying glass icon, opens search when clicked)",Dropdown Menu (Text-based dropdown list),"Minimal Clean (Simple image, name, price - no clutter)",Strike-through Original (Shows original price crossed out with sale price),Drawer Overlay (Slides in from the side when clicked),Direct navigation (Each product card includes a button that takes you directly to the product page when tapped),Collapsible Sections (Reviews can be expanded or collapsed within the product details),No (Header scrolls away with content),"Standard (Normal size, more content visible)","Yes, Very Different (Completely different design for each device)",3,nan,nan
03/05/2026 19:13:59,Yes,18-24,Female,Postgraduate,Smartphone,Need-based (I shop when I need something specific),Research-heavy (30+ minutes - I thoroughly research before buying),Somewhat unimportant (Price matters but isn't a dealbreaker),Always read reviews (I won't buy without checking reviews),Balanced (I mix familiar and new brands),Slight influence (I notice but don't rely on them),"The Researcher (I thoroughly research products, read reviews, compare options, and take my time making informed decisions)",3,5,5,2,3,3,3,5,2,5,2,5,Neutral,2. Classic Serif (Traditional fonts with decorative strokes like Times New Roman),"3. Large (16-18px - Easy to read, comfortable)","Pastel Soft (Light, muted colors - gentle and soothing)","Blue (Trustworthy, professional, calm)","Soft Color (Subtle tint - light blue, pink, etc.)",Balanced (Moderate spacing - comfortable middle ground),"Pill-shaped (Fully rounded ends, very smooth)",Small Strip (Thin banner across the top),Category based (Similar items from the same category),User Photos (Photos uploaded by customers),"Stock Numbers (Show ""Only 3 left in stock"")",Rounded Corners,Progress Bar (Multi step with visual progress indicator),Rounded Border Fields (Outlined field with rounded corners),Expandable Sections (Organized into collapsible sections),3,"4 Columns (Compact view, many items visible at once)","Moderate (Balanced - some details visible, click for more)","Image-focused (80% images, 20% text - highly visual)",Spacious (clean and uncluttered),Combination of top bar and dropdowns,"Icon Only (Magnifying glass icon, opens search when clicked)",Mega Menu with Images (Large dropdown with category images and subcategories),3,"Info Rich (Lots of details, ratings, specs visible)",With Comparison (Shows similar products' prices),Sidebar Left (Permanent filter panel on the left side),Yes (Always visible sidebar with filters),Sidebar Slide (Details slide in from the right),All Paginated (Show all reviews with pagination),List view with expandable details,"Moderate (Balanced - some details visible, click for more)","Image-focused (80% images, 20% text - highly visual)",Balanced,Bottom Nav (Navigation bar at the bottom - mobile style),"Icon Only (Magnifying glass icon, opens search when clicked)",Visual Grid (Category tiles with images),"Info Rich (Lots of details, ratings, specs visible)",Strike-through Original (Shows original price crossed out with sale price),Bottom Sheet (Slides up from bottom mobile style),Slide-Up Panel (Preview product details in a slide-up panel without leaving the product lis),Collapsible Sections (Reviews can be expanded or collapsed within the product details),Yes (Header stays at top while scrolling),"Standard (Normal size, more content visible)",Somewhat Different (Adapted but recognizable),3,"I love a clean, organized design where the colors and fonts are easy on the eyes. Having detailed product info, clear photos, and real customer reviews is what actually makes me trust the site and come back.","It’s frustrating when items aren't labeled as 'out of stock' in my country until the last step. I also leave sites that have messy designs, loud colors, or too many unnecessary pages to click through."
24/05/2026 11:00:14,Yes,18-24,Male,Undergraduate,Smartphone,Need-based (I shop when I need something specific),Moderate (15-30 minutes - I compare a few options),Important (Price is a major factor in my decisions),Often read reviews (For most purchases),Prefer familiar brands (I stick with what works),Moderate influence (They help me decide),The Loyal Customer (I stick with brands and stores I trust. I value consistency and reliability),3,4,5,4,5,3,4,5,5,4,1,4,Stressed,"1. Modern Sans-serif (Clean, contemporary fonts like Arial or Helvetica)",4. Extra Large (18+px - Maximum readability),Cool Blues (Blues and grays - calm and trustworthy),"Red (Bold, urgent, attention-grabbing)",Dark (Dark gray or black background),Compact (Minimal spacing - more content visible at once),"Rounded Corners (Soft, modern rounded edges)",Small Strip (Thin banner across the top),Category based (Similar items from the same category),User Photos (Photos uploaded by customers),"Countdown Timers (Show ""Sale ends in 2 hours"")",Rounded Corners,"Multi step (Separate pages for shipping, payment, review)","Filled Background (Shaded background, no border)",Brief Summary (Just the essential information),3,"3 Columns (Balanced view, moderate item size)","Moderate (Balanced - some details visible, click for more)","Balanced (50% images, 50% text - equal emphasis)",Spacious (clean and uncluttered),Combination of top bar and dropdowns,Collapsible (Search bar that expands when clicked),Text List (Simple text links),3,"Info Rich (Lots of details, ratings, specs visible)",With Comparison (Shows similar products' prices),Top Bar (Filters displayed across the top),No (Prefer filters in a different location),New Tab (Opens product in a new browser tab),Recent 3- 5 (Show a few recent reviews),Single-column large cards (easy to scroll and tap),"Minimal (Only key information - product name, price, image)","Balanced (50% images, 50% text - equal emphasis)",Spacious (clean and uncluttered),Swipe-based navigation,"Always Visible Top (Large, prominent search bar always shown)",Dropdown Menu (Text-based dropdown list),"Info Rich (Lots of details, ratings, specs visible)",Strike-through Original (Shows original price crossed out with sale price),Full-Screen Overlay (Displayed across screen),Direct navigation (Each product card includes a button that takes you directly to the product page when tapped),Ratings Bar Only (Visual breakdown of star ratings),No (Header scrolls away with content),"Extra Large (Maximum tap accuracy, minimal content)",Identical (Exactly the same on all devices),5,Convenient designs,Getting a different product on delivery
